year,state_id,state_name,product_id,us_product_name,avg_sale_price,price_volatility,min_sale_price,max_sale_price,total_quantity_sold_lb,avg_quantity_sold_lb,total_quantity_purchased_lb,avg_purchase_price,transaction_count,faostat_item_code,faostat_item_name,usa_production_tonnes,usa_area_harvested_ha,usa_yield_kg_per_ha,match_type,month,quarter,year_index,is_recent_year,is_harvest_season,years_since_start,production_lag_1y,production_yoy_growth,yield_efficiency_ratio,production_per_area,production_intensity_index,price_lag_1y,price_yoy_change,price_volatility_index,profit_margin_pct,price_zscore,rolling_avg_price_2y,rolling_std_price_2y,rolling_avg_volume_3y,rolling_avg_production_2y,price_per_production_ratio,demand_supply_index,price_volume_interaction,is_fruit,is_vegetable,is_herb
2019,1,California,100,Apples,1.9560493827160494,0.3430294412012826,1.37,2.87,48567.0,599.5925925925926,56727.0,1.3627160493827166,81,515.0,Apples,5028526.46,119301.0,42149.8,Exact,1,4,0,0,1,0,5028526.46,0.0,1.000002619104145,42.14991039471589,5.02852646,,,17.53684974583684,43.540496466751165,-0.5201642877761429,1.9560493827160494,,48567.0,5028526.46,8.56932491676358e-06,0.0004380934853937453,21.10718150179036,1,0,0
2019,10,Michigan,100,Apples,2.031097560975609,0.4396547638227094,1.18,2.97,42353.0,516.5,50175.0,1.3930487804878047,82,515.0,Apples,5028526.46,119301.0,42149.8,Exact,1,4,0,0,1,0,5028526.46,0.0,1.000002619104145,42.14991039471589,5.02852646,,,21.646166696765047,45.80232863520963,1.0314534814522966,2.031097560975609,,42353.0,5028526.46,7.759620472962616e-06,0.00038204075579882006,21.638944052684728,1,0,0
2019,11,New Jersey,100,Apples,1.976987951807228,0.3832204197286116,1.19,2.92,41819.0,503.8433734939759,50661.0,1.3625301204819273,83,515.0,Apples,5028526.46,119301.0,42149.8,Exact,1,4,0,0,1,0,5028526.46,0.0,1.000002619104145,42.14991039471589,5.02852646,,,19.38405438324991,45.096825537182745,-0.08726029706599389,1.976987951807228,,41819.0,5028526.46,7.457670368182469e-06,0.00037722386529291565,21.037385750201423,1,0,0
2019,12,Virginia,100,Apples,2.0799999999999996,0.42675661930567876,1.3,3.15,39734.0,593.044776119403,45912.0,1.4328358208955225,67,515.0,Apples,5028526.46,119301.0,42149.8,Exact,1,4,0,0,1,0,5028526.46,0.0,1.000002619104145,42.14991039471589,5.02852646,,,20.517145158926866,45.16666666666663,2.042509247342117,2.0799999999999996,,39734.0,5028526.46,7.455059942174923e-06,0.0003584163433737944,22.0271743959785,1,0,0
2019,13,Washington,100,Apples,2.044285714285714,0.4295901260736395,1.06,3.23,47812.0,569.1904761904761,56613.0,1.3773809523809524,84,515.0,Apples,5028526.46,119301.0,42149.8,Exact,1,4,0,0,1,0,5028526.46,0.0,1.000002619104145,42.14991039471589,5.02852646,,,21.01419205112143,48.41832324978391,1.3041179683702224,2.044285714285714,,47812.0,5028526.46,8.81665855137882e-06,0.00043128308776835603,22.027286607902454,1,0,0
2019,14,Arizona,100,Apples,1.979473684210526,0.36246017659773444,1.19,2.91,72167.0,759.6526315789474,85169.0,1.3754736842105268,95,515.0,Apples,5028526.46,119301.0,42149.8,Exact,1,4,0,0,1,0,5028526.46,0.0,1.000002619104145,42.14991039471589,5.02852646,,,18.310936866144523,43.91214509833926,-0.03586788946930548,1.979473684210526,,72167.0,5028526.46,1.2885874632190532e-05,0.0006509747886509444,22.14388122218867,1,0,0
2019,15,Massachusetts,100,Apples,1.9521839080459784,0.37530584516159154,1.3,3.0,63784.0,733.1494252873563,73521.0,1.337126436781609,87,515.0,Apples,5028526.46,119301.0,42149.8,Exact,1,4,0,0,1,0,5028526.46,0.0,1.000002619104145,42.14991039471589,5.02852646,,,19.224922591296774,45.99845267772729,-0.6000828057692252,1.9521839080459784,,63784.0,5028526.46,1.1232023332433325e-05,0.0005753568240236096,21.597544168990712,1,0,0
2019,2,Texas,100,Apples,2.025949367088607,0.3901528924085049,1.25,2.93,40329.0,510.49367088607596,47190.0,1.389746835443038,79,515.0,Apples,5028526.46,119301.0,42149.8,Exact,1,4,0,0,1,0,5028526.46,0.0,1.000002619104145,42.14991039471589,5.02852646,,,19.257781006105528,45.778304034975804,0.9250148003309694,2.025949367088607,,40329.0,5028526.46,7.370069068619854e-06,0.0003637834779262535,21.484890944344038,1,0,0
2019,3,Florida,100,Apples,2.049125000000001,0.41242780342500507,1.27,3.23,43949.0,549.3625,51580.0,1.3806249999999998,80,515.0,Apples,5028526.46,119301.0,42149.8,Exact,1,4,0,0,1,0,5028526.46,0.0,1.000002619104145,42.14991039471589,5.02852646,,,20.12702023668663,48.42009959257592,1.4041699866709396,2.049125000000001,,43949.0,5028526.46,8.123495925083297e-06,0.0003964373049512984,21.906801744467096,1,0,0
2019,4,New York,100,Apples,1.9166216216216219,0.35650232771061646,1.2,2.91,46749.0,631.7432432432432,54004.0,1.3191891891891887,74,515.0,Apples,5028526.46,119301.0,42149.8,Exact,1,4,0,0,1,0,5028526.46,0.0,1.000002619104145,42.14991039471589,5.02852646,,,18.600558591684138,45.28785085023568,-1.3353315061385014,1.9166216216216219,,46749.0,5028526.46,8.082286214842183e-06,0.0004216944087275762,20.608607258228226,1,0,0
2019,5,Illinois,100,Apples,1.9689772727272725,0.41776097156459147,1.22,3.21,60455.0,686.9886363636364,70838.0,1.3484090909090911,88,515.0,Apples,5028526.46,119301.0,42149.8,Exact,1,4,0,0,1,0,5028526.46,0.0,1.000002619104145,42.14991039471589,5.02852646,,,21.21715559397706,46.022248440923605,-0.2528807330618823,1.9689772727272725,,60455.0,5028526.46,1.0737383037251967e-05,0.0005453279317124564,21.677792189295513,1,0,0
2019,6,Pennsylvania,100,Apples,1.9577906976744184,0.4116120422487824,1.16,3.11,60949.0,708.7093023255813,70437.0,1.35546511627907,86,515.0,Apples,5028526.46,119301.0,42149.8,Exact,1,4,0,0,1,0,5028526.46,0.0,1.000002619104145,42.14991039471589,5.02852646,,,21.024312902176927,44.43681907866513,-0.4841626779584608,1.9577906976744184,,60949.0,5028526.46,1.0763620135582336e-05,0.0005497840064501282,21.57056423307789,1,0,0
2019,7,Ohio,100,Apples,1.9113924050632918,0.44607040428905725,1.08,2.96,46124.0,583.8481012658228,54192.0,1.333924050632911,79,515.0,Apples,5028526.46,119301.0,42149.8,Exact,1,4,0,0,1,0,5028526.46,0.0,1.000002619104145,42.14991039471589,5.02852646,,,23.33745823763941,43.29094704877594,-1.4434453274092398,1.9113924050632918,,46124.0,5028526.46,7.952475444897517e-06,0.0004160566623489429,20.526654020035032,1,0,0
2019,8,Georgia,100,Apples,2.043974358974359,0.42095852201384065,1.08,3.04,44969.0,576.525641025641,53458.0,1.4055128205128207,78,515.0,Apples,5028526.46,119301.0,42149.8,Exact,1,4,0,0,1,0,,,1.000002619104145,42.14991039471589,5.02852646,,,20.595097984745387,45.425522211073606,1.2976807110663722,2.043974358974359,,44969.0,5028526.46,8.291138898151668e-06,0.00040563810704122825,21.898632086678138,1,0,0
2019,9,North Carolina,100,Apples,2.0253086419753084,0.3741393003272748,1.25,3.13,49327.0,608.9753086419753,60118.0,1.3635802469135807,81,515.0,Apples,5028526.46,119301.0,42149.8,Exact,1,4,0,0,1,0,5028526.46,0.0,1.000002619104145,42.14991039471589,5.02852646,,,18.47319922371793,48.52874603893157,0.9117678369263886,2.0253086419753084,,49327.0,5028526.46,9.0115902453872e-06,0.00044494898499016357,21.8859857404711,1,0,0
2020,1,California,100,Apples,1.9476923076923078,0.3690033015617022,1.3,3.01,44189.0,566.525641025641,51609.0,1.3655128205128204,78,515.0,Apples,4665199.0,119707.0,38971.8,Exact,1,1,1,0,1,1,4665199.0,0.0,1.000000372417264,38.97181451377112,4.665199,1.9560493827160494,-0.4272425378206706,18.945667141793553,42.6344944136701,-0.6929464446029936,1.9518708452041786,0.005909344420172421,46378.0,4846862.73,8.36817214739811e-06,0.0004296454894003768,20.833011243732276,1,0,0
2020,10,Michigan,100,Apples,1.9106060606060604,0.37494154944626434,1.22,2.76,35221.0,533.6515151515151,40753.0,1.3289393939393943,66,515.0,Apples,4665199.0,119707.0,38971.8,Exact,1,1,1,0,1,1,4665199.0,0.0,1.000000372417264,38.97181451377112,4.665199,2.031097560975609,-5.932334452298401,19.624220668876642,43.76923953939112,-1.4597029643148904,1.9708518107908346,0.0852003569866492,38787.0,4665199.0,6.542879418543493e-06,0.000342450469170397,20.002949084505595,1,0,0
2020,11,New Jersey,100,Apples,2.014761904761905,0.39796614310942124,1.26,2.94,50058.0,595.9285714285714,59650.0,1.376071428571429,84,515.0,Apples,4665199.0,119707.0,38971.8,Exact,1,1,1,0,1,1,4665199.0,0.0,1.000000372417264,38.97181451377112,4.665199,1.976987951807228,1.910682000876466,19.75251478444303,46.414049658274905,0.6937145110867967,1.9958749282845665,0.026710218286473734,45938.5,4665199.0,9.806032036248797e-06,0.00048670922420521087,21.801653122872803,1,0,0
2020,12,Virginia,100,Apples,1.9937113402061855,0.39103580288880635,1.22,3.5,55974.0,577.0515463917526,66939.0,1.3929896907216495,97,515.0,Apples,4665199.0,119707.0,38971.8,Exact,1,1,1,0,1,1,4665199.0,0.0,1.000000372417264,38.97181451377112,4.665199,2.0799999999999996,-4.1484932593179895,19.61346133730504,43.12462995855535,0.2584950190962063,2.0368556701030927,0.061015296479705,47854.0,4665199.0,1.0850373942614125e-05,0.0005442299355879674,21.79656910077623,1,0,0
2020,13,Washington,100,Apples,1.97275,0.3679466630307211,1.18,3.12,49437.0,617.9625,58052.0,1.3643750000000001,80,515.0,Apples,4665199.0,119707.0,38971.8,Exact,1,1,1,0,1,1,4665199.0,0.0,1.000000372417264,38.97181451377112,4.665199,2.044285714285714,-3.4993011879804214,18.65145928428443,44.5900137425561,-0.17487976341048295,2.008517857142857,0.05058338866845177,48624.5,4665199.0,9.482443063511701e-06,0.0004806712996330858,21.322418342585774,1,0,0
2020,14,Arizona,100,Apples,1.9589705882352946,0.3561659000743449,1.2,2.95,46041.0,677.0735294117648,53065.0,1.347205882352941,68,515.0,Apples,4665199.0,119707.0,38971.8,Exact,1,1,1,0,1,1,4665199.0,0.0,1.000000372417264,38.97181451377112,4.665199,1.979473684210526,-1.035785226081888,18.181278586484083,45.40988975002735,-0.459768492750278,1.9692221362229103,0.014497878199404788,59104.0,4665199.0,8.769377113017471e-06,0.0004476523111517063,21.03407312014538,1,0,0
2020,15,Massachusetts,100,Apples,1.9075000000000002,0.40026459622098953,1.14,2.95,51214.0,609.6904761904761,61149.0,1.329404761904762,84,515.0,Apples,4665199.0,119707.0,38971.8,Exact,1,1,1,0,1,1,4665199.0,0.0,1.000000372417264,38.97181451377112,4.665199,1.9521839080459784,-2.2889189825718925,20.983727193760917,43.48526909644489,-1.5239206300921355,1.9298419540229892,0.03159629438922733,57499.0,4665199.0,9.498375333135587e-06,0.0004979489034409219,20.684525108080738,1,0,0
2020,2,Texas,100,Apples,1.9901369863013698,0.40539929956184667,1.2,2.87,38096.0,521.8630136986301,43588.0,1.353972602739726,73,515.0,Apples,4665199.0,119707.0,38971.8,Exact,1,1,1,0,1,1,4665199.0,0.0,1.000000372417264,38.97181451377112,4.665199,2.025949367088607,-1.7676839001510318,20.37042185298376,46.98502630513961,0.18459541006050584,2.008043176694988,0.025323177305090133,39212.5,4665199.0,7.3715434935506e-06,0.00037040382367097593,20.991747644086104,1,0,0
2020,3,Florida,100,Apples,2.004230769230769,0.40821282719644214,1.22,2.95,38584.0,494.6666666666667,45073.0,1.3764102564102563,78,515.0,Apples,4665199.0,119707.0,38971.8,Exact,1,1,1,0,1,1,5028526.46,-7.225326601940561,1.000000372417264,38.97181451377112,4.665199,2.049125000000001,-2.1908976157741433,20.367556144900202,45.6128912071535,0.47598374933866466,2.026677884615385,0.03174501501307766,41266.5,4665199.0,7.5188437067455676e-06,0.00037514860175663937,21.165917299194103,1,0,0
2020,4,New York,100,Apples,1.997065217391304,0.42991575470028154,1.13,2.93,51522.0,560.0217391304348,59584.0,1.3734782608695653,92,515.0,Apples,4665199.0,119707.0,38971.8,Exact,1,1,1,0,1,1,4665199.0,0.0,1.000000372417264,38.97181451377112,4.665199,1.9166216216216219,4.1971558111517115,21.527376820565998,45.40202595758148,0.3278362816947668,1.956843419506463,0.05688221207177166,49135.5,4665199.0,1.0004169564810895e-05,0.0005009435584622013,21.66772542160841,1,0,0
2020,5,Illinois,100,Apples,1.993111111111111,0.43918116976386423,1.3,3.25,47479.0,527.5444444444445,56096.0,1.3668888888888888,90,515.0,Apples,4665199.0,119707.0,38971.8,Exact,1,1,1,0,1,1,4665199.0,0.0,1.000000372417264,38.97181451377112,4.665199,1.9689772727272725,1.225704263737399,22.034956672286643,45.813688831084384,0.24608530907893866,1.981044191919192,0.017065200777272416,53967.0,4665199.0,9.200875554109039e-06,0.00046163384985495234,21.461947702044892,1,0,0
2020,6,Pennsylvania,100,Apples,2.0197560975609754,0.4362125872308788,1.22,3.09,47342.0,577.3414634146342,55408.0,1.4013414634146342,82,515.0,Apples,4665199.0,119707.0,38971.8,Exact,1,1,1,0,1,1,4665199.0,0.0,1.000000372417264,38.97181451377112,4.665199,1.9577906976744184,3.1650676428365534,21.597290274684255,44.130188843442674,0.7969692265202566,1.988773397617697,0.04381615445872059,54145.5,4665199.0,9.296973909900004e-06,0.0004603018117448378,21.74302633762412,1,0,0
2020,7,Ohio,100,Apples,2.0237974683544304,0.45550846145274526,1.23,3.5,46160.0,584.3037974683544,54049.0,1.380253164556962,79,515.0,Apples,4665199.0,119707.0,38971.8,Exact,1,1,1,0,1,1,4665199.0,0.0,1.000000372417264,38.97181451377112,4.665199,1.9113924050632918,5.880794701986722,22.507610992473655,46.62509170946442,0.8805243890916663,1.9675949367088612,0.0794823824928672,46142.0,4665199.0,9.082991999041334e-06,0.0004488093369553824,21.735363335295077,1,0,0
2020,8,Georgia,100,Apples,1.9973033707865167,0.38494321908604495,1.18,3.04,44733.0,502.6179775280899,53109.0,1.3686516853932584,89,515.0,Apples,4665199.0,119707.0,38971.8,Exact,1,1,1,0,1,1,4665199.0,0.0,1.000000372417264,38.97181451377112,4.665199,2.043974358974359,-2.2833450910441635,19.273147220217147,45.932189475412514,0.33276009261708006,2.020638864880438,0.033001372232300645,44851.0,4665199.0,8.686966426809694e-06,0.00043493475021718204,21.388101411152913,1,0,0
2020,9,North Carolina,100,Apples,1.9708888888888885,0.46108237204185143,1.24,3.51,51291.0,569.9,60496.0,1.3464444444444446,90,515.0,Apples,4665199.0,119707.0,38971.8,Exact,1,1,1,0,1,1,4665199.0,0.0,1.000000372417264,38.97181451377112,4.665199,2.0253086419753084,-2.686985675099062,23.39464059294545,46.377289981845145,-0.21335815339247172,1.9980987654320983,0.03848057643790505,50309.0,4665199.0,9.828774941029927e-06,0.0004986975671962418,21.37486170279382,1,0,0
2021,1,California,100,Apples,1.95551724137931,0.4045288922923531,1.12,3.09,43849.0,504.01149425287355,50819.0,1.3751724137931038,87,515.0,Apples,4568810.0,121205.0,37694.9,Exact,1,2,2,0,1,2,4568810.0,0.0,0.9999999224086856,37.694897075203166,4.56881,1.9476923076923078,0.40175409925366806,20.686541838261757,42.201604814443265,-0.5311662863985499,1.951604774535809,0.005533063672414317,45535.0,4617004.5,8.513036632433128e-06,0.0004353342661621597,20.901604695698502,1,0,0
2021,10,Michigan,100,Apples,1.9890410958904108,0.40880980494724517,1.1,2.96,37963.0,520.0410958904109,45411.0,1.3704109589041096,73,515.0,Apples,4568810.0,121205.0,37694.9,Exact,1,2,2,0,1,2,4568810.0,0.0,0.9999999224086856,37.694897075203166,4.56881,1.9106060606060604,4.105243718292724,20.553110028339464,45.14194322271091,0.16193792423999565,1.9498235782482356,0.05546194533217027,38512.333333333336,4568810.0,7.4966535441048235e-06,0.00037689787101904417,20.973232243911717,1,0,0
2021,11,New Jersey,100,Apples,1.9551807228915659,0.38827121978285517,1.22,3.05,49942.0,601.710843373494,58284.0,1.3657831325301204,83,515.0,Apples,4568810.0,121205.0,37694.9,Exact,1,2,2,0,1,2,4568810.0,0.0,0.9999999224086856,37.694897075203166,4.56881,2.014761904761905,-2.957231905641979,19.858584694341253,43.154551870148175,-0.5381237912623172,1.9849713138267355,0.04213025773162577,47273.0,4568810.0,9.6942897546438e-06,0.0004958257638867609,21.152391750172843,1,0,0
2021,12,Virginia,100,Apples,2.0397619047619044,0.3969005708103495,1.16,2.92,45465.0,541.25,53551.0,1.369404761904762,84,515.0,Apples,4568810.0,121205.0,37694.9,Exact,1,2,2,0,1,2,4665199.0,-2.0661283688005594,0.9999999224086856,37.694897075203166,4.56881,1.9937113402061855,2.3097909725966916,19.45818136341156,48.95244718769013,1.2105884063671137,2.016736622484045,0.032562666474817765,47057.666666666664,4568810.0,9.20703578762035e-06,0.0004513779655422607,21.875875443853698,1,0,0
2021,13,Washington,100,Apples,2.0075641025641033,0.36468875146881813,1.34,2.9,51678.0,662.5384615384615,59488.0,1.3806410256410255,78,515.0,Apples,4568810.0,121205.0,37694.9,Exact,1,2,2,0,1,2,4568810.0,0.0,0.9999999224086856,37.694897075203166,4.56881,1.97275,1.7647498448411272,18.16573383649518,45.40811588819767,0.544900268709395,1.9901570512820517,0.02461728800400144,49642.333333333336,4568810.0,1.0300024988821055e-05,0.000513060827082216,21.78770532050418,1,0,0
2021,14,Arizona,100,Apples,2.045522388059701,0.3861436519557533,1.21,2.91,40441.0,603.5970149253732,46926.0,1.3911940298507464,67,515.0,Apples,4568810.0,121205.0,37694.9,Exact,1,2,2,0,1,2,4568810.0,0.0,0.9999999224086856,37.694897075203166,4.56881,1.9589705882352946,4.418228652548327,18.877507975947083,47.03358008797334,1.3296861440002865,2.002246488147498,0.061201364579738335,52883.0,4568810.0,8.212762851959206e-06,0.00040149953380610504,21.698132637732865,1,0,0
2021,15,Massachusetts,100,Apples,2.019382716049382,0.4487603638887138,1.21,3.2,43293.0,534.4814814814815,51511.0,1.3882716049382715,81,515.0,Apples,4568810.0,121205.0,37694.9,Exact,1,2,2,0,1,2,4568810.0,0.0,0.9999999224086856,37.694897075203166,4.56881,1.9075000000000002,5.8654110641877635,22.222650531873715,45.460204535348986,0.7892495802673348,1.963441358024691,0.0791130272160867,52763.666666666664,4568810.0,8.67959529121303e-06,0.00042981428048435264,21.558464078173024,1,0,0
2021,2,Texas,100,Apples,2.011818181818182,0.43500673700992165,1.22,3.12,41332.0,536.7792207792207,49270.0,1.3928571428571426,77,515.0,Apples,4568810.0,121205.0,37694.9,Exact,1,2,2,0,1,2,4568810.0,0.0,0.9999999224086856,37.694897075203166,4.56881,1.9901369863013698,1.0894323187825592,21.622567135603873,44.43822843822849,0.6328531693048735,2.000977584059776,0.01533092037416939,39919.0,4568810.0,8.255403569354507e-06,0.00041034541013510877,21.384453359457034,1,0,0
2021,3,Florida,100,Apples,1.8139130434782609,0.3623002110197028,1.15,2.8,44997.0,489.0978260869565,52713.0,1.303369565217391,92,515.0,Apples,4568810.0,121205.0,37694.9,Exact,1,2,2,0,1,2,4568810.0,0.0,0.9999999224086856,37.694897075203166,4.56881,2.004230769230769,-9.495799020466729,19.973405689005666,39.171044950379496,-3.45882682068502,1.909071906354515,0.13457495445960016,42510.0,4568810.0,8.103323608154127e-06,0.00044673164666237996,19.434941523866268,1,0,0
2021,4,New York,100,Apples,1.972558139534884,0.4213903766357318,1.1,2.93,49507.0,575.6627906976744,59453.0,1.3530232558139532,86,515.0,Apples,4568810.0,121205.0,37694.9,Exact,1,2,2,0,1,2,4568810.0,0.0,0.9999999224086856,37.694897075203166,4.56881,1.997065217391304,-1.2271546088230794,21.362634043075296,45.7889309040908,-0.17884647004867713,1.9848116784630938,0.017329120939341285,49259.333333333336,4568810.0,9.695262716781075e-06,0.0004915070700561025,21.323135622599857,1,0,0
2021,5,Illinois,100,Apples,1.9673493975903613,0.40650828551046414,1.07,3.0,47252.0,569.3012048192771,55350.0,1.3327710843373495,83,515.0,Apples,4568810.0,121205.0,37694.9,Exact,1,2,2,0,1,2,4568810.0,0.0,0.9999999224086856,37.694897075203166,4.56881,1.993111111111111,-1.292537750511471,20.662739725254777,47.613451455433,-0.28653697958369395,1.9802302543507362,0.01821628232550731,51728.666666666664,4568810.0,9.229216870660301e-06,0.00046911935835924125,21.175115550081276,1,0,0
2021,6,Pennsylvania,100,Apples,2.0060000000000002,0.41610794607266294,1.12,3.23,44663.0,558.2875,52667.0,1.3806249999999995,80,515.0,Apples,4568810.0,121205.0,37694.9,Exact,1,2,2,0,1,2,4568810.0,0.0,0.9999999224086856,37.694897075203166,4.56881,2.0197560975609754,-0.6810771645936268,20.74316780023245,45.29651425984615,0.5125625173123581,2.012878048780488,0.009727029868029275,50984.666666666664,4568810.0,8.894918621902138e-06,0.00044341568404297787,21.478087712502337,1,0,0
2021,7,Ohio,100,Apples,2.0945333333333336,0.44905995907767904,1.18,3.19,51266.0,683.5466666666666,60114.0,1.3964,75,515.0,Apples,4568810.0,121205.0,37694.9,Exact,1,2,2,0,1,2,4568810.0,0.0,0.9999999224086856,37.694897075203166,4.56881,2.0237974683544304,3.495204736886008,21.439618645888295,49.995225818772084,2.3429852717984274,2.0591654008438818,0.050017809799678445,47850.0,4568810.0,1.066055631817645e-05,0.0005089704779828337,22.71480043295862,1,0,0
2021,8,Georgia,100,Apples,2.08,0.41828843803206456,1.26,3.02,47849.0,514.505376344086,56225.0,1.4135483870967742,93,515.0,Apples,4568810.0,121205.0,37694.9,Exact,1,2,2,0,1,2,4568810.0,0.0,0.9999999224086856,37.694897075203166,4.56881,1.9973033707865167,4.140414041404155,20.110021059233873,47.147421268827024,2.0425092473421262,2.0386516853932584,0.058475347298123675,45850.333333333336,4568810.0,9.880964981485054e-06,0.0004750463933406276,22.41371890551269,1,0,0
2021,9,North Carolina,100,Apples,1.9885185185185188,0.42929917048344945,1.2,3.07,50619.0,624.925925925926,58937.0,1.38358024691358,81,515.0,Apples,4568810.0,121205.0,37694.9,Exact,1,2,2,0,1,2,4568810.0,0.0,0.9999999224086856,37.694897075203166,4.56881,1.9708888888888885,0.8945014469876704,21.588894771937294,43.72267332916931,0.15113366016818897,1.9797037037037035,0.012466030660918887,50412.333333333336,4568810.0,9.993240982738914e-06,0.0005025470414117166,21.53983548928821,1,0,0
2022,1,California,100,Apples,2.0277215189873417,0.3651306382550428,1.34,3.02,41538.0,525.7974683544304,48632.0,1.3921518987341772,79,515.0,Apples,4524590.0,122338.0,36984.3,Exact,1,3,3,1,1,3,4524590.0,0.0,1.0000010402279311,36.98433847210188,4.52459,1.95551724137931,3.692336537882061,18.006942020193762,45.653755228223304,0.961653962528069,1.9916193801833257,0.051056134327315136,43192.0,4546700.0,8.44385793449114e-06,0.00041642098559510594,21.563577437440635,1,0,0
2022,10,Michigan,100,Apples,2.0068539325842707,0.41038672311950847,1.11,3.34,44917.0,504.685393258427,53113.0,1.3652808988764042,89,515.0,Apples,4524590.0,122338.0,36984.3,Exact,1,3,3,1,1,3,4524590.0,0.0,1.0000010402279311,36.98433847210188,4.52459,1.9890410958904108,0.8955489522395136,20.4492572407123,46.99201711793278,0.5302175357579051,1.9979475142373406,0.012595577618396907,39367.0,4524590.0,9.036776298609755e-06,0.0004502956668586685,21.49861116481275,1,0,0
2022,11,New Jersey,100,Apples,2.013066666666666,0.39233181396905886,1.17,3.29,36928.0,492.37333333333333,43153.0,1.3637333333333332,75,515.0,Apples,4524590.0,122338.0,36984.3,Exact,1,3,3,1,1,3,4524590.0,0.0,1.0000010402279311,36.98433847210188,4.52459,1.9551807228915659,2.960644154136876,19.489260860828868,47.61439186546731,0.6586655383782481,1.9841236947791159,0.04093154337875661,45642.666666666664,4524590.0,7.452482596438105e-06,0.00037020545418787787,21.170923756856173,1,0,0
2022,12,Virginia,100,Apples,1.9729411764705878,0.4204329501195386,1.26,3.13,46273.0,544.3882352941176,52409.0,1.3670588235294112,85,515.0,Apples,4524590.0,122338.0,36984.3,Exact,1,3,3,1,1,3,4524590.0,0.0,1.0000010402279311,36.98433847210188,4.52459,2.0397619047619044,-3.2759082388645986,21.309958712081567,44.32013769363169,-0.17092719832893752,2.006351540616246,0.047249390098613814,49237.333333333336,4524590.0,9.15226991098832e-06,0.0004638896496326818,21.193996093209186,1,0,0
2022,13,Washington,100,Apples,1.9515584415584417,0.3802909721691126,1.25,3.4,35091.0,455.72727272727275,41191.0,1.3974025974025976,77,515.0,Apples,4524590.0,122338.0,36984.3,Exact,1,3,3,1,1,3,4524590.0,0.0,1.0000010402279311,36.98433847210188,4.52459,2.0075641025641033,-2.78973214026541,19.48652748853508,39.65613382899627,-0.6130142977604411,1.9795612720612725,0.03960198268193833,45402.0,4524590.0,6.865376064993123e-06,0.0003517894170522862,20.424480729510627,1,0,0
2022,14,Arizona,100,Apples,2.0554022988505745,0.4476211141748332,1.25,2.93,45871.0,527.2528735632184,54703.0,1.37632183908046,87,515.0,Apples,4524590.0,122338.0,36984.3,Exact,1,3,3,1,1,3,4524590.0,0.0,1.0000010402279311,36.98433847210188,4.52459,2.045522388059701,0.4830018409255966,21.77778600447964,49.34023718055784,1.5339528630203254,2.0504623434551377,0.006986151917744854,44117.666666666664,4524590.0,9.451964277955937e-06,0.00045985957509348316,22.061887055634273,1,0,0
2022,15,Massachusetts,100,Apples,1.963617021276596,0.4286584500554434,1.19,3.07,55794.0,593.5531914893617,66726.0,1.368829787234043,94,515.0,Apples,4524590.0,122338.0,36984.3,Exact,1,3,3,1,1,3,4524590.0,0.0,1.0000010402279311,36.98433847210188,4.52459,2.019382716049382,-2.76152184177762,21.830043506995164,43.45224216989195,-0.3637036949416107,1.9914998686629888,0.03943230093141605,50100.333333333336,4524590.0,1.098326119781309e-05,0.0005593382558210155,21.46123351104727,1,0,0
2022,2,Texas,100,Apples,1.9519565217391304,0.4124098013417163,1.15,2.94,43852.0,476.6521739130435,51922.0,1.3313043478260866,92,515.0,Apples,4524590.0,122338.0,36984.3,Exact,1,3,3,1,1,3,4524590.0,0.0,1.0000010402279311,36.98433847210188,4.52459,2.011818181818182,-2.9755005009921813,21.128021897448434,46.619856303069916,-0.6047840076153834,1.9818873517786564,0.042328585774981574,41093.333333333336,4524590.0,8.581171289389424e-06,0.00043961897684810503,20.863679375648303,1,0,0
2022,3,Florida,100,Apples,1.8936470588235301,0.3911547223372392,1.19,3.16,41694.0,490.5176470588235,46866.0,1.3352941176470587,85,515.0,Apples,4524590.0,122338.0,36984.3,Exact,1,3,3,1,1,3,4568810.0,-0.9678669062622434,1.0000010402279311,36.98433847210188,4.52459,1.8139130434782609,4.395691162371028,20.65615767809724,41.81497797356835,-1.8103295767709888,1.8537800511508955,0.05638046294187213,41758.333333333336,4524590.0,7.915158672724458e-06,0.00041798489511778,20.144875888000406,1,0,0
2022,4,New York,100,Apples,2.003863636363636,0.38096197601366216,1.12,3.05,41344.0,469.8181818181818,48843.0,1.3874999999999997,88,515.0,Apples,4524590.0,122338.0,36984.3,Exact,1,3,3,1,1,3,4524590.0,0.0,1.0000010402279311,36.98433847210188,4.52459,1.972558139534884,1.587050652719097,19.011372286039627,44.42260442260442,0.4683932935338443,1.98821088794926,0.02213632909602454,47457.666666666664,4524590.0,8.305536325292023e-06,0.0004144761237528061,21.30048286993995,1,0,0
2022,5,Illinois,100,Apples,1.9216279069767448,0.41435381432699814,1.21,2.97,44957.0,522.7558139534884,53611.0,1.3493023255813952,86,515.0,Apples,4524590.0,122338.0,36984.3,Exact,1,3,3,1,1,3,4524590.0,0.0,1.0000010402279311,36.98433847210188,4.52459,1.9673493975903613,-2.3240147718354898,21.56264554769565,42.416408135125884,-1.2318267776430112,1.9444886522835532,0.03232997605884532,46562.666666666664,4524590.0,8.66071297309079e-06,0.00045069666930037987,20.587329834565523,1,0,0
2022,6,Pennsylvania,100,Apples,1.9675324675324675,0.3667286241901634,1.27,2.72,38446.0,499.2987012987013,45027.0,1.3594805194805197,77,515.0,Apples,4524590.0,122338.0,36984.3,Exact,1,3,3,1,1,3,4524590.0,0.0,1.0000010402279311,36.98433847210188,4.52459,2.0060000000000002,-1.917623752120277,18.639012582602366,44.726786396637344,-0.2827520166202879,1.9867662337662337,0.0272006530633061,43483.666666666664,4524590.0,7.583332438038899e-06,0.00038542349685082196,20.771310989547292,1,0,0
2022,7,Ohio,100,Apples,1.981084337349398,0.4414168210134735,1.14,3.03,42371.0,510.49397590361446,49588.0,1.3310843373493977,83,515.0,Apples,4524590.0,122338.0,36984.3,Exact,1,3,3,1,1,3,4524590.0,0.0,1.0000010402279311,36.98433847210188,4.52459,2.0945333333333336,-5.416433063081778,22.281576442327005,48.832367849384525,-0.0025677069959354334,2.037808835341366,0.08022055437904622,46599.0,4524590.0,8.415088816529496e-06,0.0004247718614437439,21.10695402418248,1,0,0
2022,8,Georgia,100,Apples,1.896704545454545,0.38172241702218945,0.97,2.77,44474.0,505.3863636363636,52180.0,1.3577272727272727,88,515.0,Apples,4524590.0,122338.0,36984.3,Exact,1,3,3,1,1,3,4524590.0,0.0,1.0000010402279311,36.98433847210188,4.52459,2.08,-8.812281468531493,20.125560300732538,39.697020421827894,-1.747116175781381,1.9883522727272727,0.12960945886976183,45685.333333333336,4524590.0,8.456543796995228e-06,0.0004458545648167158,20.299826570080178,1,0,0
2022,9,North Carolina,100,Apples,1.9500000000000002,0.43001453463807476,1.24,3.25,31775.0,392.28395061728395,36832.0,1.383827160493827,81,515.0,Apples,4524590.0,122338.0,36984.3,Exact,1,3,3,1,1,3,4524590.0,0.0,1.0000010402279311,36.98433847210188,4.52459,1.9885185185185188,-1.9370460048426197,22.052027417337168,40.913551610313164,-0.645235008115578,1.9692592592592595,0.027236705645704122,44561.666666666664,4524590.0,6.211653135371168e-06,0.00031854631463441884,20.214609805347553,1,0,0
2023,1,California,100,Apples,1.999444444444445,0.43150208945975876,1.09,3.09,34120.0,473.8888888888889,39670.0,1.3438888888888887,72,515.0,Apples,5151680.0,120233.0,42847.5,Exact,1,4,4,1,1,4,5151680.0,0.0,0.9999993269190505,42.84747116016401,5.15168,2.0277215189873417,-1.3945245576433196,21.581099222772036,48.78048780487811,0.37702669588330157,2.0135829817158934,0.0199949111613997,39835.666666666664,4838135.0,6.006697239404165e-06,0.0003004183115011807,20.869537914383017,1,0,0
2023,10,Michigan,100,Apples,1.9308235294117648,0.39217710942131945,1.15,3.13,36794.0,432.8705882352941,43381.0,1.316705882352941,85,515.0,Apples,5151680.0,120233.0,42847.5,Exact,1,4,4,1,1,4,5151680.0,0.0,0.9999993269190505,42.84747116016401,5.15168,2.0068539325842707,-3.788536970132142,20.31139062930304,46.6404574696212,-1.041707690142372,1.9688387309980178,0.0537616136596261,39891.333333333336,5151680.0,6.255139000468291e-06,0.00032396223192773864,20.298974144807037,1,0,0
2023,11,New Jersey,100,Apples,2.0022826086956527,0.42103771139827073,1.21,2.99,40163.0,436.55434782608694,47868.0,1.356630434782609,92,515.0,Apples,5151680.0,120233.0,42847.5,Exact,1,4,4,1,1,4,5151680.0,0.0,0.9999993269190505,42.84747116016401,5.15168,2.013066666666666,-0.5357029724639084,21.027886351794635,47.59234035734316,0.43570561636198435,2.007674637681159,0.007625480520012451,42344.333333333336,5151680.0,7.0805810559363585e-06,0.00035362545852350296,21.22565001214768,1,0,0
2023,12,Virginia,100,Apples,1.8994915254237288,0.4659673798291833,1.11,2.96,26243.0,444.79661016949154,31528.0,1.3401694915254239,59,515.0,Apples,5151680.0,120233.0,42847.5,Exact,1,4,4,1,1,4,5151680.0,0.0,0.9999993269190505,42.84747116016401,5.15168,1.9729411764705878,-3.7228505301031687,24.53116392426324,41.73517136714302,-1.6894954880717705,1.9362163509471584,0.05193674633101957,39327.0,5151680.0,4.389026662128009e-06,0.0002310632399978161,19.327692247101464,1,0,0
2023,13,Washington,100,Apples,1.9463513513513513,0.3833220839798328,1.15,2.77,39645.0,535.7432432432432,46837.0,1.347972972972973,74,515.0,Apples,5151680.0,120233.0,42847.5,Exact,1,4,4,1,1,4,5151680.0,0.0,0.9999993269190505,42.84747116016401,5.15168,1.9515584415584417,-0.2668170266493397,19.694392983758682,44.39097744360902,-0.7206706576970362,1.9489548964548966,0.003681968795683704,42138.0,5151680.0,6.794023449358561e-06,0.0003490645943571017,20.607472448813514,1,0,0
2023,14,Arizona,100,Apples,1.9597101449275358,0.4287600831072724,1.16,3.0,42229.0,612.0144927536232,49944.0,1.3342028985507246,69,515.0,Apples,5151680.0,120233.0,42847.5,Exact,1,4,4,1,1,4,5151680.0,0.0,0.9999993269190505,42.84747116016401,5.15168,2.0554022988505745,-4.655641086737704,21.87874998846458,46.88246795568105,-0.4444781908183034,2.0075562218890552,0.06766457094532752,42847.0,5151680.0,7.286517570486762e-06,0.0003718160866466401,20.872649636562645,1,0,0
2023,15,Massachusetts,100,Apples,1.9721568627450983,0.4360729965484827,1.09,3.3,56240.0,551.3725490196078,65820.0,1.322254901960784,102,515.0,Apples,5151680.0,120233.0,42847.5,Exact,1,4,4,1,1,4,5151680.0,0.0,0.9999993269190505,42.84747116016401,5.15168,1.963617021276596,0.43490361796468446,22.111476261655017,49.15103432935423,-0.18714284994556052,1.9678869420108471,0.00603857981263605,51775.666666666664,5151680.0,9.765717242886467e-06,0.0004951795380664244,21.57027104872047,1,0,0
2023,2,Texas,100,Apples,1.9266666666666663,0.355255121779247,1.2,2.91,38721.0,445.0689655172414,46354.0,1.3732183908045976,87,515.0,Apples,5151680.0,120233.0,42847.5,Exact,1,4,4,1,1,4,4524590.0,13.859598328246317,0.9999993269190505,42.84747116016401,5.15168,1.9519565217391304,-1.2956156958830014,18.438847151171995,40.30300493847826,-1.127650643710562,1.9393115942028984,0.017882628016964344,41301.666666666664,5151680.0,6.5685653772081975e-06,0.0003409289988170345,20.353621085081947,1,0,0
2023,3,Florida,100,Apples,2.003205128205128,0.37213143045408237,1.29,2.9,36290.0,465.2564102564103,43260.0,1.3646153846153841,78,515.0,Apples,5151680.0,120233.0,42847.5,Exact,1,4,4,1,1,4,5151680.0,0.0,0.9999993269190505,42.84747116016401,5.15168,1.8936470588235301,5.785559081408941,18.576801008267793,46.79631717399479,0.4547786664553729,1.9484260935143292,0.07746925379343425,40993.666666666664,5151680.0,6.4007338613868055e-06,0.0003195246343604293,21.032301794126518,1,0,0
2023,4,New York,100,Apples,1.9393181818181815,0.39077228414567267,1.22,3.36,50433.0,573.1022727272727,57659.0,1.3898863636363636,88,515.0,Apples,5151680.0,120233.0,42847.5,Exact,1,4,4,1,1,4,5151680.0,0.0,0.9999993269190505,42.84747116016401,5.15168,2.003863636363636,-3.22105024384711,20.149983009972576,39.53070067860352,-0.8660811270080921,1.9715909090909087,0.045640528603858914,47094.666666666664,5151680.0,8.611548470286147e-06,0.000444050313714509,20.99975339559362,1,0,0
2023,5,Illinois,100,Apples,1.9698936170212769,0.41113923728092133,1.31,3.12,53172.0,565.6595744680851,62947.0,1.3739361702127664,94,515.0,Apples,5151680.0,120233.0,42847.5,Exact,1,4,4,1,1,4,5151680.0,0.0,0.9999993269190505,42.84747116016401,5.15168,1.9216279069767448,2.5117094661925186,20.871139117787223,43.37591947348042,-0.23393535527548537,1.945760761999011,0.034129010871272285,48460.333333333336,5151680.0,9.222382854503189e-06,0.00046816654335113655,21.435015288824307,1,0,0
2023,6,Pennsylvania,100,Apples,1.9353424657534244,0.4571046628015807,1.14,3.0,33321.0,456.45205479452056,38488.0,1.3294520547945208,73,515.0,Apples,5151680.0,120233.0,42847.5,Exact,1,4,4,1,1,4,5151680.0,0.0,0.9999993269190505,42.84747116016401,5.15168,1.9675324675324675,-1.6360594963606052,23.61879981916435,45.57444616177224,-0.9482788809648754,1.951437466642946,0.02276176854436839,38810.0,5151680.0,5.677971797395001e-06,0.0002933833105958629,20.15460441342641,1,0,0
2023,7,Ohio,100,Apples,2.0093589743589746,0.4721224245358228,1.09,3.12,37709.0,483.44871794871796,45045.0,1.3598717948717949,78,515.0,Apples,5151680.0,120233.0,42847.5,Exact,1,4,4,1,1,4,5151680.0,0.0,0.9999993269190505,42.84747116016401,5.15168,1.981084337349398,1.4272303544334084,23.496171194917487,47.76091260488358,0.5820091637551511,1.9952216558541864,0.019993187565059706,43782.0,5151680.0,6.671445227286885e-06,0.00033201858465410384,21.173983062952043,1,0,0
2023,8,Georgia,100,Apples,1.9836470588235295,0.43306176579928973,1.25,3.21,38126.0,448.54117647058825,45311.0,1.3704705882352946,85,515.0,Apples,5151680.0,120233.0,42847.5,Exact,1,4,4,1,1,4,5151680.0,0.0,0.9999993269190505,42.84747116016401,5.15168,1.896704545454545,4.5838722523938875,21.83159367353041,44.742037943171056,0.05041644623818033,1.9401758021390374,0.06147764077661101,43483.0,5151680.0,6.658908151346162e-06,0.00033569016835562765,20.924854032742072,1,0,0
2023,9,North Carolina,100,Apples,1.9872093023255815,0.4314807641075111,1.2,3.09,49662.0,577.4651162790698,60164.0,1.3541860465116278,86,515.0,Apples,5151680.0,120233.0,42847.5,Exact,1,4,4,1,1,4,5151680.0,0.0,0.9999993269190505,42.84747116016401,5.15168,1.9500000000000002,1.9081693500298091,21.7128997736957,46.745663747209356,0.12406567323188489,1.9686046511627908,0.0263109499976389,44018.666666666664,5151680.0,8.689308079379115e-06,0.00043726184600737504,21.487724924261393,1,0,0
2019,1,California,101,Oranges,13.587835051546394,2.5798850211799342,10.09,9.9,38698.0,398.9484536082474,46132.0,9.320927835051549,97,490.0,Oranges,4923290.0,206228.0,23873.0,Exact,1,4,0,0,0,0,4923290.0,0.0,1.0000018191120759,23.873043427662587,4.92329,,,18.986726078090893,45.7777089577826,1.4391702998810225,13.587835051546394,,38698.0,4923290.0,4.844507419694567e-05,0.0003565326927591181,143.53603365606983,1,0,0
2019,10,Michigan,101,Oranges,13.179655172413794,2.5681540055048053,10.28,9.81,25629.0,294.58620689655174,29536.0,9.17022988505747,87,490.0,Oranges,4923290.0,206228.0,23873.0,Exact,1,4,0,0,0,0,4923290.0,0.0,1.0000018191120759,23.873043427662587,4.92329,,,19.485745051055535,43.72218949373914,-0.021564883009283258,13.179655172413794,,25629.0,4923290.0,3.112049869137606e-05,0.00023612528768213962,133.79351751540918,1,0,0
2019,11,New Jersey,101,Oranges,13.093035714285714,2.3610428509783223,10.03,9.91,20883.0,372.9107142857143,24107.0,9.295,56,490.0,Oranges,4923290.0,206228.0,23873.0,Exact,1,4,0,0,0,0,,,1.0000018191120759,23.873043427662587,4.92329,,,18.03281456264727,40.861062014908164,-0.33154608609910236,13.093035714285714,,20883.0,4923290.0,2.5190922973798004e-05,0.00019239940624550785,130.23300365885117,1,0,0
2019,12,Virginia,101,Oranges,13.28794871794872,2.4473666520984407,10.02,9.96,34427.0,441.37179487179486,40233.0,9.085897435897433,78,490.0,Oranges,4923290.0,206228.0,23873.0,Exact,1,4,0,0,0,0,4923290.0,0.0,1.0000018191120759,23.873043427662587,4.92329,,,18.417941730860658,46.24805982785388,0.3659804129003429,13.28794871794872,,34427.0,4923290.0,4.214712564345961e-05,0.00031718308474903506,138.8142234647605,1,0,0
2019,13,Washington,101,Oranges,12.919125,2.805804649474488,10.02,9.96,25941.0,324.2625,31078.0,9.011750000000003,80,490.0,Oranges,4923290.0,206228.0,23873.0,Exact,1,4,0,0,0,0,4923290.0,0.0,1.0000018191120759,23.873043427662587,4.92329,,,21.71822510792711,43.358670624462455,-0.9539126260142186,12.919125,,25941.0,4923290.0,3.087668398828015e-05,0.00023899980833284106,131.30505857599957,1,0,0
2019,14,Arizona,101,Oranges,13.841923076923077,2.737586887759358,10.34,9.92,26225.0,336.21794871794873,32003.0,9.126923076923074,78,490.0,Oranges,4923290.0,206228.0,23873.0,Exact,1,4,0,0,0,0,4923290.0,0.0,1.0000018191120759,23.873043427662587,4.92329,,,19.777503982256608,51.66034555415092,2.348463817747624,13.841923076923077,,26225.0,4923290.0,3.3444350579173216e-05,0.00024161635918155649,140.83473720580167,1,0,0
2019,15,Massachusetts,101,Oranges,13.309204545454541,2.5926914172856086,10.3,9.94,33325.0,378.6931818181818,39334.0,9.04488636363636,88,490.0,Oranges,4923290.0,206228.0,23873.0,Exact,1,4,0,0,0,0,4923290.0,0.0,1.0000018191120759,23.873043427662587,4.92329,,,19.48043858241764,47.14617752371381,0.44204769761114887,13.309204545454541,,33325.0,4923290.0,4.0863268071037555e-05,0.00030703013039944213,138.6032959166973,1,0,0
2019,2,Texas,101,Oranges,13.205875000000002,2.8585933930359633,10.04,9.96,26425.0,330.3125,30531.0,9.260875,80,490.0,Oranges,4923290.0,206228.0,23873.0,Exact,1,4,0,0,0,0,4923290.0,0.0,1.0000018191120759,23.873043427662587,4.92329,,,21.646376275982945,42.59856655013702,0.07226684805468402,13.205875000000002,,26425.0,4923290.0,3.215089129869611e-05,0.00024345900062431382,134.46358807822017,1,0,0
2019,3,Florida,101,Oranges,12.978108108108108,2.782894263406933,10.04,9.91,24178.0,326.72972972972974,27857.0,9.376756756756759,74,490.0,Oranges,4923290.0,206228.0,23873.0,Exact,1,4,0,0,0,0,4923290.0,0.0,1.0000018191120759,23.873043427662587,4.92329,,,21.442988764042674,38.40721738629154,-0.7428323998334774,12.978108108108108,,24178.0,4923290.0,2.8909634416954508e-05,0.00022275692401493508,130.99115685485376,1,0,0
2019,4,New York,101,Oranges,13.111566265060244,2.8922602697745523,10.09,9.89,30534.0,367.87951807228916,35178.0,9.009036144578308,83,490.0,Oranges,4923290.0,206228.0,23873.0,Exact,1,4,0,0,0,0,4923290.0,0.0,1.0000018191120759,23.873043427662587,4.92329,,,22.058846451334038,45.53794717485802,-0.26523162804151135,13.111566265060244,,30534.0,4923290.0,3.688494280982021e-05,0.0002813160690657634,135.3982784045174,1,0,0
2019,5,Illinois,101,Oranges,13.414705882352939,2.8511282596440966,10.04,9.9,32954.0,387.6941176470588,39236.0,9.169411764705881,85,490.0,Oranges,4923290.0,206228.0,23873.0,Exact,1,4,0,0,0,0,4923290.0,0.0,1.0000018191120759,23.873043427662587,4.92329,,,21.253751551830586,46.298434693353855,0.8196006406345575,13.414705882352939,,32954.0,4923290.0,4.072866091811716e-05,0.00030361203052312724,139.55182066286287,1,0,0
2019,6,Pennsylvania,101,Oranges,13.407058823529415,2.595529129455508,10.2,9.95,31839.0,312.1470588235294,37686.0,9.26578431372549,102,490.0,Oranges,4923290.0,206228.0,23873.0,Exact,1,4,0,0,0,0,4923290.0,0.0,1.0000018191120759,23.873043427662587,4.92329,,,19.35942225374852,44.694268392039056,0.792234451265079,13.407058823529415,,31839.0,4923290.0,3.9328173104132814e-05,0.0002933393044797551,139.01080303642945,1,0,0
2019,7,Ohio,101,Oranges,13.618684210526322,2.7618150274075255,10.09,9.94,31638.0,416.2894736842105,37499.0,9.319473684210529,76,490.0,Oranges,4923290.0,206228.0,23873.0,Exact,1,4,0,0,0,0,4923290.0,0.0,1.0000018191120759,23.873043427662587,4.92329,,,20.27960252777452,46.1314734285876,1.549568813350909,13.618684210526322,,31638.0,4923290.0,3.969675530563462e-05,0.00029148744982978393,141.11879160907304,1,0,0
2019,8,Georgia,101,Oranges,13.389101123595509,2.7033697996664694,10.04,9.9,30421.0,341.80898876404495,35476.0,9.125393258426968,89,490.0,Oranges,4923290.0,206228.0,23873.0,Exact,1,4,0,0,0,0,4923290.0,0.0,1.0000018191120759,23.873043427662587,4.92329,,,20.19082367599974,46.723552009456284,0.7279700290378354,13.389101123595509,,30421.0,4923290.0,3.7526300047883274e-05,0.00028027497665060556,138.21463730879105,1,0,0
2019,9,North Carolina,101,Oranges,13.321612903225807,2.7881887101324327,10.15,9.88,33583.0,361.10752688172045,38971.0,9.193440860215052,93,490.0,Oranges,4923290.0,206228.0,23873.0,Exact,1,4,0,0,0,0,4923290.0,0.0,1.0000018191120759,23.873043427662587,4.92329,,,20.929813307045407,44.90344916314814,0.48645293580391635,13.321612903225807,,33583.0,4923290.0,4.121802120073923e-05,0.0003094071378605991,138.8352525232158,1,0,0
2020,1,California,101,Oranges,13.340394736842104,2.944558117743974,10.08,9.93,24931.0,328.0394736842105,29144.0,9.158552631578948,76,490.0,Oranges,4766350.0,203842.0,23382.6,Exact,1,1,1,0,0,1,4766350.0,0.0,0.9999987518347218,23.382570814650563,4.76635,13.587835051546394,-1.8210429679607405,22.072496172935587,45.660512894188614,0.5536666485935263,13.46411489419425,0.17496672446633704,31814.5,4844820.0,3.1651092567424767e-05,0.00023725754141302953,135.0569209676054,1,0,0
2020,10,Michigan,101,Oranges,12.91441860465116,2.9064478439785297,10.07,9.91,28577.0,332.2906976744186,33363.0,8.937441860465118,86,490.0,Oranges,4766350.0,203842.0,23382.6,Exact,1,1,1,0,0,1,4766350.0,0.0,0.9999987518347218,23.382570814650563,4.76635,13.179655172413794,-2.012469706474546,22.505448622609812,44.49793135749781,-0.970755193769516,13.047036888532478,0.18755057568360312,27103.0,4766350.0,3.512140015406603e-05,0.00027195494608961315,132.5070034059641,1,0,0
2020,11,New Jersey,101,Oranges,13.263820224719101,2.791915888946146,10.15,9.9,29883.0,335.76404494382024,35037.0,9.177865168539327,89,490.0,Oranges,4766350.0,203842.0,23382.6,Exact,1,1,1,0,0,1,4766350.0,0.0,0.9999987518347218,23.382570814650563,4.76635,13.093035714285714,1.304392000145892,21.04910833865944,44.5196674950724,0.2796328471028036,13.178427969502408,0.12076288544907289,25383.0,4766350.0,3.772012720982534e-05,0.00028438358309115406,136.6847086136234,1,0,0
2020,12,Virginia,101,Oranges,13.245,2.702998215065883,10.03,9.79,30278.0,388.1794871794872,34825.0,9.147692307692308,78,490.0,Oranges,4766350.0,203842.0,23382.6,Exact,1,1,1,0,0,1,4766350.0,0.0,0.9999987518347218,23.382570814650563,4.76635,13.28794871794872,-0.32321556065841045,20.407687542966276,44.79061553985871,0.21228174578072423,13.26647435897436,0.03036932970480831,32352.5,4766350.0,3.816449097359898e-05,0.0002881426272072403,136.66468723685782,1,0,0
2020,13,Washington,101,Oranges,13.070389610389611,2.590448265190308,10.12,9.98,23094.0,299.9220779220779,27558.0,9.12831168831169,77,490.0,Oranges,4766350.0,203842.0,23382.6,Exact,1,1,1,0,0,1,4766350.0,0.0,0.9999987518347218,23.382570814650563,4.76635,12.919125,1.170858013910478,19.819212299005752,43.18518096972454,-0.4125886911062925,12.994757305194806,0.10696023176003576,24517.5,4766350.0,2.8725528120670944e-05,0.00021977560713138278,131.32305905713633,1,0,0
2020,14,Arizona,101,Oranges,13.104305555555555,3.024929204800206,10.05,9.96,27842.0,386.69444444444446,32657.0,9.093055555555557,72,490.0,Oranges,4766350.0,203842.0,23382.6,Exact,1,1,1,0,0,1,4766350.0,0.0,0.9999987518347218,23.382570814650563,4.76635,13.841923076923077,-5.328865918907323,23.083475823850815,44.11333435161141,-0.29121520628349257,13.473114316239316,0.5215743512809878,27033.5,4766350.0,3.4721203258900286e-05,0.00026496026906347794,134.11387746710815,1,0,0
2020,15,Massachusetts,101,Oranges,12.55560975609756,2.7343783447521166,10.05,9.88,29346.0,357.8780487804878,34465.0,8.915,82,490.0,Oranges,4766350.0,203842.0,23382.6,Exact,1,1,1,0,0,1,4923290.0,-3.187705782109118,0.9999987518347218,23.382570814650563,4.76635,13.309204545454541,-5.6622075856092735,21.7781405910946,40.836901358357395,-2.2548084649116196,12.93240715077605,0.5328719858211693,31335.5,4766350.0,3.5064451438650834e-05,0.00027927318640675323,129.15887460336916,1,0,0
2020,2,Texas,101,Oranges,13.368194444444445,3.1228996666329234,10.19,9.86,26965.0,374.5138888888889,31860.0,9.248472222222222,72,490.0,Oranges,4766350.0,203842.0,23382.6,Exact,1,1,1,0,0,1,4766350.0,0.0,0.9999987518347218,23.382570814650563,4.76635,13.205875000000002,1.2291456979900401,23.360669083705154,44.544894802444844,0.653152226018598,13.287034722222224,0.11477717988509817,26695.0,4766350.0,3.430469050435199e-05,0.00025661423946902816,136.38675919524536,1,0,0
2020,3,Florida,101,Oranges,13.511911764705884,2.79455507758401,10.08,9.95,23828.0,350.4117647058824,28445.0,9.216764705882353,68,490.0,Oranges,4766350.0,203842.0,23382.6,Exact,1,1,1,0,0,1,4766350.0,0.0,0.9999987518347218,23.382570814650563,4.76635,12.978108108108108,4.1131084141939045,20.68215901826413,46.60146153109744,1.1674670093506787,13.245009936406996,0.3774561854024625,24003.0,4766350.0,3.0639714833748885e-05,0.0002267607675901355,136.18194578142405,1,0,0
2020,4,New York,101,Oranges,13.331527777777776,2.6575328279462314,10.07,9.96,25111.0,348.7638888888889,28780.0,9.30375,72,490.0,Oranges,4766350.0,203842.0,23382.6,Exact,1,1,1,0,0,1,4766350.0,0.0,0.9999987518347218,23.382570814650563,4.76635,13.111566265060244,1.6776143160232995,19.934195631921895,43.29198202636329,0.5219348564776684,13.22154702141901,0.15553627724261793,27822.5,4766350.0,3.185842172668658e-05,0.00023897052354187898,135.06305571441817,1,0,0
2020,5,Illinois,101,Oranges,13.612470588235292,3.052257909702084,10.17,9.9,33198.0,390.56470588235294,38088.0,9.164,85,490.0,Oranges,4766350.0,203842.0,23382.6,Exact,1,1,1,0,0,1,4766350.0,0.0,0.9999987518347218,23.382570814650563,4.76635,13.414705882352939,1.474238105678579,22.422512430183154,48.54289162194775,1.5273323995595507,13.513588235294115,0.13984076460877481,33076.0,4766350.0,4.300601499373383e-05,0.0003159310039641312,141.70956271534345,1,0,0
2020,6,Pennsylvania,101,Oranges,13.5245,3.033690946601791,10.03,9.9,35429.0,442.8625,42180.0,9.059375,80,490.0,Oranges,4766350.0,203842.0,23382.6,Exact,1,1,1,0,0,1,4766350.0,0.0,0.9999987518347218,23.382570814650563,4.76635,13.407058823529415,0.8759652509652278,22.431076539626538,49.287340462228364,1.212515967235844,13.465779411764707,0.08304345227287678,33634.0,4766350.0,4.5599537686374674e-05,0.0003371624657944817,141.67338686895104,1,0,0
2020,7,Ohio,101,Oranges,13.384166666666667,2.5405004764185213,10.03,9.98,26750.0,318.45238095238096,32284.0,9.250357142857146,84,490.0,Oranges,4766350.0,203842.0,23382.6,Exact,1,1,1,0,0,1,4766350.0,0.0,0.9999987518347218,23.382570814650563,4.76635,13.618684210526322,-1.7220279157246947,18.981387035067712,44.68810728028515,0.7103113074474097,13.501425438596495,0.16582894557037528,29194.0,4766350.0,3.407182915445876e-05,0.00025456817748179135,136.4425734267257,1,0,0
2020,8,Georgia,101,Oranges,12.8926582278481,2.3898088695492588,10.11,9.57,23607.0,298.82278481012656,28232.0,9.13392405063291,79,490.0,Oranges,4766350.0,203842.0,23382.6,Exact,1,1,1,0,0,1,4766350.0,0.0,0.9999987518347218,23.382570814650563,4.76635,13.389101123595509,-3.707813475786894,18.53619965188621,41.15136228831177,-1.0486280866145214,13.140879675721806,0.351038138054879,27014.0,4766350.0,2.8964337350050864e-05,0.00022465760619860367,129.82057101770414,1,0,0
2020,9,North Carolina,101,Oranges,13.052921348314607,2.7993985564464605,10.03,9.99,33674.0,378.35955056179773,40049.0,9.06887640449438,89,490.0,Oranges,4766350.0,203842.0,23382.6,Exact,1,1,1,0,0,1,4766350.0,0.0,0.9999987518347218,23.382570814650563,4.76635,13.321612903225807,-2.0169596344158665,21.44652895505203,43.930965272013204,-0.4751015838317522,13.187267125770207,0.1899936205252672,33628.5,4766350.0,4.182950792879517e-05,0.00032046089003819967,136.07032219432946,1,0,0
2021,1,California,101,Oranges,13.4536,3.1940014046604577,10.05,9.36,29644.0,395.25333333333333,34392.0,9.364266666666667,75,490.0,Oranges,3980730.0,198986.0,20005.1,Exact,1,2,2,0,0,2,3980730.0,0.0,0.9999987870078747,20.005075733971236,3.98073,13.340394736842104,0.8485900559243401,23.74086790643737,43.66955234081329,0.9587892899508073,13.39699736842105,0.080048209244956,31091.0,4373540.0,4.5444240653816564e-05,0.0003377849843448338,138.53237514562485,1,0,0
2021,10,Michigan,101,Oranges,12.855306122448983,2.783668203685481,10.15,9.68,31162.0,317.9795918367347,36689.0,9.194591836734695,98,490.0,Oranges,3980730.0,198986.0,20005.1,Exact,1,2,2,0,0,2,4766350.0,-16.482633461663536,0.9999987870078747,20.005075733971236,3.98073,12.91441860465116,-0.4577246875123598,21.6538461019175,39.813776954065744,-1.1822984052678152,12.884862363550072,0.041798837017928865,28456.0,3980730.0,4.5646899222786906e-05,0.0003550821644229426,133.01368240707475,1,0,0
2021,11,New Jersey,101,Oranges,13.25354430379747,2.8524016142832793,10.03,9.73,34264.0,433.72151898734177,39893.0,9.340126582278478,79,490.0,Oranges,3980730.0,198986.0,20005.1,Exact,1,2,2,0,0,2,3980730.0,0.0,0.9999987870078747,20.005075733971236,3.98073,13.263820224719101,-0.0774733127223772,21.52180238659628,41.898979495033075,0.24285886584061583,13.258682264258287,0.007266173366621675,28343.333333333332,3980730.0,5.1745624279856366e-05,0.0003904285758869041,138.39191527215166,1,0,0
2021,12,Virginia,101,Oranges,13.102745098039213,2.7313457883559513,10.19,9.69,30167.0,295.7549019607843,35611.0,9.200196078431368,102,490.0,Oranges,3980730.0,198986.0,20005.1,Exact,1,2,2,0,0,2,3980730.0,0.0,0.9999987870078747,20.005075733971236,3.98073,13.245,-1.0740271948719244,20.84559966571195,42.418107030966986,-0.2967995462082608,13.173872549019606,0.10058940583349955,31624.0,3980730.0,4.503995530156217e-05,0.0003437444212228647,135.1487496254913,1,0,0
2021,13,Washington,101,Oranges,12.935,2.950746945138904,10.07,9.99,24564.0,331.94594594594594,28644.0,8.964324324324325,74,490.0,Oranges,3980730.0,198986.0,20005.1,Exact,1,2,2,0,0,2,3980730.0,0.0,0.9999987870078747,20.005075733971236,3.98073,13.070389610389611,-1.0358498440015136,22.812113994115997,44.29419922817173,-0.8971014694288834,13.002694805194807,0.09573491160869847,24533.0,3980730.0,3.62050421156728e-05,0.00027989982308212444,130.76092321343657,1,0,0
2021,14,Arizona,101,Oranges,13.063417721518988,2.2628498517305102,10.38,9.84,26814.0,339.4177215189873,32101.0,9.008101265822786,79,490.0,Oranges,3980730.0,198986.0,20005.1,Exact,1,2,2,0,0,2,3980730.0,0.0,0.9999987870078747,20.005075733971236,3.98073,13.104305555555555,-0.31201831995769613,17.322035473174708,45.01854870440109,-0.4375386797881515,13.083861638537272,0.028912064715286994,26960.333333333332,3980730.0,3.991369685728532e-05,0.00030553793584611977,133.20396978923398,1,0,0
2021,15,Massachusetts,101,Oranges,13.007032967032966,2.641929217028721,10.12,9.89,30414.0,334.2197802197802,35361.0,9.000989010989015,91,490.0,Oranges,3980730.0,198986.0,20005.1,Exact,1,2,2,0,0,2,3980730.0,0.0,0.9999987870078747,20.005075733971236,3.98073,12.55560975609756,3.5953905840070814,20.311543944916835,44.50670866449345,-0.6393202934026911,12.781321361565263,0.3192044136374309,31028.333333333332,3980730.0,4.507703248923755e-05,0.0003465589162685122,134.26758457462043,1,0,0
2021,2,Texas,101,Oranges,13.209166666666672,2.6381283107414895,10.03,9.98,24511.0,291.79761904761904,28470.0,9.290833333333333,84,490.0,Oranges,3980730.0,198986.0,20005.1,Exact,1,2,2,0,0,2,3980730.0,0.0,0.9999987870078747,20.005075733971236,3.98073,13.368194444444445,-1.1895980301502995,19.971951125416606,42.174186025652574,0.0840465891839355,13.288680555555558,0.11244962006369055,25967.0,3980730.0,3.6892661332669744e-05,0.00027929590309257255,133.50396530653052,1,0,0
2021,3,Florida,101,Oranges,13.438307692307694,2.6804614628541397,10.22,9.8,18231.0,280.4769230769231,21601.0,9.023230769230768,65,490.0,Oranges,3980730.0,198986.0,20005.1,Exact,1,2,2,0,0,2,3980730.0,0.0,0.9999987870078747,20.005075733971236,3.98073,13.511911764705884,-0.5447347028305011,19.946421262466547,48.930112018550446,0.9040633884164039,13.475109728506789,0.052045938715705814,22079.0,3980730.0,2.791634822839724e-05,0.00020773708168906574,131.84234407488822,1,0,0
2021,4,New York,101,Oranges,13.301149425287356,2.8777795159686463,10.22,9.97,28752.0,330.48275862068965,33615.0,9.190229885057468,87,490.0,Oranges,3980730.0,198986.0,20005.1,Exact,1,2,2,0,0,2,3980730.0,0.0,0.9999987870078747,20.005075733971236,3.98073,13.331527777777776,-0.22786850087097452,21.63557015980576,44.731411418923194,0.4132211972564013,13.316338601532566,0.021480739047251056,28132.333333333332,3980730.0,4.3577345054912994e-05,0.00032762089697350766,136.55621584019383,1,0,0
2021,5,Illinois,101,Oranges,13.028285714285715,2.7347315113047923,10.34,9.97,24291.0,347.01428571428573,28346.0,8.921714285714286,70,490.0,Oranges,3980730.0,198986.0,20005.1,Exact,1,2,2,0,0,2,3980730.0,0.0,0.9999987870078747,20.005075733971236,3.98073,13.612470588235292,-4.291541863491434,20.990724115806863,46.028950233779554,-0.5632640318565879,13.320378151260503,0.4130810858363539,30147.666666666668,3980730.0,3.606087026622527e-05,0.00027678906540009305,131.5583570221827,1,0,0
2021,6,Pennsylvania,101,Oranges,13.748764044943812,2.8546950243990876,10.4,9.7,30915.0,347.35955056179773,36451.0,9.361910112359553,89,490.0,Oranges,3980730.0,198986.0,20005.1,Exact,1,2,2,0,0,2,3980730.0,0.0,0.9999987870078747,20.005075733971236,3.98073,13.5245,1.658205811259655,20.76328472193774,46.85853506318923,2.0150797325122287,13.636632022471906,0.15857862695609415,32727.666666666668,3980730.0,4.8432450669307096e-05,0.00035226766937729515,142.14887193779086,1,0,0
2021,7,Ohio,101,Oranges,12.912800000000002,2.6667069276240003,10.07,9.71,24139.0,321.85333333333335,27687.0,8.9972,75,490.0,Oranges,3980730.0,198986.0,20005.1,Exact,1,2,2,0,0,2,3980730.0,0.0,0.9999987870078747,20.005075733971236,3.98073,13.384166666666667,-3.521823049623296,20.65165516095657,43.520206286400246,-0.9765476222600162,13.148483333333335,0.3333065664252976,27509.0,3980730.0,3.551756913467284e-05,0.00027505706844892534,130.3111416873362,1,0,0
2021,8,Georgia,101,Oranges,13.166760563380286,2.7225323162966637,10.12,9.99,23144.0,325.9718309859155,27302.0,9.177464788732395,71,490.0,Oranges,3980730.0,198986.0,20005.1,Exact,1,2,2,0,0,2,3980730.0,0.0,0.9999987870078747,20.005075733971236,3.98073,12.8926582278481,2.126034295550672,20.677313171993394,43.46838551258444,-0.06771024697206814,13.029709395614194,0.19381962019387913,25724.0,3980730.0,3.472329211487784e-05,0.0002637193252488475,132.31980865551506,1,0,0
2021,9,North Carolina,101,Oranges,12.984109589041099,2.738226228183553,10.26,9.92,26857.0,367.90410958904107,31468.0,9.023424657534248,73,490.0,Oranges,3980730.0,198986.0,20005.1,Exact,1,2,2,0,0,2,3980730.0,0.0,0.9999987870078747,20.005075733971236,3.98073,13.052921348314607,-0.5271751620750647,21.08905666118747,43.89336733919328,-0.721355166886831,13.018515468677853,0.04865726160767398,31371.333333333332,3980730.0,3.9734999034481866e-05,0.0003060279086678317,132.41609161272112,1,0,0
2022,1,California,101,Oranges,12.749102564102564,2.4741752848157987,10.03,9.68,22592.0,289.64102564102564,26107.0,8.97269230769231,78,490.0,Oranges,3108020.0,186603.0,16655.8,Exact,1,3,3,1,0,3,3108020.0,0.0,0.9999992769035029,16.655787956249362,3.10802,13.4536,-5.236497561228485,19.406662330745483,42.08781630874303,-1.56236435696153,13.101351282051283,0.4981549142516116,25722.333333333332,3544375.0,4.203555119948755e-05,0.0003297138052512523,127.81479423559021,1,0,0
2022,10,Michigan,101,Oranges,13.348533333333334,2.6504709899315,10.05,9.99,16635.0,221.8,19853.0,9.232,75,490.0,Oranges,3108020.0,186603.0,16655.8,Exact,1,3,3,1,0,3,3108020.0,0.0,0.9999992769035029,16.655787956249362,3.10802,12.855306122448983,3.8367597487471525,19.85589670224569,44.58983246678223,0.5827918819571871,13.101919727891158,0.3487643054820519,25458.0,3108020.0,3.240699840643288e-05,0.00024277572372320214,129.7387244075438,1,0,0
2022,11,New Jersey,101,Oranges,12.986781609195406,2.6571975507748578,10.07,9.94,28072.0,322.6666666666667,32770.0,9.211724137931034,87,490.0,Oranges,3108020.0,186603.0,16655.8,Exact,1,3,3,1,0,3,3980730.0,-21.92336581481286,0.9999992769035029,16.655787956249362,3.10802,13.25354430379747,-2.012764951678854,20.460785672205386,40.98100870954061,-0.711792927177508,13.120162956496438,0.18862971032071596,30739.666666666668,3108020.0,5.3205599960385303e-05,0.00040969041877714034,133.0179358033668,1,0,0
2022,12,Virginia,101,Oranges,13.188915662650597,2.4574089130568395,10.06,9.95,26366.0,317.66265060240966,31604.0,9.021445783132531,83,490.0,Oranges,3108020.0,186603.0,16655.8,Exact,1,3,3,1,0,3,3108020.0,0.0,0.9999992769035029,16.655787956249362,3.10802,13.102745098039213,0.6576527587664021,18.632380219216373,46.195144101071,0.011575221614336745,13.145830380344904,0.06093179057538344,28937.0,3108020.0,5.074997014772866e-05,0.0003847925898218183,134.26142719876563,1,0,0
2022,13,Washington,101,Oranges,13.211807228915658,2.164590393617746,10.09,9.99,22742.0,274.0,26598.0,9.095903614457834,83,490.0,Oranges,3108020.0,186603.0,16655.8,Exact,1,3,3,1,0,3,3108020.0,0.0,0.9999992769035029,16.655787956249362,3.10802,12.935,2.1399863078133574,16.383757014560995,45.250079474409155,0.09349625188632814,13.07340361445783,0.1957322686477186,23466.666666666668,3108020.0,4.385037743010915e-05,0.0003319029461324354,132.54101770861558,1,0,0
2022,14,Arizona,101,Oranges,13.00225,2.4286580005312204,10.34,9.74,28366.0,354.575,34106.0,8.952875000000002,80,490.0,Oranges,3108020.0,186603.0,16655.8,Exact,1,3,3,1,0,3,3108020.0,0.0,0.9999992769035029,16.655787956249362,3.10802,13.063417721518988,-0.4682367418920399,18.67875175858963,45.2298842550577,-0.6564368848390577,13.032833860759494,0.04325211067580662,27674.0,3108020.0,5.382686211308904e-05,0.00041398113490425916,133.3118323061708,1,0,0
2022,15,Massachusetts,101,Oranges,12.493493975903615,2.706217517682577,10.03,9.47,27540.0,331.8072289156627,31969.0,8.823614457831328,83,490.0,Oranges,3108020.0,186603.0,16655.8,Exact,1,3,3,1,0,3,3108020.0,0.0,0.9999992769035029,16.655787956249362,3.10802,13.007032967032966,-3.948163985060575,21.661014307943784,41.591566988912525,-2.477099445385209,12.75026347146829,0.3631269030312627,29100.0,3108020.0,5.02146338034497e-05,0.0004019262657852111,127.72637464158048,1,0,0
2022,2,Texas,101,Oranges,13.675753424657534,2.7239314509486605,10.05,9.9,23350.0,319.86301369863014,27870.0,9.325616438356167,73,490.0,Oranges,3108020.0,186603.0,16655.8,Exact,1,3,3,1,0,3,3108020.0,0.0,0.9999992769035029,16.655787956249362,3.10802,13.209166666666672,3.5322951838308922,19.917962589449605,46.64717892974127,1.7537998722617814,13.442460045662102,0.3299266605871854,24942.0,3108020.0,4.660372157217655e-05,0.0003407762638374974,137.55613108129165,1,0,0
2022,3,Florida,101,Oranges,13.055052631578947,2.7706857871730954,10.08,9.9,23245.0,244.68421052631578,27356.0,9.073263157894742,95,490.0,Oranges,3108020.0,186603.0,16655.8,Exact,1,3,3,1,0,3,3108020.0,0.0,0.9999992769035029,16.655787956249362,3.10802,13.438307692307694,-2.8519592608236533,21.22309166698468,43.88486704719469,-0.4674744551855706,13.24668016194332,0.2710022523653588,21768.0,3108020.0,4.4288465153961125e-05,0.0003392438652206693,131.25404160309228,1,0,0
2022,4,New York,101,Oranges,12.98230769230769,2.5993892773850966,10.11,9.92,32693.0,359.2637362637363,38544.0,9.070219780219782,91,490.0,Oranges,3108020.0,186603.0,16655.8,Exact,1,3,3,1,0,3,3108020.0,0.0,0.9999992769035029,16.655787956249362,3.10802,13.301149425287356,-2.3970990986200214,20.022551760387664,43.13112589200252,-0.7278035346016173,13.141728558797524,0.22545515151519183,28852.0,3108020.0,6.194255637932812e-05,0.00047713055219012,134.95039850136214,1,0,0
2022,5,Illinois,101,Oranges,13.356321839080463,2.8361303127728696,10.05,9.99,27079.0,311.2528735632184,32315.0,9.044137931034482,87,490.0,Oranges,3108020.0,186603.0,16655.8,Exact,1,3,3,1,0,3,3108020.0,0.0,0.9999992769035029,16.655787956249362,3.10802,13.028285714285715,2.5178763498796406,21.234366369297728,47.679324894514814,0.6106642611424411,13.19230377668309,0.23195656831652278,28189.333333333332,3108020.0,5.27839576711482e-05,0.0003951983061437085,136.32197637706278,1,0,0
2022,6,Pennsylvania,101,Oranges,13.123734939759036,2.8547349246229303,10.04,9.93,26022.0,313.51807228915663,30554.0,8.972289156626502,83,490.0,Oranges,3108020.0,186603.0,16655.8,Exact,1,3,3,1,0,3,3108020.0,0.0,0.9999992769035029,16.655787956249362,3.10802,13.748764044943812,-4.546074855467711,21.752457952913716,46.26963878071712,-0.22168413300220288,13.436249492351424,0.44196231871511504,30788.666666666668,3108020.0,4.984029166227428e-05,0.00037977216006763846,133.4255490091284,1,0,0
2022,7,Ohio,101,Oranges,12.998837209302325,2.693971666126668,10.03,9.98,22396.0,260.4186046511628,26408.0,9.041279069767443,86,490.0,Oranges,3108020.0,186603.0,16655.8,Exact,1,3,3,1,0,3,3108020.0,0.0,0.9999992769035029,16.655787956249362,3.10802,12.912800000000002,0.6662939819583844,20.72471270121598,43.7721046878014,-0.6686500871520399,12.955818604651164,0.06083749413203839,24428.333333333332,3108020.0,4.248713199822142e-05,0.0003268533278331731,130.20522259893175,1,0,0
2022,8,Georgia,101,Oranges,13.404691358024689,2.883617990658503,10.02,9.44,18042.0,222.74074074074073,21214.0,9.245185185185186,81,490.0,Oranges,3108020.0,186603.0,16655.8,Exact,1,3,3,1,0,3,3108020.0,0.0,0.9999992769035029,16.655787956249362,3.10802,13.166760563380286,1.807056439578169,21.512005861531687,44.99105306732897,0.7837621077375607,13.285725960702488,0.1682424783461607,21597.666666666668,3108020.0,3.529587474377603e-05,0.0002633098651886993,131.3728529462406,1,0,0
2022,9,North Carolina,101,Oranges,12.828076923076924,2.684261516713654,10.15,9.99,24128.0,309.3333333333333,28373.0,9.06974358974359,78,490.0,Oranges,3108020.0,186603.0,16655.8,Exact,1,3,3,1,0,3,3108020.0,0.0,0.9999992769035029,16.655787956249362,3.10802,12.984109589041099,-1.2017201864644576,20.924894142822232,41.4381431640846,-1.279742330258002,12.906093256059012,0.11033175618988299,28219.666666666668,3108020.0,4.5171585247847816e-05,0.0003521306078745669,129.4503013551842,1,0,0
2023,1,California,101,Oranges,12.862857142857138,2.303553808873571,10.05,9.64,26068.0,338.54545454545456,29776.0,9.024675324675323,77,490.0,Oranges,2256170.0,170051.0,13267.6,Exact,1,4,4,1,0,4,2256170.0,0.0,1.0000005994232752,13.267607952908245,2.25617,12.749102564102564,0.8922555778543203,17.908570260012223,42.52986041156998,-1.1552759043048735,12.805979853479851,0.08043663402837795,26101.333333333332,2682095.0,6.741236995715681e-05,0.0005240855061085049,130.7959904856035,1,0,0
2023,10,Michigan,101,Oranges,13.031780821917806,2.3350852604382526,10.15,9.94,21713.0,297.43835616438355,25846.0,9.086575342465755,73,490.0,Oranges,2256170.0,170051.0,13267.6,Exact,1,4,4,1,0,4,2256170.0,0.0,1.0000005994232752,13.267607952908245,2.25617,13.348533333333334,-2.3729386855149714,17.91838960728172,43.41795814991251,-0.5507562455908054,13.190157077625571,0.22397784877978905,23170.0,2256170.0,5.688765558871069e-05,0.00043653017470208567,130.1316165567492,1,0,0
2023,11,New Jersey,101,Oranges,13.422045454545456,2.4481318982059737,10.08,9.78,22404.0,254.5909090909091,26345.0,9.295340909090912,88,490.0,Oranges,2256170.0,170051.0,13267.6,Exact,1,4,4,1,0,4,2256170.0,0.0,1.0000005994232752,13.267607952908245,2.25617,12.986781609195406,3.351591321454562,18.23963349324599,44.39540825682462,0.84586644127068,13.204413531870431,0.3077780166523533,28246.666666666668,2256170.0,6.045590212644348e-05,0.00045042242131559555,134.4491585121241,1,0,0
2023,12,Virginia,101,Oranges,13.212068965517245,2.4724355461916847,10.08,9.94,27888.0,320.55172413793105,33092.0,9.11287356321839,87,490.0,Oranges,2256170.0,170051.0,13267.6,Exact,1,4,4,1,0,4,2256170.0,0.0,1.0000005994232752,13.267607952908245,2.25617,13.188915662650597,0.17555122391308708,18.713462309685198,44.98246764713308,0.0944329170237685,13.20049231408392,0.016371857463872704,28140.333333333332,2256170.0,7.407687255780283e-05,0.0005606757938604414,135.23857442948142,1,0,0
2023,13,Washington,101,Oranges,13.393877551020404,2.9864110214395114,10.03,9.98,25953.0,264.8265306122449,30338.0,9.24387755102041,98,490.0,Oranges,2256170.0,170051.0,13267.6,Exact,1,4,4,1,0,4,2256170.0,0.0,1.0000005994232752,13.267607952908245,2.25617,13.211807228915658,1.3780879402044464,22.296836820133493,44.8945799757147,0.7450632174695951,13.302842389968031,0.1287431594130848,24419.666666666668,2256170.0,6.988570133061984e-05,0.0005217734824318717,136.13645659111705,1,0,0
2023,14,Arizona,101,Oranges,12.569350649350648,2.5835778627313757,10.0,9.88,22874.0,297.06493506493507,27433.0,8.934545454545454,77,490.0,Oranges,2256170.0,170051.0,13267.6,Exact,1,4,4,1,0,4,2256170.0,0.0,1.0000005994232752,13.267607952908245,2.25617,13.00225,-3.329418759440498,20.55458499651967,40.68259782545496,-2.2056345412439984,12.785800324675325,0.30610606641540994,26018.0,2256170.0,5.780286910902373e-05,0.00045987156155922755,126.16862656722985,1,0,0
2023,15,Massachusetts,101,Oranges,12.956621621621618,2.6739265043674965,10.12,9.77,27585.0,372.77027027027026,31724.0,8.922297297297296,74,490.0,Oranges,2256170.0,170051.0,13267.6,Exact,1,4,4,1,0,4,2256170.0,0.0,1.0000005994232752,13.267607952908245,2.25617,12.493493975903615,3.7069505665208204,20.637528689618666,45.21620598258233,-0.8197251335816702,12.725057798762617,0.32748069884216124,28513.0,2256170.0,7.185536523579141e-05,0.0005545841140863553,132.4822811151529,1,0,0
2023,2,Texas,101,Oranges,13.299120879120878,2.615418661345593,10.06,9.9,21652.0,237.93406593406593,25993.0,9.177362637362638,91,490.0,Oranges,2256170.0,170051.0,13267.6,Exact,1,4,4,1,0,4,2256170.0,0.0,1.0000005994232752,13.267607952908245,2.25617,13.675753424657534,-2.7540167904576576,19.666101880852157,44.912230284742655,0.4059617292939208,13.487437151889207,0.26631942696452104,23171.0,2256170.0,5.789157814456295e-05,0.0004353037969257845,132.76378440787013,1,0,0
2023,3,Florida,101,Oranges,13.368285714285715,2.8707803168005026,10.13,9.98,15351.0,219.3,18465.0,8.96142857142857,70,490.0,Oranges,2256170.0,170051.0,13267.6,Exact,1,4,4,1,0,4,2256170.0,0.0,1.0000005994232752,13.267607952908245,2.25617,13.055052631578947,2.399324549248362,21.474558355172707,49.17583293479997,0.6534788493410508,13.211669172932332,0.22148923687392233,18942.333333333332,2256170.0,4.125787232044397e-05,0.00030862500399998695,128.85691987210348,1,0,0
2023,4,New York,101,Oranges,13.26257425742574,2.9324752866700674,10.03,9.96,30288.0,299.8811881188119,34915.0,9.239504950495048,101,490.0,Oranges,2256170.0,170051.0,13267.6,Exact,1,4,4,1,0,4,2256170.0,0.0,1.0000005994232752,13.267607952908245,2.25617,12.98230769230769,2.158834713832223,22.110905694105117,43.5420439567505,0.2751739593545625,13.122440974866716,0.19817838873483382,30577.666666666668,2256170.0,8.075935877989692e-05,0.0006089267227640939,136.85040150978818,1,0,0
2023,5,Illinois,101,Oranges,13.162105263157894,2.352928000479104,10.25,9.73,23580.0,310.2631578947368,27751.0,9.032894736842104,76,490.0,Oranges,2256170.0,170051.0,13267.6,Exact,1,4,4,1,0,4,2256170.0,0.0,1.0000005994232752,13.267607952908245,2.25617,13.356321839080463,-1.4541172207627806,17.876532313300935,45.7130371449381,-0.0843699628704025,13.259213551119178,0.13733185785368057,24983.333333333332,2256170.0,6.239698386827083e-05,0.0004740653764783853,132.51866322262384,1,0,0
2023,6,Pennsylvania,101,Oranges,13.841098901098901,3.0297661994687353,10.49,9.93,27210.0,299.010989010989,31835.0,9.373626373626374,91,490.0,Oranges,2256170.0,170051.0,13267.6,Exact,1,4,4,1,0,4,2256170.0,0.0,1.0000005994232752,13.267607952908245,2.25617,13.123734939759036,5.466157040146962,21.889636228436963,47.66002344665885,2.345514376374325,13.482416920428967,0.5072529216422631,28049.0,2256170.0,7.57170265344985e-05,0.0005470449064451596,141.33667319192972,1,0,0
2023,7,Ohio,101,Oranges,13.105584415584417,2.568981209856552,10.07,9.86,22806.0,296.1818181818182,26884.0,9.122077922077922,77,490.0,Oranges,2256170.0,170051.0,13267.6,Exact,1,4,4,1,0,4,3108020.0,-27.408124786841782,1.0000005994232752,13.267607952908245,2.25617,12.998837209302325,0.8212058091296119,19.602187345431656,43.668849658314365,-0.2866386067653587,13.05221081244337,0.07548167343478664,23113.666666666668,2256170.0,6.008968799387895e-05,0.00045850445190695737,131.51221710904602,1,0,0
2023,8,Georgia,101,Oranges,13.036629213483144,2.7028814354567743,10.04,9.99,21600.0,242.69662921348313,24726.0,9.111685393258428,89,490.0,Oranges,2256170.0,170051.0,13267.6,Exact,1,4,4,1,0,4,2256170.0,0.0,1.0000005994232752,13.267607952908245,2.25617,13.404691358024689,-2.7457711237879825,20.732977759782546,43.07593656744021,-0.5334055222896789,13.220660285753915,0.26025923830338976,20928.666666666668,2256170.0,5.661265223907482e-05,0.00043425836013287196,130.1120112336127,1,0,0
2023,9,North Carolina,101,Oranges,12.69870588235294,2.544259078337558,10.01,9.99,30865.0,363.11764705882354,36227.0,9.074941176470588,85,490.0,Oranges,2256170.0,170051.0,13267.6,Exact,1,4,4,1,0,4,2256170.0,0.0,1.0000005994232752,13.267607952908245,2.25617,12.828076923076924,-1.0084991031762087,20.0355776557771,39.93155035845312,-1.7427167209463508,12.763391402714932,0.09147914018509078,27283.333333333332,2256170.0,7.879890503228227e-05,0.0006205270502546802,131.2717359495556,1,0,0
2019,1,California,102,Blueberries,5.6472,1.269542969478131,3.3,8.66,28343.0,377.9066666666667,32968.0,3.9675999999999982,75,552.0,Blueberries,342230.0,47591.0,7191.1,Exact,1,4,0,0,0,0,342230.0,0.0,0.9999952076318849,7.191065537601648,0.34223,,,22.48092806130704,42.33289646133689,-0.4834011039997838,5.6472,,28343.0,342230.0,0.0002121422474266693,0.0037565917167210173,57.89605807517066,1,0,0
2019,10,Michigan,102,Blueberries,5.484545454545454,1.2288621150894425,3.05,8.59,27316.0,413.8787878787879,32741.0,3.8048484848484847,66,552.0,Blueberries,342230.0,47591.0,7191.1,Exact,1,4,0,0,0,0,342230.0,0.0,0.9999952076318849,7.191065537601648,0.34223,,,22.405906292033595,44.14622491239248,-1.6432802252713774,5.484545454545454,,27316.0,342230.0,0.00019856647399285,0.0036204727563755182,56.02608246944132,1,0,0
2019,11,New Jersey,102,Blueberries,5.783132530120482,1.2538145968193142,3.15,8.98,30226.0,364.1686746987952,35560.0,4.011807228915663,83,552.0,Blueberries,342230.0,47591.0,7191.1,Exact,1,4,0,0,0,0,342230.0,0.0,0.9999952076318849,7.191065537601648,0.34223,,,21.68054407000064,44.15280197008826,0.48592504146861687,5.783132530120482,,30226.0,342230.0,0.00023168184486262113,0.004006165234082823,59.66163379479083,1,0,0
2019,12,Virginia,102,Blueberries,5.813243243243244,1.2826002143634734,3.62,9.44,39775.0,537.5,46455.0,3.977027027027028,74,552.0,Blueberries,342230.0,47591.0,7191.1,Exact,1,4,0,0,0,0,342230.0,0.0,0.9999952076318849,7.191065537601648,0.34223,,,22.063419002021714,46.17057424396873,0.7006426036498129,5.813243243243244,,39775.0,342230.0,0.00030646216377085627,0.005271793230518239,61.56816960773602,1,0,0
2019,13,Washington,102,Blueberries,5.56675,1.1795190770668176,3.36,8.65,31039.0,387.9875,36814.0,3.88425,80,552.0,Blueberries,342230.0,47591.0,7191.1,Exact,1,4,0,0,0,0,,,0.9999952076318849,7.191065537601648,0.34223,,,21.18864826095689,43.31595546115722,-1.0570848891379998,5.56675,,31039.0,342230.0,0.00022901167250516234,0.004113920555174246,57.577073242918686,1,0,0
2019,14,Arizona,102,Blueberries,5.591999999999999,1.3564388584862916,3.08,9.68,31836.0,454.8,37143.0,3.873857142857143,70,552.0,Blueberries,342230.0,47591.0,7191.1,Exact,1,4,0,0,0,0,342230.0,0.0,0.9999952076318849,7.191065537601648,0.34223,,,24.25677500869621,44.35225135523837,-0.8770287601791517,5.591999999999999,,31836.0,342230.0,0.00023595752848062001,0.0042195552303401305,57.98000564540142,1,0,0
2019,15,Massachusetts,102,Blueberries,5.719285714285713,1.2328806367089122,3.75,9.07,36531.0,434.89285714285717,42515.0,3.9367857142857137,84,552.0,Blueberries,342230.0,47591.0,7191.1,Exact,1,4,0,0,0,0,342230.0,0.0,0.9999952076318849,7.191065537601648,0.34223,,,21.55654916188931,45.27805497595936,0.030637496694066076,5.719285714285713,,36531.0,342230.0,0.0002769182212771882,0.0048418322691153185,60.086494678262305,1,0,0
2019,2,Texas,102,Blueberries,5.695306122448979,1.1909055759756795,3.49,9.12,43047.0,439.2551020408163,49315.0,3.8720408163265305,98,552.0,Blueberries,342230.0,47591.0,7191.1,Exact,1,4,0,0,0,0,342230.0,0.0,0.9999952076318849,7.191065537601648,0.34223,,,20.9102996462566,47.08796711115796,-0.14035943321229893,5.695306122448979,,43047.0,342230.0,0.0003249437158146343,0.005705465322290853,60.76932098468988,1,0,0
2019,3,Florida,102,Blueberries,5.844230769230768,1.1304607947167424,3.45,9.11,30774.0,394.53846153846155,37023.0,3.87051282051282,78,552.0,Blueberries,342230.0,47591.0,7191.1,Exact,1,4,0,0,0,0,342230.0,0.0,0.9999952076318849,7.191065537601648,0.34223,,,19.343192275508596,50.99370652533949,0.9216126620785424,5.844230769230768,,30774.0,342230.0,0.0002383743301542656,0.004078797357032516,60.39695714086347,1,0,0
2019,4,New York,102,Blueberries,5.874146341463415,1.370194138916009,3.45,9.41,40310.0,491.5853658536585,46948.0,4.028170731707316,82,552.0,Blueberries,342230.0,47591.0,7191.1,Exact,1,4,0,0,0,0,342230.0,0.0,0.9999952076318849,7.191065537601648,0.34223,,,23.325842756832905,45.82664769458998,1.1349386871003093,5.874146341463415,,40310.0,342230.0,0.00031383815337387625,0.005342702328653432,62.29167800409321,1,0,0
2019,5,Illinois,102,Blueberries,5.748620689655172,1.268020956115614,3.58,9.59,46662.0,536.3448275862069,54730.0,3.9647126436781592,87,552.0,Blueberries,342230.0,47591.0,7191.1,Exact,1,4,0,0,0,0,342230.0,0.0,0.9999952076318849,7.191065537601648,0.34223,,,22.057829600715497,44.99463659293195,0.23982332275854476,5.748620689655172,,46662.0,342230.0,0.00035552912395230344,0.006184598761092196,61.80173575968878,1,0,0
2019,6,Pennsylvania,102,Blueberries,5.875692307692307,1.2115111550646793,3.15,9.44,25779.0,396.6,31848.0,4.006307692307692,65,552.0,Blueberries,342230.0,47591.0,7191.1,Exact,1,4,0,0,0,0,342230.0,0.0,0.9999952076318849,7.191065537601648,0.34223,,,20.6190367299969,46.66103452248379,1.1459628730280462,5.875692307692307,,25779.0,342230.0,0.00020075819915016266,0.003416758207153481,59.681488388896526,1,0,0
2019,7,Ohio,102,Blueberries,5.724146341463414,1.1882614660305686,3.44,9.0,38248.0,466.4390243902439,45334.0,3.9647560975609752,82,552.0,Blueberries,342230.0,47591.0,7191.1,Exact,1,4,0,0,0,0,342230.0,0.0,0.9999952076318849,7.191065537601648,0.34223,,,20.758754146854706,44.375749746239734,0.0652983170476901,5.724146341463414,,38248.0,342230.0,0.00029018010846550515,0.005069404084999664,60.40046348337073,1,0,0
2019,8,Georgia,102,Blueberries,5.5924752475247494,1.2687800486613854,2.79,9.3,43953.0,435.1782178217822,52736.0,3.8832673267326725,101,552.0,Blueberries,342230.0,47591.0,7191.1,Exact,1,4,0,0,0,0,342230.0,0.0,0.9999952076318849,7.191065537601648,0.34223,,,22.687271601657105,44.01468601004559,-0.8736398005908789,5.5924752475247494,,43953.0,342230.0,0.0003257922682937792,0.005825546897824467,59.78858753627562,1,0,0
2019,9,North Carolina,102,Blueberries,5.56953488372093,1.2110908131070681,3.55,9.51,46291.0,538.2674418604652,54788.0,3.9355813953488368,86,552.0,Blueberries,342230.0,47591.0,7191.1,Exact,1,4,0,0,0,0,342230.0,0.0,0.9999952076318849,7.191065537601648,0.34223,,,21.744918353001765,41.517461443006574,-1.0372260621126037,5.56953488372093,,46291.0,342230.0,0.0003417147071353074,0.006135426283693773,59.83197850903346,1,0,0
2020,1,California,102,Blueberries,5.670895522388061,1.1262861084155973,3.58,8.4,29181.0,435.53731343283584,33788.0,3.905970149253732,67,552.0,Blueberries,315520.0,47308.0,6669.5,Exact,1,1,1,0,0,1,342230.0,-7.804692750489436,0.9999977624289418,6.669485076519828,0.31552,5.6472,0.4195977190122686,19.86081570307804,45.18532670997325,-0.31442985509474847,5.65904776119403,0.016755264564355467,28762.0,328875.0,0.00023789821339978076,0.004195073114300648,58.304219871121155,1,0,0
2020,10,Michigan,102,Blueberries,5.599222222222224,1.1046329684588643,3.07,7.6,36679.0,407.5444444444444,42357.0,3.835444444444444,90,552.0,Blueberries,315520.0,47308.0,6669.5,Exact,1,1,1,0,0,1,315520.0,0.0,0.9999977624289418,6.669485076519828,0.31552,5.484545454545454,2.0909074166160524,19.728328768141957,45.986268431878145,-0.8255275571765979,5.541883838383839,0.08108872006879798,31997.5,315520.0,0.00029524636179051555,0.005272988820103267,58.84775235339819,1,0,0
2020,11,New Jersey,102,Blueberries,5.673658536585367,1.3402639432286536,3.4,9.54,31370.0,382.5609756097561,37033.0,3.9170731707317077,82,552.0,Blueberries,315520.0,47308.0,6669.5,Exact,1,1,1,0,0,1,315520.0,0.0,0.9999977624289418,6.669485076519828,0.31552,5.783132530120482,-1.8929878048780304,23.622569715576816,44.84433374844335,-0.2947269782382997,5.728395533352924,0.07740980319225207,30798.0,315520.0,0.00025586864965769664,0.00450976469605604,58.74301330849756,1,0,0
2020,12,Virginia,102,Blueberries,5.647303370786517,1.2740359671362071,2.95,9.25,45413.0,510.2584269662921,52266.0,3.9557303370786516,89,552.0,Blueberries,315520.0,47308.0,6669.5,Exact,1,1,1,0,0,1,315520.0,0.0,0.9999977624289418,6.669485076519828,0.31552,5.813243243243244,-2.8545145199213833,22.560076615093696,42.76259728455378,-0.4826639735574976,5.730273307014881,0.11733720908338256,42594.0,315520.0,0.0003686894196674239,0.006528592417659959,60.55928523441206,1,0,0
2020,13,Washington,102,Blueberries,5.694166666666667,1.1336976587812575,3.76,8.82,29758.0,354.26190476190476,36096.0,3.9758333333333336,84,552.0,Blueberries,315520.0,47308.0,6669.5,Exact,1,1,1,0,0,1,315520.0,0.0,0.9999977624289418,6.669485076519828,0.31552,5.56675,2.288887890899842,19.909808144848657,43.21945084887864,-0.14848481924330822,5.630458333333333,0.09009718903618613,30398.5,315520.0,0.000243597752969885,0.004278022882538593,58.65496674468562,1,0,0
2020,14,Arizona,102,Blueberries,5.820224719101123,1.2051310542917668,3.16,8.77,43985.0,494.2134831460674,52002.0,3.966404494382023,89,552.0,Blueberries,315520.0,47308.0,6669.5,Exact,1,1,1,0,0,1,315520.0,0.0,0.9999977624289418,6.669485076519828,0.31552,5.591999999999999,4.081271800806947,20.705919658680937,46.738052746381086,0.7504270597840467,5.706112359550561,0.16137924651080005,37910.5,315520.0,0.0003680304165248445,0.006323302523303313,62.22766989296573,1,0,0
2020,15,Massachusetts,102,Blueberries,5.71225,1.2258936032879357,3.72,8.64,32165.0,402.0625,38432.0,3.9225000000000003,80,552.0,Blueberries,315520.0,47308.0,6669.5,Exact,1,1,1,0,0,1,315520.0,0.0,0.9999977624289418,6.669485076519828,0.31552,5.719285714285713,-0.12301735981015008,21.460783461647086,45.62778840025493,-0.019533730186966487,5.715767857142857,0.004975001281918989,34348.0,315520.0,0.00026413753821485756,0.0046240542380823245,59.285530706011805,1,0,0
2020,2,Texas,102,Blueberries,5.514204545454546,1.2799683200020953,2.85,9.39,42797.0,486.32954545454544,50935.0,3.7748863636363628,88,552.0,Blueberries,315520.0,47308.0,6669.5,Exact,1,1,1,0,0,1,315520.0,0.0,0.9999977624289418,6.669485076519828,0.31552,5.695306122448979,-3.17983920619459,23.212202402923108,46.076040820012686,-1.43178315210188,5.604755333951763,0.1280581531763416,42922.0,315520.0,0.00033926226907954473,0.006152515132199884,58.804837359583324,1,0,0
2020,3,Florida,102,Blueberries,5.741979166666667,1.1674115494876658,3.2,8.29,44005.0,458.3854166666667,50128.0,3.9061458333333334,96,552.0,Blueberries,315520.0,47308.0,6669.5,Exact,1,1,1,0,0,1,315520.0,0.0,0.9999977624289418,6.669485076519828,0.31552,5.844230769230768,-1.7496161017878376,20.331170065275096,46.998586628976774,0.1924630487109616,5.793104967948717,0.07230280156026737,37389.5,315520.0,0.0003632478074124487,0.006326177731907748,61.39370788479951,1,0,0
2020,4,New York,102,Blueberries,5.831379310344828,1.1773760463210903,3.85,9.32,38333.0,440.60919540229884,45517.0,4.0299999999999985,87,552.0,Blueberries,315520.0,47308.0,6669.5,Exact,1,1,1,0,0,1,315520.0,0.0,0.9999977624289418,6.669485076519828,0.31552,5.874146341463415,-0.7280552548837724,20.19035263633825,44.69923847009505,0.8299697338220614,5.852762825904122,0.030240857715169153,39321.5,315520.0,0.0003213538183305175,0.005510768571690028,61.54491670129031,1,0,0
2020,5,Illinois,102,Blueberries,5.7447887323943645,1.1019980025324518,3.44,8.36,29501.0,415.50704225352115,34529.0,4.026056338028169,71,552.0,Blueberries,315520.0,47308.0,6669.5,Exact,1,1,1,0,0,1,315520.0,0.0,0.9999977624289418,6.669485076519828,0.31552,5.748620689655172,-0.06665872506953117,19.182567956213617,42.690222144481346,0.21249788154203914,5.746704711024768,0.00270960296433396,38081.5,315520.0,0.00024364088214509543,0.004241076451971605,59.126591207728445,1,0,0
2020,6,Pennsylvania,102,Blueberries,5.737285714285714,1.3106552420682858,3.52,9.23,30997.0,442.8142857142857,36078.0,3.8949999999999996,70,552.0,Blueberries,315520.0,47308.0,6669.5,Exact,1,1,1,0,0,1,315520.0,0.0,0.9999977624289418,6.669485076519828,0.31552,5.875692307692307,-2.355579328505589,22.844517553044,47.298734641481765,0.15899434110038418,5.806489010989011,0.09786824075873121,28388.0,315520.0,0.00025566160156326016,0.00445614205558333,59.33316125181232,1,0,0
2020,7,Ohio,102,Blueberries,5.657746478873241,1.2209015371356864,3.76,8.64,33450.0,471.1267605633803,40555.0,3.9319718309859164,71,552.0,Blueberries,315520.0,47308.0,6669.5,Exact,1,1,1,0,0,1,315520.0,0.0,0.9999977624289418,6.669485076519828,0.31552,5.724146341463414,-1.1599958950944225,21.579290300381803,43.89081921409894,-0.40819484023494523,5.690946410168328,0.0469517931073664,35849.0,315520.0,0.00027206894270865705,0.004808786390917263,58.9414803806071,1,0,0
2020,8,Georgia,102,Blueberries,5.692857142857145,1.0873988185004573,3.43,8.48,38219.0,419.989010989011,44860.0,3.982967032967032,91,552.0,Blueberries,315520.0,47308.0,6669.5,Exact,1,1,1,0,0,1,315520.0,0.0,0.9999977624289418,6.669485076519828,0.31552,5.5924752475247494,1.7949457242001168,19.101108480560097,42.93005931852677,-0.1578229494580402,5.642666195190947,0.07098071889789502,41086.0,315520.0,0.00031278719760484766,0.0054943798826447504,60.06598593987165,1,0,0
2020,9,North Carolina,102,Blueberries,5.775757575757575,1.116051797229943,3.55,8.39,43045.0,434.7979797979798,50570.0,3.9383838383838383,99,552.0,Blueberries,315520.0,47308.0,6669.5,Exact,1,1,1,0,0,1,315520.0,0.0,0.9999977624289418,6.669485076519828,0.31552,5.56953488372093,3.702691451658,19.323037412690518,46.652987945627075,0.4333347153762142,5.672646229739253,0.14582146397365686,44668.0,315520.0,0.0003574135658246555,0.0061881677188948755,61.62747536108419,1,0,0
2021,1,California,102,Blueberries,5.629753086419752,1.2007289195616155,3.48,8.72,35408.0,437.1358024691358,42096.0,3.864691358024691,81,552.0,Blueberries,378390.0,55119.0,6865.0,Exact,1,2,2,0,0,2,378390.0,0.0,0.9999948862546449,6.864964894138137,0.37839,5.670895522388061,-0.7255015685949886,21.328269661737874,45.671479683107584,-0.6078139246547963,5.650324304403906,0.02909209546772416,30977.333333333332,346955.0,0.00023895567596124006,0.004244514320488685,58.97009459112782,1,0,0
2021,10,Michigan,102,Blueberries,5.879870129870131,1.2966155270615451,3.84,9.21,30131.0,391.31168831168833,34858.0,3.9806493506493514,77,552.0,Blueberries,378390.0,55119.0,6865.0,Exact,1,2,2,0,0,2,378390.0,0.0,0.9999948862546449,6.864964894138137,0.37839,5.599222222222224,5.012265927472394,22.051771525950073,47.711330788555024,1.1757546547633901,5.7395461760461775,0.1984480386236511,31375.333333333332,378390.0,0.0002123771976232326,0.003611936878407268,60.64111749740409,1,0,0
2021,11,New Jersey,102,Blueberries,5.711052631578946,1.3381186583631695,2.52,9.68,33898.0,446.0263157894737,40461.0,3.9573684210526316,76,552.0,Blueberries,378390.0,55119.0,6865.0,Exact,1,2,2,0,0,2,378390.0,0.0,0.9999948862546449,6.864964894138137,0.37839,5.673658536585367,0.6590825787708473,23.43033315722074,44.31440351110517,-0.028072087526869897,5.692355584082156,0.026441618146293748,31831.333333333332,378390.0,0.00023206884697128007,0.004063503909735805,59.57279408427647,1,0,0
2021,12,Virginia,102,Blueberries,5.722073170731709,1.2847296278992588,10.13,8.46,32545.0,396.890243902439,39833.0,3.968048780487804,82,552.0,Blueberries,378390.0,55119.0,6865.0,Exact,1,2,2,0,0,2,378390.0,0.0,0.9999948862546449,6.864964894138137,0.37839,5.647303370786517,1.3239912049346538,22.452170560674155,44.20370028889305,0.050514669656732514,5.684688270759112,0.05287023256920662,39244.333333333336,378390.0,0.00022323602949616032,0.0039013137867234585,59.45468487609037,1,0,0
2021,13,Washington,102,Blueberries,5.833417721518988,1.4073523842762603,3.11,8.51,27897.0,353.126582278481,32997.0,3.9548101265822786,79,552.0,Blueberries,378390.0,55119.0,6865.0,Exact,1,2,2,0,0,2,378390.0,0.0,0.9999948862546449,6.864964894138137,0.37839,5.694166666666667,2.445503670756416,24.125691857873566,47.50184041225236,0.8445055130397158,5.763792194092828,0.09846536517345648,29564.666666666668,378390.0,0.00019507750197634088,0.003344137370048374,59.71267379412344,1,0,0
2021,14,Arizona,102,Blueberries,5.9220481927710855,1.3291027223016363,3.54,9.26,42070.0,506.86746987951807,49963.0,4.0127710843373485,83,552.0,Blueberries,378390.0,55119.0,6865.0,Exact,1,2,2,0,0,2,378390.0,0.0,0.9999948862546449,6.864964894138137,0.37839,5.820224719101123,1.7494766711634462,22.44329460074376,47.58001561280256,1.4765237134932518,5.871136455936105,0.07200006871600026,39297.0,378390.0,0.00029865587054919257,0.005043117867797078,63.052721903376984,1,0,0
2021,15,Massachusetts,102,Blueberries,5.696265060240964,1.2316820848557348,3.41,9.54,39891.0,480.6144578313253,47532.0,3.9418072289156614,83,552.0,Blueberries,378390.0,55119.0,6865.0,Exact,1,2,2,0,0,2,378390.0,0.0,0.9999948862546449,6.864964894138137,0.37839,5.71225,-0.2798361374070877,21.62262591066351,44.50897087141246,-0.13352130938112877,5.704257530120482,0.01130305930047307,36195.666666666664,378390.0,0.00027239035135843357,0.00478191145386958,60.345839470273155,1,0,0
2021,2,Texas,102,Blueberries,5.726527777777779,1.2822583068222682,3.37,9.13,37747.0,524.2638888888889,43586.0,3.992222222222223,72,552.0,Blueberries,378390.0,55119.0,6865.0,Exact,1,2,2,0,0,2,378390.0,0.0,0.9999948862546449,6.864964894138137,0.37839,5.514204545454546,3.850477989581559,22.391549584342677,43.4421096576677,0.08228018651804955,5.620366161616163,0.15013519737920492,41197.0,378390.0,0.00025911969238079277,0.004524900645489334,60.35008827422026,1,0,0
2021,3,Florida,102,Blueberries,5.755600000000002,1.2187709656316343,3.01,8.95,44410.0,444.1,52809.0,3.9273999999999996,100,552.0,Blueberries,378390.0,55119.0,6865.0,Exact,1,2,2,0,0,2,378390.0,0.0,0.9999948862546449,6.864964894138137,0.37839,5.741979166666667,0.23721495564468156,21.17539380136969,46.5498803279524,0.28959233675825213,5.748789583333334,0.00963138361541308,39729.666666666664,378390.0,0.00030640650681417695,0.005323624067241936,61.59207113433777,1,0,0
2021,4,New York,102,Blueberries,5.542916666666666,1.0633410507174288,3.42,8.16,31670.0,439.8611111111111,37165.0,3.857916666666666,72,552.0,Blueberries,378390.0,55119.0,6865.0,Exact,1,2,2,0,0,2,378390.0,0.0,0.9999948862546449,6.864964894138137,0.37839,5.831379310344828,-4.946730924644732,19.1837820170024,43.67642293984231,-1.2270388590463641,5.687147988505747,0.20397389146382736,36771.0,378390.0,0.00021043259912460326,0.0037964236480421553,57.44211407295531,1,0,0
2021,5,Illinois,102,Blueberries,5.634473684210525,1.3508499988149112,3.27,8.95,36724.0,483.2105263157895,42678.0,3.8723684210526303,76,552.0,Blueberries,378390.0,55119.0,6865.0,Exact,1,2,2,0,0,2,315520.0,19.925836713995942,0.9999948862546449,6.864964894138137,0.37839,5.7447887323943645,-1.9202629256282675,23.97473259304406,45.50458715596333,-0.5741516448695153,5.689631208302445,0.07800451863771335,37629.0,378390.0,0.0002480446933315224,0.004402269089065365,59.225153043503134,1,0,0
2021,6,Pennsylvania,102,Blueberries,6.032948717948718,1.2489446027396975,3.51,9.0,37881.0,485.65384615384613,44880.0,3.9843589743589756,78,552.0,Blueberries,378390.0,55119.0,6865.0,Exact,1,2,2,0,0,2,378390.0,0.0,0.9999948862546449,6.864964894138137,0.37839,5.737285714285714,5.153360288939579,20.702058995196552,51.41579252204126,2.267348238760126,5.885117216117216,0.20906531483609278,31552.333333333332,378390.0,0.0002739540186223249,0.0045409638210131,63.60074107241084,1,0,0
2021,7,Ohio,102,Blueberries,5.602452830188677,1.3265916307955046,3.04,9.93,47610.0,449.1509433962264,56277.0,3.914716981132074,106,552.0,Blueberries,378390.0,55119.0,6865.0,Exact,1,2,2,0,0,2,378390.0,0.0,0.9999948862546449,6.864964894138137,0.37839,5.657746478873241,-0.9773087021667957,23.67876483755827,43.11258916522075,-0.8024902991717165,5.630099654530959,0.03909851394140158,39769.333333333336,378390.0,0.0003197444366387117,0.005707222288704988,60.343005983628835,1,0,0
2021,8,Georgia,102,Blueberries,5.674069767441858,1.2087975336788952,3.02,9.0,34965.0,406.56976744186045,42446.0,3.928488372093024,86,552.0,Blueberries,378390.0,55119.0,6865.0,Exact,1,2,2,0,0,2,378390.0,0.0,0.9999948862546449,6.864964894138137,0.37839,5.692857142857145,-0.33001663213803945,21.303889152280885,44.43392037886626,-0.2917945174015393,5.683463455149502,0.013284680556846843,39045.666666666664,378390.0,0.00023782352433182973,0.004191409941704893,59.36286370533153,1,0,0
2021,9,North Carolina,102,Blueberries,5.9658208955223895,1.3655658714444103,3.41,9.21,28739.0,428.94029850746267,34363.0,3.9501492537313427,67,552.0,Blueberries,378390.0,55119.0,6865.0,Exact,1,2,2,0,0,2,378390.0,0.0,0.9999948862546449,6.864964894138137,0.37839,5.775757575757575,3.2907080546898553,22.88982346870868,51.027733696062924,1.7886640466206363,5.8707892356399825,0.1343950622605272,39358.333333333336,378390.0,0.00020552680448496057,0.0034450716520708397,61.245386727715136,1,0,0
2022,1,California,102,Blueberries,5.779354838709677,1.2143998396520745,3.68,9.18,33309.0,358.16129032258067,38528.0,3.9417204301075275,93,552.0,Blueberries,351850.0,52286.0,6729.3,Exact,1,3,3,1,0,3,351850.0,0.0,1.00000517325399,6.729334812378075,0.35185,5.629753086419752,2.6573412722273497,21.012723280427725,46.620110207867285,0.4589865665446334,5.704553962564715,0.10578441352159616,32632.666666666668,365120.0,0.0002481702145475648,0.00429408163148834,60.18396428230945,1,0,0
2022,10,Michigan,102,Blueberries,5.7039743589743575,1.1237418242842472,3.29,8.58,25834.0,331.20512820512823,29533.0,3.894743589743589,78,552.0,Blueberries,351850.0,52286.0,6729.3,Exact,1,3,3,1,0,3,351850.0,0.0,1.00000517325399,6.729334812378075,0.35185,5.879870129870131,-2.9914907474267394,19.701032184974782,46.453141973073485,-0.07854679504757257,5.791922244422244,0.12437709238243685,30881.333333333332,351850.0,0.00018996689378925047,0.0033304303601990382,57.94944445424751,1,0,0
2022,11,New Jersey,102,Blueberries,5.704659090909091,1.2771762575267236,2.86,9.16,30617.0,347.92045454545456,36638.0,3.967272727272728,88,552.0,Blueberries,351850.0,52286.0,6729.3,Exact,1,3,3,1,0,3,351850.0,0.0,1.00000517325399,6.729334812378075,0.35185,5.711052631578946,-0.11195030202491978,22.388301161799898,43.79296516956918,-0.07366401558053562,5.707855861244019,0.004520915963446281,31961.666666666668,351850.0,0.0002251650767647937,0.00394703825726616,58.92538244636478,1,0,0
2022,12,Virginia,102,Blueberries,5.505479452054794,1.132814882758739,3.24,7.99,32534.0,445.67123287671234,38951.0,3.8480821917808217,73,552.0,Blueberries,351850.0,52286.0,6729.3,Exact,1,3,3,1,0,3,351850.0,0.0,1.00000517325399,6.729334812378075,0.35185,5.722073170731709,-3.7852315448321683,20.576134969243085,43.07073439891779,-1.4940012329875758,5.613776311393251,0.1531548872388579,36830.666666666664,351850.0,0.00023090923905116947,0.004194171299013529,57.20232631540136,1,0,0
2022,13,Washington,102,Blueberries,5.707391304347828,1.2491719187369354,3.57,9.07,33370.0,362.7173913043478,39204.0,3.9136956521739124,92,552.0,Blueberries,351850.0,52286.0,6729.3,Exact,1,3,3,1,0,3,351850.0,0.0,1.00000517325399,6.729334812378075,0.35185,5.833417721518988,-2.1604216119524473,21.88691561739126,45.831250347164435,-0.054180776956047526,5.770404512933409,0.08911413419037217,30341.666666666668,351850.0,0.00024552886575496485,0.004301945541528292,59.44500617421439,1,0,0
2022,14,Arizona,102,Blueberries,5.831578947368422,1.1259429294609629,3.58,8.74,39911.0,420.11578947368423,46283.0,4.045578947368422,95,552.0,Blueberries,351850.0,52286.0,6729.3,Exact,1,3,3,1,0,3,351850.0,0.0,1.00000517325399,6.729334812378075,0.35185,5.9220481927710855,-1.5276681725268133,19.30768561350026,44.146957042125266,0.8313933326206845,5.8768135700697535,0.06397141691305305,41988.666666666664,351850.0,0.00030004574380832573,0.0051451887476156935,61.78226841563838,1,0,0
2022,15,Massachusetts,102,Blueberries,5.720361445783134,1.245312621914804,3.34,9.55,28664.0,345.34939759036143,33369.0,3.9616867469879518,83,552.0,Blueberries,351850.0,52286.0,6729.3,Exact,1,3,3,1,0,3,351850.0,0.0,1.00000517325399,6.729334812378075,0.35185,5.696265060240964,0.4230207914719373,21.76982405251347,44.39206860896544,0.038308468940590513,5.708313253012049,0.01703871761895442,33573.333333333336,351850.0,0.00021138246972807203,0.0036952642194296365,58.71054154562842,1,0,0
2022,2,Texas,102,Blueberries,5.837288135593219,1.216178058805074,3.75,8.5,29930.0,507.2881355932203,35468.0,3.9218644067796617,59,552.0,Blueberries,351850.0,52286.0,6729.3,Exact,1,3,3,1,0,3,351850.0,0.0,1.00000517325399,6.729334812378075,0.35185,5.726527777777779,1.9341625870611199,20.834641541666485,48.839621418384496,0.8721051873238306,5.781907956685499,0.07831940009794629,36824.666666666664,351850.0,0.000225230162238259,0.003858472581898166,60.16288583031709,1,0,0
2022,3,Florida,102,Blueberries,5.562068965517242,1.0653017237526243,3.34,8.36,28975.0,333.04597701149424,32995.0,3.8725287356321836,87,552.0,Blueberries,351850.0,52286.0,6729.3,Exact,1,3,3,1,0,3,351850.0,0.0,1.00000517325399,6.729334812378075,0.35185,5.755600000000002,-3.362482356014313,19.152975814523312,43.62886230744119,-1.090465045513773,5.658834482758622,0.13684710685280707,39130.0,351850.0,0.0002077631474089951,0.0037353572689775927,57.14593789496108,1,0,0
2022,4,New York,102,Blueberries,5.545747126436779,1.0747564701806334,3.41,8.08,32815.0,377.18390804597703,40319.0,3.9183908045977,87,552.0,Blueberries,351850.0,52286.0,6729.3,Exact,1,3,3,1,0,3,378390.0,-7.013927429371812,1.00000517325399,6.729334812378075,0.35185,5.542916666666666,0.05106444748005078,19.379831890589276,41.53124083308885,-1.206855032140213,5.544331896551722,0.002001437297322605,34272.666666666664,351850.0,0.0002346071118467087,0.004230396851820525,57.66840248070125,1,0,0
2022,5,Illinois,102,Blueberries,5.6617977528089884,1.0937981800274017,3.44,8.46,40210.0,451.7977528089888,46024.0,4.013707865168539,89,552.0,Blueberries,351850.0,52286.0,6729.3,Exact,1,3,3,1,0,3,351850.0,0.0,1.00000517325399,6.729334812378075,0.35185,5.634473684210525,0.4849444709455866,19.318920028267268,41.06153070936679,-0.37930546588949593,5.6481357185097565,0.019321034195579616,35478.333333333336,351850.0,0.0002934925803311972,0.005183734798467265,60.02579020671843,1,0,0
2022,6,Pennsylvania,102,Blueberries,5.839367088607594,1.2575141756576254,3.39,9.35,26329.0,333.27848101265823,31123.0,3.95012658227848,79,552.0,Blueberries,351850.0,52286.0,6729.3,Exact,1,3,3,1,0,3,351850.0,0.0,1.00000517325399,6.729334812378075,0.35185,6.032948717948718,-3.208739844998111,21.535110853212032,47.827340895981564,0.8869300678012844,5.936157903278156,0.13688288282024896,31735.666666666668,351850.0,0.0001982023703378941,0.003394244056424885,59.43578916856108,1,0,0
2022,7,Ohio,102,Blueberries,5.827179487179486,1.1529486730512521,3.79,8.15,27303.0,350.03846153846155,31576.0,3.954743589743591,78,552.0,Blueberries,351850.0,52286.0,6729.3,Exact,1,3,3,1,0,3,351850.0,0.0,1.00000517325399,6.729334812378075,0.35185,5.602452830188677,4.0112190821112295,19.785707229164323,47.34658151522021,0.8000210644571821,5.714816158684082,0.1589057430715842,36121.0,351850.0,0.00020510557544616345,0.0035198087839480663,59.52340595822301,1,0,0
2022,8,Georgia,102,Blueberries,5.626052631578949,1.1289677632803852,3.32,8.01,23613.0,310.69736842105266,27909.0,3.8896052631578955,76,552.0,Blueberries,351850.0,52286.0,6729.3,Exact,1,3,3,1,0,3,351850.0,0.0,1.00000517325399,6.729334812378075,0.35185,5.674069767441858,-0.8462556477263329,20.066782826443998,44.64327999729374,-0.6342016305566631,5.650061199510404,0.03395324238181881,32265.666666666668,351850.0,0.0001712630442488201,0.003044106684809936,56.65207164822374,1,0,0
2022,9,North Carolina,102,Blueberries,5.641304347826087,1.188186555625799,3.54,8.49,36373.0,395.35869565217394,43160.0,3.8914130434782597,92,552.0,Blueberries,351850.0,52286.0,6729.3,Exact,1,3,3,1,0,3,351850.0,0.0,1.00000517325399,6.729334812378075,0.35185,5.9658208955223895,-5.439595880926738,21.062266496642295,44.968017653138226,-0.5254426211531547,5.803562621674239,0.22946785148330323,36052.333333333336,351850.0,0.0002645253847815092,0.004689081965298429,59.24277540309276,1,0,0
2023,1,California,102,Blueberries,5.567234042553191,1.2689589368237146,3.51,8.9,32735.0,348.24468085106383,38522.0,3.9021276595744676,94,552.0,Blueberries,333660.0,51315.0,6502.2,Exact,1,4,4,1,0,4,333660.0,0.0,0.9999988221556761,6.5021923414206375,0.33366,5.779354838709677,-3.6703196477177222,22.79334633903332,42.67175572519085,-1.0536332127665544,5.673294440631434,0.14999205339294072,33817.333333333336,342755.0,0.0002477501556276358,0.00445014802205109,57.87824929330806,1,0,0
2023,10,Michigan,102,Blueberries,5.745671641791045,1.2082622431090948,3.57,8.98,22772.0,339.8805970149254,27125.0,3.930149253731344,67,552.0,Blueberries,333660.0,51315.0,6502.2,Exact,1,4,4,1,0,4,333660.0,0.0,0.9999988221556761,6.5021923414206375,0.33366,5.7039743589743575,0.7310215683400295,21.029086213712944,46.19474403767277,0.21879385176729385,5.724823000382701,0.029484431436733034,26245.666666666668,333660.0,0.0001778705670869257,0.003095731503227354,57.648224840262245,1,0,0
2023,11,New Jersey,102,Blueberries,5.790877192982457,1.2414971962193682,3.35,8.65,25820.0,452.9824561403509,30369.0,3.891052631578947,57,552.0,Blueberries,333660.0,51315.0,6502.2,Exact,1,4,4,1,0,4,333660.0,0.0,0.9999988221556761,6.5021923414206375,0.33366,5.704659090909091,1.51136291756263,21.438845184350455,48.82546553045676,0.54115173513272,5.747768141945774,0.060965404637110636,30111.666666666668,333660.0,0.00020326504686728284,0.003510090787516699,58.8291936011626,1,0,0
2023,12,Virginia,102,Blueberries,5.511882352941177,1.0860834990675343,3.55,8.29,36779.0,432.6941176470588,43616.0,3.892470588235294,85,552.0,Blueberries,333660.0,51315.0,6502.2,Exact,1,4,4,1,0,4,333660.0,0.0,0.9999988221556761,6.5021923414206375,0.33366,5.505479452054794,0.11630051373623981,19.70440277064319,41.6036994499184,-1.448342557830771,5.508680902497986,0.004527534636026666,33952.666666666664,333660.0,0.00027558905635164565,0.004999908174828686,57.9448179644959,1,0,0
2023,13,Washington,102,Blueberries,5.708717948717949,1.0998481110889209,3.41,7.7,31214.0,400.1794871794872,36363.0,3.8885897435897427,78,552.0,Blueberries,333660.0,51315.0,6502.2,Exact,1,4,4,1,0,4,333660.0,0.0,0.9999988221556761,6.5021923414206375,0.33366,5.707391304347828,0.023244321256016037,19.26611405518681,46.806897233853185,-0.04472056112282126,5.708054626532888,0.000938079230335185,30827.0,333660.0,0.00024224237955154874,0.004243376213847647,59.07754699183781,1,0,0
2023,14,Arizona,102,Blueberries,6.2124444444444435,1.3912934012420153,3.55,9.23,35500.0,394.44444444444446,42874.0,4.114555555555555,90,552.0,Blueberries,333660.0,51315.0,6502.2,Exact,1,4,4,1,0,4,333660.0,0.0,0.9999988221556761,6.5021923414206375,0.33366,5.831578947368422,6.531087043722385,22.395265079371406,50.98701088277391,3.5473207408384626,6.022011695906433,0.2693125757024398,39160.333333333336,333660.0,0.0002998147414563644,0.004826034971217769,65.08974447198317,1,0,0
2023,15,Massachusetts,102,Blueberries,5.867926829268292,1.1540671373637275,3.29,8.36,40179.0,489.9878048780488,47665.0,4.035243902439024,82,552.0,Blueberries,333660.0,51315.0,6502.2,Exact,1,4,4,1,0,4,333660.0,0.0,0.9999988221556761,6.5021923414206375,0.33366,5.720361445783134,2.5796513888809947,19.66737437159957,45.416905920396495,1.090587744927386,5.794144137525713,0.10434448333074829,36244.666666666664,333660.0,0.00032051320345333293,0.00546211997488898,62.206623685902144,1,0,0
2023,2,Texas,102,Blueberries,5.402238805970148,1.0580067320853621,3.55,8.57,27829.0,415.35820895522386,32833.0,3.810149253731343,67,552.0,Blueberries,333660.0,51315.0,6502.2,Exact,1,4,4,1,0,4,333660.0,0.0,0.9999988221556761,6.5021923414206375,0.33366,5.837288135593219,-7.4529356700816525,19.58459761008959,41.78549044186773,-2.230203652203916,5.619763470781684,0.3076263311271353,31835.333333333332,333660.0,0.00020437769209633922,0.0037832035834935024,55.285808863335674,1,0,0
2023,3,Florida,102,Blueberries,5.465432098765431,1.2292345681182213,3.4,9.23,33461.0,413.0987654320988,38991.0,3.871481481481482,81,552.0,Blueberries,333660.0,51315.0,6502.2,Exact,1,4,4,1,0,4,333660.0,0.0,0.9999988221556761,6.5021923414206375,0.33366,5.562068965517242,-1.7374266186004443,22.491077483075657,41.17159348193497,-1.7795763382679852,5.513750532141337,0.06833258379282632,35615.333333333336,333660.0,0.00024861397112609286,0.0045488438358286705,56.93977747635697,1,0,0
2023,4,New York,102,Blueberries,5.583132530120483,1.188092268436728,2.57,8.49,30597.0,368.6385542168675,36404.0,3.898674698795181,83,552.0,Blueberries,333660.0,51315.0,6502.2,Exact,1,4,4,1,0,4,333660.0,0.0,0.9999988221556761,6.5021923414206375,0.33366,5.545747126436779,0.6741274499424291,21.280029840364357,43.205908711641285,-0.9402621186015252,5.564439828278631,0.02643547246214349,31694.0,333660.0,0.00023223030639555353,0.004159498366601412,57.66644472120582,1,0,0
2023,5,Illinois,102,Blueberries,5.670609756097561,1.2140142041199016,3.52,8.73,30401.0,370.7439024390244,34848.0,3.88670731707317,82,552.0,Blueberries,333660.0,51315.0,6502.2,Exact,1,4,4,1,0,4,351850.0,-5.169816683245701,0.9999988221556761,6.5021923414206375,0.33366,5.6617977528089884,0.1556396691174793,21.408882930349453,45.89752439521826,-0.3164676361662038,5.666203754453274,0.006231027281187977,35778.333333333336,333660.0,0.00023435797765889528,0.004132853215774406,58.53352909878777,1,0,0
2023,6,Pennsylvania,102,Blueberries,5.856172839506172,1.3466881301003164,3.39,9.12,33546.0,414.14814814814815,39198.0,3.9870370370370374,81,552.0,Blueberries,333660.0,51315.0,6502.2,Exact,1,4,4,1,0,4,333660.0,0.0,0.9999988221556761,6.5021923414206375,0.33366,5.839367088607594,0.28780089765832956,22.99604480618228,46.880322031274154,1.0067707985357288,5.847769964056884,0.01188346042331622,32585.333333333332,333660.0,0.00026706485527275243,0.004560399130830178,61.02543623522892,1,0,0
2023,7,Ohio,102,Blueberries,5.995263157894737,1.2481992081226037,3.97,9.04,31462.0,413.9736842105263,37242.0,4.000131578947368,76,552.0,Blueberries,333660.0,51315.0,6502.2,Exact,1,4,4,1,0,4,333660.0,0.0,0.9999988221556761,6.5021923414206375,0.33366,5.827179487179486,2.8844773202036333,20.81975678547052,49.87664879444757,1.9986149294149276,5.911221322537111,0.11885310336948045,35458.333333333336,333660.0,0.00025642283015632163,0.004277090486322633,62.0903477623648,1,0,0
2023,8,Georgia,102,Blueberries,5.836292134831462,1.1181898745318786,3.55,8.41,29966.0,336.69662921348316,34716.0,4.003146067415729,89,552.0,Blueberries,333660.0,51315.0,6502.2,Exact,1,4,4,1,0,4,333660.0,0.0,0.9999988221556761,6.5021923414206375,0.33366,5.626052631578949,3.7368918675314533,19.159251262602695,45.79263500617499,0.8650027698346371,5.731172383205205,0.1486617784231432,29514.666666666668,333660.0,0.00023775404204227254,0.004073717294296104,60.15963587677159,1,0,0
2023,9,North Carolina,102,Blueberries,5.5433766233766235,1.3529807350610514,2.94,8.53,24826.0,322.4155844155844,29589.0,3.9057142857142852,77,552.0,Blueberries,333660.0,51315.0,6502.2,Exact,1,4,4,1,0,4,333660.0,0.0,0.9999988221556761,6.5021923414206375,0.33366,5.641304347826087,-1.7359057127843223,24.407158794794526,41.92990623129616,-1.2237589372767153,5.592340485601355,0.06924535802438324,29979.333333333332,333660.0,0.00018708684393044407,0.0033749618083226017,56.09723662672797,1,0,0
2019,1,California,103,Strawberries,7.148369565217391,1.4373114990972458,10.05,9.97,41230.0,448.1521739130435,48677.0,4.9869565217391285,92,544.0,Strawberries,1035100.0,17600.0,58812.5,Exact,1,4,0,0,0,0,1035100.0,0.0,1.0,58.8125,1.0351,,,20.106843749250608,43.34132519616396,-0.24218091762943075,7.148369565217391,,41230.0,1035100.0,0.00012915293512062546,0.0018067467545195076,75.96533506720435,1,0,0
2019,10,Michigan,103,Strawberries,6.713428571428572,1.4842573761285918,10.16,9.12,31401.0,448.5857142857143,37292.0,4.701285714285713,70,544.0,Strawberries,1035100.0,17600.0,58812.5,Exact,1,4,0,0,0,0,1035100.0,0.0,1.0,58.8125,1.0351,,,22.108783318934634,42.79984198851385,-2.5052439213759974,6.713428571428572,,31401.0,1035100.0,9.237869011774784e-05,0.0013760284947530212,69.51504783616889,1,0,0
2019,11,New Jersey,103,Strawberries,7.090140845070423,1.7069877336221306,10.09,9.69,29176.0,410.92957746478874,33243.0,4.856619718309858,71,544.0,Strawberries,1035100.0,17600.0,58812.5,Exact,1,4,0,0,0,0,1035100.0,0.0,1.0,58.8125,1.0351,,,24.075512333566003,45.989211762658826,-0.5451536523266272,7.090140845070423,,29176.0,1035100.0,9.064932222258547e-05,0.0012785263960674548,72.89470233445579,1,0,0
2019,12,Virginia,103,Strawberries,7.6063636363636355,1.4472249956685295,10.98,9.95,38942.0,442.52272727272725,45769.0,5.178295454545455,88,544.0,Strawberries,1035100.0,17600.0,58812.5,Exact,1,4,0,0,0,0,1035100.0,0.0,1.0,58.8125,1.0351,,,19.026502871224842,46.889332660361184,2.140830693480253,7.6063636363636355,,38942.0,1035100.0,0.00012980137252265788,0.0017064839222531816,80.39815552275795,1,0,0
2019,13,Washington,103,Strawberries,7.149999999999999,1.5006331996860525,10.01,9.51,27721.0,350.8987341772152,33491.0,4.976075949367088,79,544.0,Strawberries,1035100.0,17600.0,58812.5,Exact,1,4,0,0,0,0,1035100.0,0.0,1.0,58.8125,1.0351,,,20.98787691868605,43.6875174887436,-0.2336975217453154,7.149999999999999,,27721.0,1035100.0,8.685581166421347e-05,0.0012147665967022865,73.14436844552907,1,0,0
2019,14,Arizona,103,Strawberries,7.21426829268293,1.4248942178522077,10.08,9.75,36561.0,445.8658536585366,43890.0,4.884512195121953,82,544.0,Strawberries,1035100.0,17600.0,58812.5,Exact,1,4,0,0,0,0,,,1.0,58.8125,1.0351,,,19.75105665667309,47.696801737697555,0.10070001162519253,7.21426829268293,,36561.0,1035100.0,0.00011558309077920172,0.001602145721367638,75.79861964070193,1,0,0
2019,15,Massachusetts,103,Strawberries,7.118316831683168,1.2726979761961834,10.25,9.91,41283.0,408.74257425742576,48696.0,4.860792079207922,101,544.0,Strawberries,1035100.0,17600.0,58812.5,Exact,1,4,0,0,0,0,1035100.0,0.0,1.0,58.8125,1.0351,,,17.87919821904368,46.443557257505965,-0.39854978235818594,7.118316831683168,,41283.0,1035100.0,0.00012877528280026942,0.001809069276420782,75.65511059766706,1,0,0
2019,2,Texas,103,Strawberries,6.917111111111113,1.5109497306790853,10.33,9.78,41060.0,456.22222222222223,49129.0,4.932000000000002,90,544.0,Strawberries,1035100.0,17600.0,58812.5,Exact,1,4,0,0,0,0,1035100.0,0.0,1.0,58.8125,1.0351,,,21.843652738959367,40.24961701360727,-1.4454532218391567,6.917111111111113,,41060.0,1035100.0,0.00012445938349738613,0.0017992971559682512,73.47918506110233,1,0,0
2019,3,Florida,103,Strawberries,7.124022988505749,1.3450766899292268,10.15,9.95,31555.0,362.7011494252874,36972.0,4.853908045977012,87,544.0,Strawberries,1035100.0,17600.0,58812.5,Exact,1,4,0,0,0,0,1035100.0,0.0,1.0,58.8125,1.0351,,,18.88085835909626,46.76880816500512,-0.36885979547911424,7.124022988505749,,31555.0,1035100.0,9.850934812668197e-05,0.001382776954617101,73.80145167837017,1,0,0
2019,4,New York,103,Strawberries,7.16762886597938,1.505354867628032,10.12,9.77,47374.0,488.3917525773196,55004.0,4.9264948453608275,97,544.0,Strawberries,1035100.0,17600.0,58812.5,Exact,1,4,0,0,0,0,1035100.0,0.0,1.0,58.8125,1.0351,,,21.00213188733986,45.49145165003024,-0.14197189696938076,7.16762886597938,,47374.0,1035100.0,0.00014879882918222547,0.002075984010395517,77.16561681383922,1,0,0
2019,5,Illinois,103,Strawberries,7.089999999999997,1.5210899600834484,10.46,9.72,32168.0,423.2631578947368,38461.0,4.954736842105265,76,544.0,Strawberries,1035100.0,17600.0,58812.5,Exact,1,4,0,0,0,0,1035100.0,0.0,1.0,58.8125,1.0351,,,21.4540191831234,43.09538984491172,-0.5458864902809547,7.089999999999997,,32168.0,1035100.0,9.994342853738273e-05,0.0014096393305695737,73.5853980123577,1,0,0
2019,6,Pennsylvania,103,Strawberries,7.177160493827159,1.6114583725370488,10.28,9.97,38029.0,469.4938271604938,45404.0,4.957777777777777,81,544.0,Strawberries,1035100.0,17600.0,58812.5,Exact,1,4,0,0,0,0,1035100.0,0.0,1.0,58.8125,1.0351,,,22.452589348155325,44.765675581453245,-0.09237741253165326,7.177160493827159,,38029.0,1035100.0,0.0001196055994007218,0.0016664751959161379,75.69127191168126,1,0,0
2019,7,Ohio,103,Strawberries,7.306829268292681,1.715864881474783,10.08,9.96,37864.0,461.7560975609756,44124.0,4.93,82,544.0,Strawberries,1035100.0,17600.0,58812.5,Exact,1,4,0,0,0,0,1035100.0,0.0,1.0,58.8125,1.0351,,,23.48302962162565,48.21154702419232,0.582308603329525,7.306829268292681,,37864.0,1035100.0,0.00012123817760635148,0.0016592447032046237,77.02700477614941,1,0,0
2019,8,Georgia,103,Strawberries,6.95178082191781,1.5879680783820647,12.1,9.98,25371.0,347.54794520547944,30269.0,4.917671232876714,73,544.0,Strawberries,1035100.0,17600.0,58812.5,Exact,1,4,0,0,0,0,1035100.0,0.0,1.0,58.8125,1.0351,,,22.842608520905394,41.363269171843214,-1.2650615342363043,6.95178082191781,,25371.0,1035100.0,7.7288985159549e-05,0.0011117868520231489,70.50080033517662,1,0,0
2019,9,North Carolina,103,Strawberries,7.737105263157894,1.5467288629357754,10.0,9.75,41500.0,546.0526315789474,48701.0,5.1343421052631575,76,544.0,Strawberries,1035100.0,17600.0,58812.5,Exact,1,4,0,0,0,0,1035100.0,0.0,1.0,58.8125,1.0351,,,19.99105363476054,50.69321647318111,2.8210989203730894,7.737105263157894,,41500.0,1035100.0,0.0001407053305066293,0.0018185784698656214,82.27229838443012,1,0,0
2020,1,California,103,Strawberries,7.275820895522387,1.4936168723521246,10.3,9.55,26378.0,393.7014925373134,31262.0,4.965970149253732,67,544.0,Strawberries,1209730.0,18818.0,64285.8,Exact,1,1,1,0,0,1,1209730.0,0.0,0.9999998475693155,64.2857902008715,1.20973,7.148369565217391,1.7829426576537175,20.528499722571667,46.51358499639334,0.42096740481075234,7.212095230369889,0.09012169992990951,33804.0,1122415.0,7.196174233287881e-05,0.000989053240400197,74.07021057578517,1,0,0
2020,10,Michigan,103,Strawberries,7.582023809523809,1.6132185741867018,10.06,9.97,35356.0,420.9047619047619,41564.0,5.0528571428571425,84,544.0,Strawberries,1209730.0,18818.0,64285.8,Exact,1,1,1,0,0,1,1209730.0,0.0,0.9999998475693155,64.2857902008715,1.20973,6.713428571428572,12.938176504802012,21.27688615485923,50.054189049099996,2.0141869362225653,7.147726190476191,0.6141895829634858,33378.5,1209730.0,0.00010051388869266051,0.0013256867983770329,79.4084435366252,1,0,0
2020,11,New Jersey,103,Strawberries,7.357073170731707,1.5174340653643221,10.08,9.89,35183.0,429.0609756097561,40783.0,5.001341463414635,82,544.0,Strawberries,1209730.0,18818.0,64285.8,Exact,1,1,1,0,0,1,1209730.0,0.0,0.9999998475693155,64.2857902008715,1.20973,7.090140845070423,3.7648381251392777,20.625512756907973,47.10199702518834,0.8437351379569314,7.223607007901065,0.1887496575929894,32179.5,1209730.0,9.705451640000739e-05,0.0013192000969368463,77.01639274261818,1,0,0
2020,12,Virginia,103,Strawberries,7.72275,1.5887141325413796,10.03,9.98,36700.0,458.75,43664.0,5.280875,80,544.0,Strawberries,1209730.0,18818.0,64285.8,Exact,1,1,1,0,0,1,1209730.0,0.0,0.9999998475693155,64.2857902008715,1.20973,7.6063636363636355,1.530118321979209,20.571870545354695,46.23996970199067,2.7464063404010775,7.6645568181818176,0.0822975869649164,37821.0,1209730.0,0.0001062712641145776,0.0013760805945366302,81.17042169219144,1,0,0
2020,13,Washington,103,Strawberries,6.921486486486484,1.6047631860734242,10.0,9.11,28651.0,387.1756756756757,33090.0,4.8171621621621625,74,544.0,Strawberries,1209730.0,18818.0,64285.8,Exact,1,1,1,0,0,1,1209730.0,0.0,0.9999998475693155,64.2857902008715,1.20973,7.149999999999999,-3.1959931959932146,23.185239026422504,43.683900468482555,-1.422687489749272,7.035743243243241,0.16158345499817006,28186.0,1209730.0,7.435616221582956e-05,0.0010742802483397545,71.0350671908142,1,0,0
2020,14,Arizona,103,Strawberries,7.165714285714286,1.353024533134318,10.87,9.91,40240.0,479.04761904761904,47401.0,4.858571428571428,84,544.0,Strawberries,1209730.0,18818.0,64285.8,Exact,1,1,1,0,0,1,1209730.0,0.0,0.9999998475693155,64.2857902008715,1.20973,7.21426829268293,-0.6730274644469425,18.881921315670304,47.48603351955311,-0.15193374427168668,7.189991289198608,0.03433286758130681,38400.5,1209730.0,0.00010811731854836766,0.001508814254064142,75.97550077611876,1,0,0
2020,15,Massachusetts,103,Strawberries,7.157472527472526,1.3675026657756617,10.22,9.97,39118.0,429.86813186813185,45718.0,4.8856043956043935,91,544.0,Strawberries,1209730.0,18818.0,64285.8,Exact,1,1,1,0,0,1,1209730.0,0.0,0.9999998475693155,64.2857902008715,1.20973,7.118316831683168,0.5500695840775048,19.1059436208351,46.501270833801975,-0.1948168443452716,7.1378946795778475,0.02768725801473303,40200.5,1209730.0,0.00010498182985187786,0.0014667444331630491,75.68571668658379,1,0,0
2020,2,Texas,103,Strawberries,6.869024390243903,1.350090632308496,10.83,9.24,28484.0,347.3658536585366,32939.0,4.746585365853657,82,544.0,Strawberries,1209730.0,18818.0,64285.8,Exact,1,1,1,0,0,1,1209730.0,0.0,0.9999998475693155,64.2857902008715,1.20973,6.917111111111113,-0.6951850287610272,19.65476544567281,44.71507116797704,-1.6956556183024092,6.893067750677508,0.03400244641022885,34772.0,1209730.0,7.336245257643438e-05,0.0010680185192038522,70.45649614591414,1,0,0
2020,3,Florida,103,Strawberries,7.196091954022987,1.5468425126327496,10.38,9.97,29625.0,340.51724137931035,35765.0,4.889425287356322,87,544.0,Strawberries,1209730.0,18818.0,64285.8,Exact,1,1,1,0,0,1,1209730.0,0.0,0.9999998475693155,64.2857902008715,1.20973,7.124022988505749,1.0116329724583588,21.49559125308265,47.176642061215816,0.0061258046584926696,7.160057471264368,0.050960454230338105,30590.0,1209730.0,7.99342435688159e-05,0.0011108007524018438,74.09389612419399,1,0,0
2020,4,New York,103,Strawberries,7.368461538461538,1.5683075967260751,10.03,9.79,44807.0,492.38461538461536,52619.0,4.997362637362636,91,544.0,Strawberries,1209730.0,18818.0,64285.8,Exact,1,1,1,0,0,1,1209730.0,0.0,0.9999998475693155,64.2857902008715,1.20973,7.16762886597938,2.801940170694321,21.284057581625408,47.4470050136336,0.9029905175382751,7.26804520222046,0.1420101445959509,46090.5,1209730.0,0.00012379425609035407,0.0016800556730082504,78.91726920606855,1,0,0
2020,5,Illinois,103,Strawberries,7.01320987654321,1.6917171950125807,10.03,9.98,28793.0,355.4691358024691,34013.0,4.854567901234568,81,544.0,Strawberries,1209730.0,18818.0,64285.8,Exact,1,1,1,0,0,1,1035100.0,16.87083373587093,0.9999998475693155,64.2857902008715,1.20973,7.089999999999997,-1.0830764944539768,24.121867515626423,44.466202126036315,-0.945436980875924,7.051604938271604,0.05429881702444621,30480.5,1209730.0,7.571493593508672e-05,0.001079604592874474,72.01109416368882,1,0,0
2020,6,Pennsylvania,103,Strawberries,7.313913043478259,1.6993702495638565,10.06,9.98,36366.0,395.2826086956522,42792.0,5.0567391304347815,92,544.0,Strawberries,1209730.0,18818.0,64285.8,Exact,1,1,1,0,0,1,1209730.0,0.0,0.9999998475693155,64.2857902008715,1.20973,7.177160493827159,1.9053851417801744,23.23476146710778,44.63694596105067,0.6191665444715884,7.245536768652709,0.09669865520284233,37197.5,1209730.0,9.972938324455169e-05,0.0013635571362648254,76.80645112978765,1,0,0
2020,7,Ohio,103,Strawberries,7.148686868686869,1.565474855562119,10.35,9.9,39612.0,400.1212121212121,46793.0,4.95969696969697,99,544.0,Strawberries,1209730.0,18818.0,64285.8,Exact,1,1,1,0,0,1,1209730.0,0.0,0.9999998475693155,64.2857902008715,1.20973,7.306829268292681,-2.164309494571835,21.898775038242494,44.13555732062483,-0.24052994024861274,7.227758068489775,0.11182356315438262,38738.0,1209730.0,0.00010617709792302524,0.001485267152882425,75.68252327083569,1,0,0
2020,8,Georgia,103,Strawberries,7.237936507936508,1.6363976552862443,10.56,9.99,26524.0,421.015873015873,31286.0,4.961904761904761,63,544.0,Strawberries,1209730.0,18818.0,64285.8,Exact,1,1,1,0,0,1,1209730.0,0.0,0.9999998475693155,64.2857902008715,1.20973,6.95178082191781,4.116293268575117,22.608621303763982,45.87012156110048,0.22384927341009134,7.094858664927159,0.20234262605891035,25947.5,1209730.0,7.19832738151047e-05,0.0009945275664711057,73.72448464949589,1,0,0
2020,9,North Carolina,103,Strawberries,7.213670886075951,1.393939425177647,10.03,9.66,31622.0,400.27848101265823,36804.0,4.89,79,544.0,Strawberries,1209730.0,18818.0,64285.8,Exact,1,1,1,0,0,1,1209730.0,0.0,0.9999998475693155,64.2857902008715,1.20973,7.737105263157894,-6.7652482327518975,19.323579453399677,47.51883202609307,0.09759161575137261,7.475388074616923,0.37012399754079855,36561.0,1209730.0,8.553098330280421e-05,0.0011856790343443412,74.74546067681432,1,0,0
2021,1,California,103,Strawberries,7.241547619047623,1.4951258109189982,10.37,9.74,30110.0,358.45238095238096,36716.0,5.08154761904762,84,544.0,Strawberries,1211090.0,21246.0,57003.2,Exact,1,2,2,0,0,2,1211090.0,0.0,1.0000000105689917,57.00320060246634,1.21109,7.275820895522387,-0.47105717646041495,20.64649560525338,42.50673538713839,0.2426384242941971,7.2586842572850045,0.024234866208787443,32572.666666666668,1210410.0,8.166425138683639e-05,0.001127718212775856,74.67951587429077,1,0,0
2021,10,Michigan,103,Strawberries,6.976626506024096,1.3263237999130122,11.36,9.98,32985.0,397.4096385542169,38952.0,4.919036144578315,83,544.0,Strawberries,1211090.0,21246.0,57003.2,Exact,1,2,2,0,0,2,1211090.0,0.0,1.0000000105689917,57.00320060246634,1.21109,7.582023809523809,-7.984639968279596,19.01096179891203,41.829136866856025,-1.1357857260079098,7.279325157773952,0.4280805386166977,33247.333333333336,1211090.0,8.618899187295268e-05,0.0012353963881903554,72.58369549936349,1,0,0
2021,11,New Jersey,103,Strawberries,7.153139534883722,1.3637769885207058,10.15,9.72,34528.0,401.48837209302326,40624.0,4.953255813953487,86,544.0,Strawberries,1211090.0,21246.0,57003.2,Exact,1,2,2,0,0,2,1211090.0,0.0,1.0000000105689917,57.00320060246634,1.21109,7.357073170731707,-2.771939752608205,19.06543248415571,44.412883233954695,-0.21736205246146295,7.255106352807714,0.14420285682013825,32962.333333333336,1211090.0,9.250345601960388e-05,0.0012931867967693376,74.74712377383533,1,0,0
2021,12,Virginia,103,Strawberries,6.978043478260872,1.4887521429518793,10.23,9.7,45357.0,493.0108695652174,53306.0,4.870543478260869,92,544.0,Strawberries,1211090.0,21246.0,57003.2,Exact,1,2,2,0,0,2,1211090.0,0.0,1.0000000105689917,57.00320060246634,1.21109,7.72275,-9.64302252098187,21.334807494247926,43.270325157892465,-1.1284130076571963,7.350396739130436,0.526587031515584,40333.0,1211090.0,0.00011854079396146702,0.0016987683486175522,74.82096758820177,1,0,0
2021,13,Washington,103,Strawberries,7.14,1.5663663729976556,10.64,9.78,29694.0,353.5,35195.0,4.852976190476191,84,544.0,Strawberries,1211090.0,21246.0,57003.2,Exact,1,2,2,0,0,2,1211090.0,0.0,1.0000000105689917,57.00320060246634,1.21109,6.921486486486484,3.157031570315739,21.937904383720667,47.1262112105973,-0.2857290165012484,7.030743243243242,0.1545123871863054,28688.666666666668,1211090.0,7.940662813569815e-05,0.0011121376489593578,73.5329604776127,1,0,0
2021,14,Arizona,103,Strawberries,7.278518518518518,1.652118421233108,10.05,9.5,36376.0,449.08641975308643,43559.0,5.159135802469134,81,544.0,Strawberries,1211090.0,21246.0,57003.2,Exact,1,2,2,0,0,2,1211090.0,0.0,1.0000000105689917,57.00320060246634,1.21109,7.165714285714286,1.574221749660329,22.698553517857682,41.08018856636918,0.43500354048841944,7.222116402116402,0.07976463796241814,37725.666666666664,1211090.0,9.916256943261491e-05,0.0013624004552618577,76.43675959427843,1,0,0
2021,15,Massachusetts,103,Strawberries,7.115675675675677,1.2431082134549372,10.29,9.9,32049.0,433.0945945945946,37163.0,5.0010810810810815,74,544.0,Strawberries,1211090.0,21246.0,57003.2,Exact,1,2,2,0,0,2,1211090.0,0.0,1.0000000105689917,57.00320060246634,1.21109,7.157472527472526,-0.5839610510053767,17.46999540330928,42.2827496757458,-0.41229211185352455,7.1365741015741015,0.029554837337801534,37483.333333333336,1211090.0,8.541230991598372e-05,0.001200340119603235,73.8255084401945,1,0,0
2021,2,Texas,103,Strawberries,6.953246753246756,1.44246995914942,11.38,9.93,35424.0,460.05194805194805,40633.0,4.817792207792209,77,544.0,Strawberries,1211090.0,21246.0,57003.2,Exact,1,2,2,0,0,2,1211090.0,0.0,1.0000000105689917,57.00320060246634,1.21109,6.869024390243903,1.2261182697571074,20.74527210580973,44.324338895328474,-1.257434074410842,6.91113557174533,0.059554204006871815,34989.333333333336,1211090.0,9.225184906253578e-05,0.0013267449342202562,72.83646310084191,1,0,0
2021,3,Florida,103,Strawberries,7.21901408450704,1.562424082662741,10.32,9.97,20871.0,293.9577464788732,24513.0,4.901126760563381,71,544.0,Strawberries,1211090.0,21246.0,57003.2,Exact,1,2,2,0,0,2,1209730.0,0.11242178006662645,1.0000000105689917,57.00320060246634,1.21109,7.196091954022987,0.31853581958799976,21.643178200966666,47.29294787056722,0.12539307586608844,7.2075530192650135,0.016208393904516914,27350.333333333332,1211090.0,5.643012159639511e-05,0.0007816873735916601,71.80149675260321,1,0,0
2021,4,New York,103,Strawberries,7.052380952380953,1.341776936417785,11.0,9.67,31214.0,371.5952380952381,36638.0,4.962738095238095,84,544.0,Strawberries,1211090.0,21246.0,57003.2,Exact,1,2,2,0,0,2,1211090.0,0.0,1.0000000105689917,57.00320060246634,1.21109,7.368461538461538,-4.289641527349002,19.025871481953736,42.10665195384655,-0.7416240181723248,7.210421245421246,0.22350272581900013,41131.666666666664,1211090.0,8.244703248533192e-05,0.0011690666321350239,72.98265054629212,1,0,0
2021,5,Illinois,103,Strawberries,7.344197530864199,1.5442723725087577,10.03,9.98,42015.0,518.7037037037037,48046.0,4.943827160493826,81,544.0,Strawberries,1211090.0,21246.0,57003.2,Exact,1,2,2,0,0,2,1211090.0,0.0,1.0000000105689917,57.00320060246634,1.21109,7.01320987654321,4.719488795394951,21.02710835348463,48.5528780122363,0.7767412591323737,7.178703703703705,0.23404361485940012,34325.333333333336,1211090.0,0.00011556825505095513,0.001573599492187897,78.18490050225617,1,0,0
2021,6,Pennsylvania,103,Strawberries,7.315483870967738,1.6005478111986153,10.05,9.65,34468.0,370.6236559139785,41448.0,4.946344086021506,93,544.0,Strawberries,1211090.0,21246.0,57003.2,Exact,1,2,2,0,0,2,1211090.0,0.0,1.0000000105689917,57.00320060246634,1.21109,7.313913043478259,0.021477251372032193,21.878905612116192,47.89678485250311,0.627339794699723,7.314698457222999,0.001110742769885319,36287.666666666664,1211090.0,9.443847822669305e-05,0.0012909396000650348,76.43082686239353,1,0,0
2021,7,Ohio,103,Strawberries,7.470853658536587,1.5196776796165434,10.26,9.92,41614.0,507.4878048780488,47981.0,5.1587804878048775,82,544.0,Strawberries,1211090.0,21246.0,57003.2,Exact,1,2,2,0,0,2,1211090.0,0.0,1.0000000105689917,57.00320060246634,1.21109,7.148686868686869,4.50665689751909,20.341419455862056,44.818211904874524,1.4357520234117087,7.309770263611728,0.22780632177583715,39696.666666666664,1211090.0,0.00011643928530522668,0.0015585807275474747,79.46161290415574,1,0,0
2021,8,Georgia,103,Strawberries,7.130425531914895,1.4266412279615384,10.0,9.66,37902.0,403.21276595744683,44677.0,4.918617021276595,94,544.0,Strawberries,1211090.0,21246.0,57003.2,Exact,1,2,2,0,0,2,1211090.0,0.0,1.0000000105689917,57.00320060246634,1.21109,7.237936507936508,-1.4853815849824858,20.00779927615919,44.96809776143619,-0.33554640509735084,7.184181019925702,0.07602174019686707,29932.333333333332,1211090.0,0.00010122025212908906,0.0014195541581079538,75.17454721766497,1,0,0
2021,9,North Carolina,103,Strawberries,7.214545454545456,1.4228334278570272,10.27,9.88,47330.0,537.8409090909091,56617.0,4.877159090909091,88,544.0,Strawberries,1211090.0,21246.0,57003.2,Exact,1,2,2,0,0,2,1211090.0,0.0,1.0000000105689917,57.00320060246634,1.21109,7.213670886075951,0.012123764492679625,19.72173350104246,47.92516135045088,0.10214212622484767,7.214108170310704,0.0006184132953988154,40150.666666666664,1211090.0,0.0001278896260054849,0.0017726636669107027,77.66401007213207,1,0,0
2022,1,California,103,Strawberries,7.252758620689653,1.3281607230206818,10.5,9.88,24842.0,285.5402298850575,29365.0,5.081609195402299,87,544.0,Strawberries,1293650.0,22784.0,56778.9,Exact,1,3,3,1,0,3,1293650.0,0.0,0.9999996462723006,56.778879915730336,1.29365,7.241547619047623,0.1548149957964973,18.312490356867677,42.72562768604383,0.3009709416088071,7.247153119868638,0.00792737528497288,27110.0,1252370.0,6.317412648175582e-05,0.0008710358332006463,73.40032009265313,1,0,0
2022,10,Michigan,103,Strawberries,7.3826744186046485,1.616630063848218,10.36,9.88,29140.0,338.83720930232556,34661.0,4.967906976744188,86,544.0,Strawberries,1293650.0,22784.0,56778.9,Exact,1,3,3,1,0,3,1293650.0,0.0,0.9999996462723006,56.778879915730336,1.29365,6.976626506024096,5.8201182509905465,21.89762099997587,48.607340136691214,0.9769422574015767,7.179650462314372,0.2871192324723511,32493.666666666668,1293650.0,7.543149718025026e-05,0.001021736743396942,75.89316506387522,1,0,0
2022,11,New Jersey,103,Strawberries,7.465,1.230461585863498,10.23,9.55,25310.0,324.4871794871795,30154.0,5.0106410256410285,78,544.0,Strawberries,1293650.0,22784.0,56778.9,Exact,1,3,3,1,0,3,1293650.0,0.0,0.9999996462723006,56.778879915730336,1.29365,7.153139534883722,4.359770469951383,16.48307549716675,48.982933756364574,1.4052945630667597,7.30906976744186,0.22051864966771106,31673.666666666668,1293650.0,6.624779403609689e-05,0.0008874453320307688,75.68759291855385,1,0,0
2022,12,Virginia,103,Strawberries,7.6129787234042565,1.6948351839095472,10.05,9.86,34885.0,371.1170212765957,41498.0,5.065212765957447,94,544.0,Strawberries,1293650.0,22784.0,56778.9,Exact,1,3,3,1,0,3,1293650.0,0.0,0.9999996462723006,56.778879915730336,1.29365,6.978043478260872,9.099043981618014,22.262444773412902,50.299288009577246,2.175249980146668,7.295511100832565,0.44896701745522993,38980.666666666664,1293650.0,9.311996574601183e-05,0.0012231738604462018,79.63054608164794,1,0,0
2022,13,Washington,103,Strawberries,7.150493827160496,1.5743299378105022,11.08,9.91,23914.0,295.2345679012346,28548.0,4.905185185185184,81,544.0,Strawberries,1293650.0,22784.0,56778.9,Exact,1,3,3,1,0,3,1293650.0,0.0,0.9999996462723006,56.778879915730336,1.29365,7.14,0.1469723691946213,22.017079880980447,45.774187053256895,-0.23112806521414112,7.145246913580248,0.007420256345786267,27419.666666666668,1293650.0,5.995670052286834e-05,0.0008384973397939079,72.09314616061604,1,0,0
2022,14,Arizona,103,Strawberries,6.918602150537631,1.528847670204908,10.39,9.77,37349.0,401.60215053763443,44313.0,4.874086021505377,93,544.0,Strawberries,1293650.0,22784.0,56778.9,Exact,1,3,3,1,0,3,1293650.0,0.0,0.9999996462723006,56.778879915730336,1.29365,7.278518518518518,-4.94491244427231,22.09763817805457,41.946656665710606,-1.4376951208289812,7.0985603345280746,0.25449930445931784,37988.333333333336,1293650.0,9.060388079480093e-05,0.001309569170526163,72.83965359626491,1,0,0
2022,15,Massachusetts,103,Strawberries,7.258266666666667,1.6561754814104772,10.17,9.86,25389.0,338.52,29855.0,4.875466666666666,75,544.0,Strawberries,1293650.0,22784.0,56778.9,Exact,1,3,3,1,0,3,1293650.0,0.0,0.9999996462723006,56.778879915730336,1.29365,7.115675675675677,2.0038995239542032,22.81778222638753,48.8732702510529,0.3296301281456546,7.186971171171171,0.1008270566658389,32185.333333333332,1293650.0,6.461420121864562e-05,0.0008902153115341443,73.61414383980993,1,0,0
2022,2,Texas,103,Strawberries,7.4484946236559155,1.5397656133296782,10.14,9.98,37813.0,406.59139784946234,43444.0,5.040860215053764,93,544.0,Strawberries,1293650.0,22784.0,56778.9,Exact,1,3,3,1,0,3,1293650.0,0.0,0.9999996462723006,56.778879915730336,1.29365,6.953246753246756,7.122541281566173,20.672171910274148,47.762372013651905,1.3194146227975578,7.200870688451335,0.3501931275345134,33907.0,1293650.0,9.875500322570639e-05,0.0013258384172295321,78.5103710703599,1,0,0
2022,3,Florida,103,Strawberries,7.2217441860465135,1.642468151261076,10.51,9.81,31309.0,364.0581395348837,36728.0,4.930465116279072,86,544.0,Strawberries,1293650.0,22784.0,56778.9,Exact,1,3,3,1,0,3,1293650.0,0.0,0.9999996462723006,56.778879915730336,1.29365,7.21901408450704,0.03781820491710294,22.743372085023022,46.47186453469174,0.13959820225951744,7.220379135276777,0.0019304733118894707,27268.333333333332,1293650.0,7.927947422222775e-05,0.001097788459128856,74.75727739755818,1,0,0
2022,4,New York,103,Strawberries,7.1579999999999995,1.3435927653077553,10.02,9.98,30559.0,381.9875,36482.0,4.953125,80,544.0,Strawberries,1293650.0,22784.0,56778.9,Exact,1,3,3,1,0,3,1211090.0,6.816999562377693,0.9999996462723006,56.778879915730336,1.29365,7.052380952380953,1.4976367319378623,18.770505243193007,44.51482649842271,-0.1920723259405598,7.105190476190476,0.07468394479389258,35526.666666666664,1293650.0,7.669733904825733e-05,0.001071491185362634,73.9238673674015,1,0,0
2022,5,Illinois,103,Strawberries,7.185698924731183,1.3620631711787232,10.73,9.74,37521.0,403.4516129032258,44363.0,5.029462365591395,93,544.0,Strawberries,1293650.0,22784.0,56778.9,Exact,1,3,3,1,0,3,1293650.0,0.0,0.9999996462723006,56.778879915730336,1.29365,7.344197530864199,-2.1581473737181165,18.95519399638189,42.872108436310846,-0.04795068025099001,7.2649482277976904,0.11207543920527166,36109.666666666664,1293650.0,9.453505591436227e-05,0.0013156000119765498,75.6846867993759,1,0,0
2022,6,Pennsylvania,103,Strawberries,7.255657894736841,1.5914759066361983,10.02,9.89,28634.0,376.7631578947368,32770.0,5.027763157894737,76,544.0,Strawberries,1293650.0,22784.0,56778.9,Exact,1,3,3,1,0,3,1293650.0,0.0,0.9999996462723006,56.778879915730336,1.29365,7.315483870967738,-0.8177993046819864,21.934274323912568,44.31184737379288,0.3160562978470399,7.28557088285229,0.042303353483972496,33156.0,1293650.0,7.284643155053341e-05,0.0010039948493626644,74.46035492422212,1,0,0
2022,7,Ohio,103,Strawberries,7.491785714285713,1.7329793001456246,10.3,9.78,29200.0,347.6190476190476,33911.0,5.050476190476191,84,544.0,Strawberries,1293650.0,22784.0,56778.9,Exact,1,3,3,1,0,3,1293650.0,0.0,0.9999996462723006,56.778879915730336,1.29365,7.470853658536587,0.2801829175867783,23.131725415491967,48.338204789741624,1.544664638305877,7.48131968641115,0.014801198564382119,36808.666666666664,1293650.0,7.670393821136134e-05,0.0010238405252982398,77.03022781420141,1,0,0
2022,8,Georgia,103,Strawberries,7.12529411764706,1.6847513510444023,10.06,9.89,33056.0,388.8941176470588,38807.0,4.8765882352941174,85,544.0,Strawberries,1293650.0,22784.0,56778.9,Exact,1,3,3,1,0,3,1293650.0,0.0,0.9999996462723006,56.778879915730336,1.29365,7.130425531914895,-0.07196504955934438,23.64465695348372,46.11227714651037,-0.36224592055408983,7.127859824780978,0.003628457825863319,32494.0,1293650.0,8.258526370523463e-05,0.0011590435754883087,74.14572952487487,1,0,0
2022,9,North Carolina,103,Strawberries,7.2295774647887345,1.563660939334098,10.27,9.92,29186.0,411.07042253521126,33807.0,4.9576056338028165,71,544.0,Strawberries,1293650.0,22784.0,56778.9,Exact,1,3,3,1,0,3,1293650.0,0.0,0.9999996462723006,56.778879915730336,1.29365,7.214545454545456,0.20835699681964098,21.62866290526416,45.8280064774568,0.18035592243928555,7.222061459667096,0.010629236377888101,36046.0,1293650.0,7.398385516581242e-05,0.0010233496428546038,74.33074659597507,1,0,0
2023,1,California,103,Strawberries,7.346162790697674,1.5965102889111553,10.17,9.76,29874.0,347.3720930232558,34652.0,4.930000000000001,86,544.0,Strawberries,1250100.0,22986.0,54385.3,Exact,1,4,4,1,0,4,1250100.0,0.0,0.9999995953925324,54.385277995301486,1.2501,7.252758620689653,1.2878433557897704,21.73257433027199,49.00938723524692,0.7869667998043246,7.299460705693663,0.06604672200377312,28275.333333333332,1271875.0,7.96297636317742e-05,0.0010839640489945044,75.70057148859587,1,0,0
2023,10,Michigan,103,Strawberries,7.222307692307693,1.6154950568931352,10.17,9.83,29019.0,446.44615384615383,32557.0,4.822307692307693,65,544.0,Strawberries,1250100.0,22986.0,54385.3,Exact,1,4,4,1,0,4,1250100.0,0.0,0.9999995953925324,54.385277995301486,1.2501,7.3826744186046485,-2.1722036921041084,22.368128383864903,49.76870314244694,0.14253020956686632,7.302491055456171,0.11339639964126441,30381.333333333332,1250100.0,7.604662264972805e-05,0.0010529407758509582,74.21455984825236,1,0,0
2023,11,New Jersey,103,Strawberries,7.052068965517242,1.2420427078855656,10.36,9.59,30367.0,349.04597701149424,35684.0,4.88712643678161,87,544.0,Strawberries,1250100.0,22986.0,54385.3,Exact,1,4,4,1,0,4,1250100.0,0.0,0.9999995953925324,54.385277995301486,1.2501,7.465,-5.531561078134729,17.61245832902127,44.29888517804223,-0.7432473324586333,7.258534482758622,0.2919863346451339,30068.333333333332,1250100.0,7.770338566539414e-05,0.0011018523222807832,72.78542423742375,1,0,0
2023,12,Virginia,103,Strawberries,6.869014084507041,1.3674273602327398,10.19,9.85,26730.0,376.4788732394366,31401.0,4.865774647887324,71,544.0,Strawberries,1250100.0,22986.0,54385.3,Exact,1,4,4,1,0,4,1250100.0,0.0,0.9999995953925324,54.385277995301486,1.2501,7.6129787234042565,-9.77231995421288,19.90718527302123,41.17000028946071,-1.6957092405917589,7.2409964039556485,0.526062441127222,35657.333333333336,1250100.0,6.66215706848915e-05,0.000969885486698236,70.01983923084504,1,0,0
2023,13,Washington,103,Strawberries,7.105324675324676,1.517522725413453,10.02,9.69,30547.0,396.7142857142857,35273.0,5.0612987012987025,77,544.0,Strawberries,1250100.0,22986.0,54385.3,Exact,1,4,4,1,0,4,1250100.0,0.0,0.9999995953925324,54.385277995301486,1.2501,7.150493827160496,-0.6316927603552226,21.357542332773274,40.3854049060864,-0.4661499139017074,7.127909251242586,0.031939413563553065,28051.666666666668,1250100.0,7.875424899997273e-05,0.0011083835376794245,73.37707513391022,1,0,0
2023,14,Arizona,103,Strawberries,7.129078947368419,1.564614693894595,10.22,9.79,24420.0,321.3157894736842,30265.0,4.888947368421054,76,544.0,Strawberries,1250100.0,22986.0,54385.3,Exact,1,4,4,1,0,4,1250100.0,0.0,0.9999995953925324,54.385277995301486,1.2501,6.918602150537631,3.0421867344176188,21.94694020708168,45.82032511572821,-0.34255288577419,7.023840548953025,0.14882957032147337,32715.0,1250100.0,6.316850310355728e-05,0.0008860682224156724,72.02650113091612,1,0,0
2023,15,Massachusetts,103,Strawberries,7.06795918367347,1.5170385958866162,10.19,9.78,33819.0,345.09183673469386,40577.0,4.9101020408163265,98,544.0,Strawberries,1250100.0,22986.0,54385.3,Exact,1,4,4,1,0,4,1250100.0,0.0,0.9999995953925324,54.385277995301486,1.2501,7.258266666666667,-2.621941184211056,21.46360153565795,43.947297325380845,-0.6605681521919838,7.1631129251700685,0.13456771173503268,30419.0,1250100.0,8.673138796070088e-05,0.0012271065198147268,73.71038660987755,1,0,0
2023,2,Texas,103,Strawberries,7.0510666666666655,1.1719187008668484,10.44,9.44,24436.0,325.81333333333333,28492.0,4.890933333333334,75,544.0,Strawberries,1250100.0,22986.0,54385.3,Exact,1,4,4,1,0,4,1250100.0,0.0,0.9999995953925324,54.385277995301486,1.2501,7.4484946236559155,-5.335681598360099,16.620445618632385,44.166076004579864,-0.7484624431974009,7.249780645161291,0.2810240034202142,32557.666666666668,1250100.0,6.251819621706861e-05,0.0008866487748955518,71.24294571983036,1,0,0
2023,3,Florida,103,Strawberries,7.205316455696203,1.5172815057868008,10.08,9.91,20479.0,259.2278481012658,24607.0,5.011392405063292,79,544.0,Strawberries,1250100.0,22986.0,54385.3,Exact,1,4,4,1,0,4,1250100.0,0.0,0.9999995953925324,54.385277995301486,1.2501,7.2217441860465135,-0.22747593832042712,21.05780523473477,43.77873200303106,0.05412226570210346,7.213530320871358,0.011616159530208399,24219.666666666668,1250100.0,5.354060909415335e-05,0.00074307088971542,71.52864691057879,1,0,0
2023,4,New York,103,Strawberries,7.2225581395348835,1.301529585251872,11.4,9.91,30006.0,348.90697674418607,36618.0,5.019418604651162,86,544.0,Strawberries,1250100.0,22986.0,54385.3,Exact,1,4,4,1,0,4,1250100.0,0.0,0.9999995953925324,54.385277995301486,1.2501,7.1579999999999995,0.9019019214149762,18.02034071733603,43.892325155790324,0.14383332392568754,7.190279069767442,0.045649498245903815,30593.0,1250100.0,7.863586225850023e-05,0.001088753606953508,74.45869501619862,1,0,0
2023,5,Illinois,103,Strawberries,7.0999,1.3107053348283415,10.15,9.52,40348.0,403.48,46957.0,4.9798,100,544.0,Strawberries,1250100.0,22986.0,54385.3,Exact,1,4,4,1,0,4,1250100.0,0.0,0.9999995953925324,54.385277995301486,1.2501,7.185698924731183,-1.1940233737860444,18.460898531364407,42.573998955781356,-0.49437531047256145,7.142799462365591,0.060669001495933524,39961.333333333336,1250100.0,0.00010394311933740043,0.0014640082161354445,75.29672488854003,1,0,0
2023,6,Pennsylvania,103,Strawberries,7.077307692307695,1.4297785434523358,10.62,9.81,26642.0,341.56410256410254,31289.0,4.953333333333333,78,544.0,Strawberries,1250100.0,22986.0,54385.3,Exact,1,4,4,1,0,4,1293650.0,-3.366443783094345,0.9999995953925324,54.385277995301486,1.2501,7.255657894736841,-2.458084504763093,20.202294511037834,42.87969769127245,-0.611926464394233,7.166482793522269,0.12611263756364283,29914.666666666668,1250100.0,6.841579898743012e-05,0.0009666924480589002,72.11975928106949,1,0,0
2023,7,Ohio,103,Strawberries,7.001744186046513,1.508459433727369,10.3,9.61,24572.0,285.72093023255815,28419.0,4.889186046511628,86,544.0,Strawberries,1250100.0,22986.0,54385.3,Exact,1,4,4,1,0,4,1250100.0,0.0,0.9999995953925324,54.385277995301486,1.2501,7.491785714285713,-6.541051051483823,21.544052362460135,43.20879016338861,-1.0050946823711369,7.2467649501661136,0.34651168768095775,31795.333333333332,1250100.0,6.242639384271051e-05,0.000891583470974525,70.78345758791073,1,0,0
2023,8,Georgia,103,Strawberries,7.08735294117647,1.4924018295130297,10.14,9.8,31405.0,307.8921568627451,37602.0,4.87656862745098,102,544.0,Strawberries,1250100.0,22986.0,54385.3,Exact,1,4,4,1,0,4,1250100.0,0.0,0.9999995953925324,54.385277995301486,1.2501,7.12529411764706,-0.5324857591018182,21.05725285448106,45.3348344424117,-0.5596595330104553,7.106323529411766,0.026828463168549768,34121.0,1250100.0,8.076149695693767e-05,0.001139515664412948,73.38779789282727,1,0,0
2023,9,North Carolina,103,Strawberries,7.284845360824742,1.4648713776031537,10.03,9.87,33855.0,349.02061855670104,39408.0,4.912061855670104,97,544.0,Strawberries,1250100.0,22986.0,54385.3,Exact,1,4,4,1,0,4,1250100.0,0.0,0.9999995953925324,54.385277995301486,1.2501,7.2295774647887345,0.7644692418773723,20.10847595311633,48.305244821289875,0.46792304671621593,7.257211412806738,0.03908030406897422,36790.333333333336,1250100.0,8.948797016949574e-05,0.001228412762894455,75.98000112163376,1,0,0
2019,1,California,104,Peaches,4.195443037974684,0.9840702985472938,2.56,7.76,40232.0,509.26582278481015,46723.0,2.839493670886078,79,534.0,Peaches and nectarines,731730.0,35936.0,20362.0,Approximate,1,4,0,0,0,0,731730.0,0.0,1.0000015962197317,20.362032502226178,0.73173,,,23.455694419875755,47.753209700427874,1.8085403078005389,4.195443037974684,,40232.0,731730.0,0.00010463207732947625,0.002493945845108805,44.48194497082471,1,0,0
2019,10,Michigan,104,Peaches,4.024639175257733,0.8338615765617097,2.26,6.3,39992.0,412.2886597938144,47125.0,2.760618556701032,97,534.0,Peaches and nectarines,731730.0,35936.0,20362.0,Approximate,1,4,0,0,0,0,,,1.0000015962197317,20.362032502226178,0.73173,,,20.718915168545767,45.7875868250056,-0.14249035715394653,4.024639175257733,,39992.0,731730.0,9.977356037747378e-05,0.002479068458878289,42.646926899225086,1,0,0
2019,11,New Jersey,104,Peaches,4.0441111111111105,0.8820773418208904,2.4,6.31,44465.0,494.05555555555554,51494.0,2.801666666666667,90,534.0,Peaches and nectarines,731730.0,35936.0,20362.0,Approximate,1,4,0,0,0,0,731730.0,0.0,1.0000015962197317,20.362032502226178,0.73173,,,21.811402248504034,44.346619075946805,0.0799305140819798,4.0441111111111105,,44465.0,731730.0,0.00011146968452405395,0.002756345744749528,43.282018814948565,1,0,0
2019,12,Virginia,104,Peaches,4.0530337078651675,0.8379417484830723,2.27,6.03,41302.0,464.0674157303371,48295.0,2.7496629213483135,89,534.0,Peaches and nectarines,731730.0,35936.0,20362.0,Approximate,1,4,0,0,0,0,731730.0,0.0,1.0000015962197317,20.362032502226178,0.73173,,,20.674433248778403,47.401111474338045,0.18185010536801946,4.0530337078651675,,41302.0,731730.0,0.00010376877601768829,0.002560274192053188,43.078440524631674,1,0,0
2019,13,Washington,104,Peaches,4.084791666666666,0.8276790366556944,2.56,6.82,53444.0,556.7083333333334,62544.0,2.810729166666668,96,534.0,Peaches and nectarines,731730.0,35936.0,20362.0,Approximate,1,4,0,0,0,0,731730.0,0.0,1.0000015962197317,20.362032502226178,0.73173,,,20.262454102857827,45.328540191972635,0.5446097671958294,4.084791666666666,,53444.0,731730.0,0.000135326940376738,0.0033129459570987014,44.4687101762593,1,0,0
2019,14,Arizona,104,Peaches,3.980804597701148,0.897583601587663,2.31,6.69,55299.0,635.6206896551724,64802.0,2.808965517241379,87,534.0,Peaches and nectarines,731730.0,35936.0,20362.0,Approximate,1,4,0,0,0,0,731730.0,0.0,1.0000015962197317,20.362032502226178,0.73173,,,22.547793531639392,41.717816515263074,-0.6431968613150847,3.980804597701148,,55299.0,731730.0,0.00013645942413486174,0.00342793575483873,43.47248881816649,1,0,0
2019,15,Massachusetts,104,Peaches,3.9346236559139776,0.705927633838571,2.53,5.76,54155.0,582.3118279569892,63906.0,2.742258064516129,93,534.0,Peaches and nectarines,731730.0,35936.0,20362.0,Approximate,1,4,0,0,0,0,731730.0,0.0,1.0000015962197317,20.362032502226178,0.73173,,,17.941427073400504,43.48115907932397,-1.1707050343155905,3.9346236559139776,,54155.0,731730.0,0.00013208611146624868,0.003357020213806605,42.885918626184086,1,0,0
2019,2,Texas,104,Peaches,4.102337662337663,0.7579003130253591,2.46,5.93,44079.0,572.4545454545455,51580.0,2.7866233766233752,77,534.0,Peaches and nectarines,731730.0,35936.0,20362.0,Approximate,1,4,0,0,0,0,731730.0,0.0,1.0000015962197317,20.362032502226178,0.73173,,,18.474839845179382,47.21536095446719,0.7450313212329515,4.102337662337663,,44079.0,731730.0,0.0001120930105963378,0.002732417948562115,43.86942032306505,1,0,0
2019,3,Florida,104,Peaches,3.98156626506024,0.8227948829057458,2.34,5.97,34607.0,416.95180722891564,41982.0,2.766144578313253,83,534.0,Peaches and nectarines,731730.0,35936.0,20362.0,Approximate,1,4,0,0,0,0,731730.0,0.0,1.0000015962197317,20.362032502226178,0.73173,,,20.66510584354916,43.93919595801207,-0.6344966109200127,3.98156626506024,,34607.0,731730.0,8.54148332046705e-05,0.0021452571053310896,41.61469414184683,1,0,0
2019,4,New York,104,Peaches,3.87116883116883,0.7291956167152774,2.44,5.68,44538.0,578.4155844155844,52210.0,2.7341558441558442,77,534.0,Peaches and nectarines,731730.0,35936.0,20362.0,Approximate,1,4,0,0,0,0,731730.0,0.0,1.0000015962197317,20.362032502226178,0.73173,,,18.83657490843947,41.58552225336052,-1.8955265163815762,3.87116883116883,,44538.0,731730.0,0.00010687797567466428,0.0027608709497279767,41.437457601436414,1,0,0
2019,5,Illinois,104,Peaches,3.9637647058823524,0.8060500050519556,2.34,5.65,46987.0,552.7882352941176,56544.0,2.741882352941176,85,534.0,Peaches and nectarines,731730.0,35936.0,20362.0,Approximate,1,4,0,0,0,0,731730.0,0.0,1.0000015962197317,20.362032502226178,0.73173,,,20.335465519831484,44.56363168282845,-0.837837374340662,3.9637647058823524,,46987.0,731730.0,0.00011545187214525459,0.0029126822783885316,42.64078359354984,1,0,0
2019,6,Pennsylvania,104,Peaches,4.175604395604397,0.8428367560291835,2.12,6.44,46336.0,509.1868131868132,53578.0,2.8880219780219774,91,534.0,Peaches and nectarines,731730.0,35936.0,20362.0,Approximate,1,4,0,0,0,0,731730.0,0.0,1.0000015962197317,20.362032502226178,0.73173,,,20.18478467252373,44.583539439138626,1.5819306808295344,4.175604395604397,,46336.0,731730.0,0.00011993702784430478,0.0028723273682382576,44.86142448066447,1,0,0
2019,7,Ohio,104,Peaches,3.9187500000000015,0.8557140404290103,2.09,6.11,43950.0,549.375,50913.0,2.7116250000000006,80,534.0,Peaches and nectarines,731730.0,35936.0,20362.0,Approximate,1,4,0,0,0,0,731730.0,0.0,1.0000015962197317,20.362032502226178,0.73173,,,21.836402945556873,44.51666436177571,-1.352024056968056,3.9187500000000015,,43950.0,731730.0,0.00010676326178883968,0.0027244213534632126,41.894692633133516,1,0,0
2019,8,Georgia,104,Peaches,4.160303030303034,0.8512349426825618,2.6,6.93,50616.0,511.27272727272725,59155.0,2.837474747474749,99,534.0,Peaches and nectarines,731730.0,35936.0,20362.0,Approximate,1,4,0,0,0,0,731730.0,0.0,1.0000015962197317,20.362032502226178,0.73173,,,20.460887980569975,46.619913851411525,1.4071487265823848,4.160303030303034,,50616.0,731730.0,0.00013053536345254793,0.0031376407560157905,45.06458034888013,1,0,0
2019,9,North Carolina,104,Peaches,3.8320408163265327,0.8051521712914952,2.12,6.12,55889.0,570.295918367347,66418.0,2.766020408163266,98,534.0,Peaches and nectarines,731730.0,35936.0,20362.0,Approximate,1,4,0,0,0,0,731730.0,0.0,1.0000015962197317,20.362032502226178,0.73173,,,21.01105415842959,38.53986055262482,-2.3424716592008816,3.8320408163265327,,55889.0,731730.0,0.00013276141158506278,0.0034645093293220815,41.88857753168499,1,0,0
2020,1,California,104,Peaches,3.8903571428571437,0.8537944314372075,2.51,5.92,37644.0,448.14285714285717,44264.0,2.7249999999999996,84,534.0,Peaches and nectarines,703300.0,36260.0,19396.0,Approximate,1,1,1,0,0,1,703300.0,0.0,1.0000014787452551,19.39602868174297,0.7033,4.195443037974684,-7.27183976414605,21.946428054936018,42.765399737876855,-1.6763453812649571,4.042900090415914,0.21572830528198045,38938.0,717515.0,9.445193871853527e-05,0.002427847502174779,40.98862943390788,1,0,0
2020,10,Michigan,104,Peaches,4.112929292929292,0.923439944817306,2.47,6.38,44797.0,452.4949494949495,53613.0,2.7771717171717167,99,534.0,Peaches and nectarines,703300.0,36260.0,19396.0,Approximate,1,1,1,0,0,1,703300.0,0.0,1.0000014787452551,19.39602868174297,0.7033,4.024639175257733,2.1937399559776556,22.45212302591319,48.09776678548045,0.8660156815830552,4.0687842340935125,0.06243054091731723,42394.5,703300.0,0.00011882992249847794,0.0028891798043492608,44.04913865273766,1,0,0
2020,11,New Jersey,104,Peaches,3.934320987654321,0.7264828598659518,2.62,5.47,39918.0,492.81481481481484,47244.0,2.773333333333333,81,534.0,Peaches and nectarines,703300.0,36260.0,19396.0,Approximate,1,1,1,0,0,1,703300.0,0.0,1.0000014787452551,19.39602868174297,0.7033,4.0441111111111105,-2.714814713056312,18.465266615144376,41.86253561253564,-1.1741623042303633,3.9892160493827156,0.0776333408036041,42191.5,703300.0,0.00010128944770264542,0.0025745089945758376,41.682587351432666,1,0,0
2020,12,Virginia,104,Peaches,4.0827058823529425,0.820723241205866,2.34,6.03,45167.0,531.3764705882353,54286.0,2.8260000000000005,85,534.0,Peaches and nectarines,703300.0,36260.0,19396.0,Approximate,1,1,1,0,0,1,703300.0,0.0,1.0000014787452551,19.39602868174297,0.7033,4.0530337078651675,0.7320978957119038,20.102433651989333,44.46942258856836,0.5207846083743388,4.067869795109055,0.0209813957928562,43234.5,703300.0,0.00011893097513862575,0.0029130429319606907,43.75903017112566,1,0,0
2020,13,Washington,104,Peaches,4.181267605633802,0.8989977428502807,2.44,6.21,36772.0,517.9154929577464,44084.0,2.7857746478873238,71,534.0,Peaches and nectarines,703300.0,36260.0,19396.0,Approximate,1,1,1,0,0,1,703300.0,0.0,1.0000014787452551,19.39602868174297,0.7033,4.084791666666666,2.36183254471491,21.500602870741385,50.09353354567973,1.6466194779895644,4.133029636150233,0.06821879066500129,45108.0,703300.0,9.916327347999973e-05,0.0023716079149391925,43.955655814044874,1,0,0
2020,14,Arizona,104,Peaches,3.958536585365853,0.8297167774269434,2.33,5.95,44616.0,544.0975609756098,52115.0,2.7784146341463414,82,534.0,Peaches and nectarines,703300.0,36260.0,19396.0,Approximate,1,1,1,0,0,1,703300.0,0.0,1.0000014787452551,19.39602868174297,0.7033,3.980804597701148,-0.5593847120291809,20.960189694704056,42.474652152921024,-0.8975563015681515,3.9696705915335007,0.015745862525832755,49957.5,703300.0,0.00011390713647681331,0.0028775062203015072,42.37957898878881,1,0,0
2020,15,Massachusetts,104,Peaches,3.943766233766233,0.8466700080486197,2.52,5.81,37954.0,492.90909090909093,44719.0,2.774415584415585,77,534.0,Peaches and nectarines,703300.0,36260.0,19396.0,Approximate,1,1,1,0,0,1,703300.0,0.0,1.0000014787452551,19.39602868174297,0.7033,3.9346236559139776,0.23236219399315958,21.468564764297994,42.1476384402939,-1.0662726786138703,3.9391949448401054,0.006464778796855865,46054.5,703300.0,9.653712418839946e-05,0.0024478409334167876,41.583688472562784,1,0,0
2020,2,Texas,104,Peaches,4.039904761904762,0.8667517780129698,2.28,5.86,57524.0,547.847619047619,67086.0,2.7950476190476192,105,534.0,Peaches and nectarines,703300.0,36260.0,19396.0,Approximate,1,1,1,0,0,1,703300.0,0.0,1.0000014787452551,19.39602868174297,0.7033,4.102337662337663,-1.5218859482504028,21.45475770087975,44.53795829358049,0.03188291048245129,4.071121212121213,0.0441467272652488,50801.5,703300.0,0.00014988074538951156,0.00371000689924296,44.27725484907566,1,0,0
2020,3,Florida,104,Peaches,4.1002777777777775,0.7720705145899678,2.65,5.88,23574.0,327.4166666666667,27649.0,2.7943055555555554,72,534.0,Peaches and nectarines,703300.0,36260.0,19396.0,Approximate,1,1,1,0,0,1,703300.0,0.0,1.0000014787452551,19.39602868174297,0.7033,3.98156626506024,2.9815279921189877,18.829712434956196,46.736915353645806,0.7215020059196119,4.040922021419009,0.08394171564748387,29090.5,703300.0,6.234077518898802e-05,0.0015204037035455383,41.28135929134221,1,0,0
2020,4,New York,104,Peaches,4.094835164835164,0.8509554925524894,2.07,6.49,51214.0,562.7912087912088,60449.0,2.787142857142857,91,534.0,Peaches and nectarines,703300.0,36260.0,19396.0,Approximate,1,1,1,0,0,1,703300.0,0.0,1.0000014787452551,19.39602868174297,0.7033,3.87116883116883,5.777746810355511,20.781190409327362,46.9187398966999,0.659333009389867,3.9830019980019973,0.15815598125859764,47876.0,703300.0,0.00013525420030411614,0.003303043831058844,44.403523344946194,1,0,0
2020,5,Illinois,104,Peaches,3.916714285714286,0.8791213027849751,2.11,6.65,41845.0,597.7857142857143,48734.0,2.7034285714285717,70,534.0,Peaches and nectarines,703300.0,36260.0,19396.0,Approximate,1,1,1,0,0,1,703300.0,0.0,1.0000014787452551,19.39602868174297,0.7033,3.9637647058823524,-1.187013449568343,22.44537739174536,44.879518072289144,-1.3752772839931324,3.940239495798319,0.03326967115851619,44416.0,703300.0,0.00010570392257158736,0.002698790742973744,41.68070009334289,1,0,0
2020,6,Pennsylvania,104,Peaches,4.093716814159293,0.8419038741896097,2.58,6.22,60467.0,535.1061946902655,71150.0,2.8121238938053095,113,534.0,Peaches and nectarines,703300.0,36260.0,19396.0,Approximate,1,1,1,0,0,1,703300.0,0.0,1.0000014787452551,19.39602868174297,0.7033,4.175604395604397,-1.961095297516846,20.56575753549058,45.57384271643016,0.6465584946447673,4.134660604881844,0.05790326413479913,53401.5,703300.0,0.00015964740309698866,0.0038998155061630638,45.07128821507778,1,0,0
2020,7,Ohio,104,Peaches,3.946451612903227,0.8813547442053282,1.98,5.75,51243.0,551.0,59959.0,2.757204301075269,93,534.0,Peaches and nectarines,703300.0,36260.0,19396.0,Approximate,1,1,1,0,0,1,703300.0,0.0,1.0000014787452551,19.39602868174297,0.7033,3.9187500000000015,0.7068992128414793,22.33284050217849,43.132360970283166,-1.0355985652772983,3.9326008064516143,0.019587998333675503,47596.5,703300.0,0.00013042683913153528,0.0033049141843040646,42.79671761189948,1,0,0
2020,8,Georgia,104,Peaches,4.072323232323232,0.8568961886531069,2.63,6.38,47683.0,481.64646464646466,56847.0,2.801616161616162,99,534.0,Peaches and nectarines,703300.0,36260.0,19396.0,Approximate,1,1,1,0,0,1,731730.0,-3.885312888633786,1.0000014787452551,19.39602868174297,0.7033,4.160303030303034,-2.11474494379304,21.041949269931937,45.35621574848568,0.40218735729796634,4.116313131313133,0.06221111175894054,49149.5,703300.0,0.00012523665317560362,0.0030753121997184147,43.86849602119398,1,0,0
2020,9,North Carolina,104,Peaches,4.0428395061728395,0.767341570892489,2.79,6.35,45177.0,557.7407407407408,52410.0,2.7822222222222233,81,534.0,Peaches and nectarines,703300.0,36260.0,19396.0,Approximate,1,1,1,0,0,1,703300.0,0.0,1.0000014787452551,19.39602868174297,0.7033,3.8320408163265327,5.500951058459299,18.980262998837024,45.30972665956686,0.06540543140053191,3.937440161249686,0.14905718305556334,50533.0,703300.0,0.00011779572475401436,0.0029136878813555943,43.332631572597094,1,0,0
2021,1,California,104,Peaches,4.13738095238095,0.8903852138430913,2.27,6.39,37388.0,445.0952380952381,43237.0,2.814285714285714,84,534.0,Peaches and nectarines,768120.0,36827.0,20857.5,Approximate,1,2,2,0,0,2,703300.0,9.21655054741931,1.0000011033444451,20.857523013006762,0.76812,3.8903571428571437,6.349643501943068,21.520503528462825,47.013536379018554,1.1453181320098733,4.013869047619047,0.17467221082881773,38421.333333333336,735710.0,9.134713453620624e-05,0.0022078492550616697,43.56302944749681,1,0,0
2021,10,Michigan,104,Peaches,3.9672727272727286,0.7332461713186071,2.55,5.81,36642.0,416.3863636363636,43963.0,2.732954545454546,88,534.0,Peaches and nectarines,768120.0,36827.0,20857.5,Approximate,1,2,2,0,0,2,768120.0,0.0,1.0000011033444451,20.857523013006762,0.76812,4.112929292929292,-3.5414313080209627,18.482373704181203,45.16424116424119,-0.7977665164743953,4.04010101010101,0.10299474530009939,40477.0,768120.0,8.584369659952242e-05,0.0021637962020961193,41.69198059361307,1,0,0
2021,11,New Jersey,104,Peaches,3.935000000000001,0.8900734924250965,2.09,6.18,36052.0,487.18918918918916,41773.0,2.698918918918918,74,534.0,Peaches and nectarines,768120.0,36827.0,20857.5,Approximate,1,2,2,0,0,2,768120.0,0.0,1.0000011033444451,20.857523013006762,0.76812,3.934320987654321,0.017258692104955613,22.619402602924936,45.799118766272855,-1.1664061921188968,3.934660493827161,0.0004801342341396471,40145.0,768120.0,8.377439167289155e-05,0.002128955315702453,41.288952979810006,1,0,0
2021,12,Virginia,104,Peaches,3.9751612903225806,0.8050433594901502,2.34,5.9,45499.0,489.23655913978496,53580.0,2.7778494623655923,93,534.0,Peaches and nectarines,768120.0,36827.0,20857.5,Approximate,1,2,2,0,0,2,768120.0,0.0,1.0000011033444451,20.857523013006762,0.76812,4.0827058823529425,-2.6341498782758728,20.25184138943005,43.10211349384527,-0.7076583177026079,4.028933586337762,0.07604551030460965,43989.333333333336,768120.0,0.00010680554244714671,0.0026868228644498482,42.63546364376252,1,0,0
2021,13,Washington,104,Peaches,4.07032967032967,0.7798125851046953,2.27,5.77,44832.0,492.65934065934067,53010.0,2.8264835164835165,91,534.0,Peaches and nectarines,768120.0,36827.0,20857.5,Approximate,1,2,2,0,0,2,768120.0,0.0,1.0000011033444451,20.857523013006762,0.76812,4.181267605633802,-2.653212991071296,19.158462539019244,44.00684265775047,0.37941562064016016,4.125798637981736,0.07844496634438607,45016.0,768120.0,0.00010775933015530439,0.0026474349471200596,43.59607900026208,1,0,0
2021,14,Arizona,104,Peaches,4.0164634146341465,0.8178206087081094,2.52,6.0,54288.0,662.0487804878048,64381.0,2.798780487804877,82,534.0,Peaches and nectarines,768120.0,36827.0,20857.5,Approximate,1,2,2,0,0,2,768120.0,0.0,1.0000011033444451,20.857523013006762,0.76812,3.958536585365853,1.4633394947628005,20.361709401568227,43.507625272331204,-0.23587910979813548,3.9875,0.04096045378824556,51401.0,768120.0,0.00012876114841910543,0.0032058339670158324,43.78779304102106,1,0,0
2021,15,Massachusetts,104,Peaches,4.094683544303798,0.9052210885108195,2.36,6.35,34824.0,440.8101265822785,40494.0,2.8413924050632913,79,534.0,Peaches and nectarines,768120.0,36827.0,20857.5,Approximate,1,2,2,0,0,2,768120.0,0.0,1.0000011033444451,20.857523013006762,0.76812,3.943766233766233,3.826730632394547,22.107229501779006,44.10834409943425,0.6576011029714434,4.019224889035016,0.10671465367954835,42311.0,768120.0,8.420467056511873e-05,0.002056439030123772,42.82257229805896,1,0,0
2021,2,Texas,104,Peaches,3.942247191011235,0.8052113680848999,2.05,5.77,48814.0,548.4719101123595,57246.0,2.684831460674158,89,534.0,Peaches and nectarines,768120.0,36827.0,20857.5,Approximate,1,2,2,0,0,2,768120.0,0.0,1.0000011033444451,20.857523013006762,0.76812,4.039904761904762,-2.4173235917443554,20.425187185645587,46.83406570412213,-1.0836241538629392,3.9910759764579984,0.06905433061301926,50139.0,768120.0,0.0001136384844318389,0.002882581404102395,42.55968432015221,1,0,0
2021,3,Florida,104,Peaches,3.9704938271604933,0.7940259775891592,2.53,6.63,36445.0,449.9382716049383,41992.0,2.727901234567901,81,534.0,Peaches and nectarines,768120.0,36827.0,20857.5,Approximate,1,2,2,0,0,2,768120.0,0.0,1.0000011033444451,20.857523013006762,0.76812,4.1002777777777775,-3.165247762497278,19.998166781108143,45.55123099203476,-0.7609730590200716,4.035385802469135,0.09177111157066167,31542.0,768120.0,8.545149466539531e-05,0.002152162889181624,41.7044273149619,1,0,0
2021,4,New York,104,Peaches,4.197444444444445,1.0052587135402329,2.31,6.32,43853.0,487.25555555555553,50093.0,2.904888888888889,90,534.0,Peaches and nectarines,768120.0,36827.0,20857.5,Approximate,1,2,2,0,0,2,768120.0,0.0,1.0000011033444451,20.857523013006762,0.76812,4.094835164835164,2.505821980099443,23.949303602356185,44.49586903304775,1.8314016490689893,4.146139804639804,0.07255571742438899,46535.0,768120.0,0.000108697974012461,0.002589622696646502,44.86489373225155,1,0,0
2021,5,Illinois,104,Peaches,4.0535802469135795,0.7958585123028705,2.74,5.95,42428.0,523.8024691358024,49016.0,2.8366666666666656,81,534.0,Peaches and nectarines,768120.0,36827.0,20857.5,Approximate,1,2,2,0,0,2,768120.0,0.0,1.0000011033444451,20.857523013006762,0.76812,3.916714285714286,3.494407587974819,19.633471248258672,42.89942116029076,0.18809302298173897,3.9851472663139327,0.0967788492776355,43753.333333333336,768120.0,0.00010156136259847689,0.002505473098153325,43.19327848103157,1,0,0
2021,6,Pennsylvania,104,Peaches,4.103199999999998,0.80929933531507,2.64,6.07,54262.0,542.62,64546.0,2.7972999999999995,100,534.0,Peaches and nectarines,768120.0,36827.0,20857.5,Approximate,1,2,2,0,0,2,768120.0,0.0,1.0000011033444451,20.857523013006762,0.76812,4.093716814159293,0.23165221902759683,19.723614138113433,46.68430272048044,0.7548814920429001,4.0984584070796455,0.006705625015215352,53688.333333333336,768120.0,0.00013147878039813064,0.003204298605920518,44.73143639672853,1,0,0
2021,7,Ohio,104,Peaches,4.045520833333334,0.8447084452378467,1.95,6.09,48890.0,509.2708333333333,57222.0,2.790729166666667,96,534.0,Peaches and nectarines,768120.0,36827.0,20857.5,Approximate,1,2,2,0,0,2,768120.0,0.0,1.0000011033444451,20.857523013006762,0.76812,3.946451612903227,2.5103366301563725,20.880091341461306,44.96286066216267,0.09603326047702464,3.9959862231182806,0.0700525175729933,48027.666666666664,768120.0,0.00011679699334945934,0.002887069382688698,43.6808987442688,1,0,0
2021,8,Georgia,104,Peaches,4.11575,0.8413593205813521,2.52,6.33,40906.0,511.325,48679.0,2.772125000000001,80,534.0,Peaches and nectarines,768120.0,36827.0,20857.5,Approximate,1,2,2,0,0,2,768120.0,0.0,1.0000011033444451,20.857523013006762,0.76812,4.072323232323232,1.0663880345272567,20.442430190885062,48.46913468909227,0.8982355968956615,4.094036616161616,0.030707361909255822,46401.666666666664,768120.0,9.941986856975497e-05,0.0024155954217276307,43.70538169328165,1,0,0
2021,9,North Carolina,104,Peaches,4.18578947368421,0.9539046257816971,2.36,6.58,34504.0,454.0,40443.0,2.843157894736841,76,534.0,Peaches and nectarines,768120.0,36827.0,20857.5,Approximate,1,2,2,0,0,2,768120.0,0.0,1.0000011033444451,20.857523013006762,0.76812,4.0428395061728395,3.535880345809081,22.78912094788413,47.2232506479082,1.698271139075496,4.114314489928525,0.10108089139768663,45190.0,768120.0,8.528723020198436e-05,0.0020375422781814447,43.73672619105002,1,0,0
2022,1,California,104,Peaches,3.9198648648648646,0.8860138426873153,2.09,6.13,31492.0,425.56756756756755,36958.0,2.804324324324325,74,534.0,Peaches and nectarines,712160.0,37393.0,19045.3,Approximate,1,3,3,1,0,3,712160.0,0.0,0.9999987321685362,19.04527585376942,0.71216,4.13738095238095,-5.257337673750133,22.603173150915758,39.779298380878906,-1.3392893593796718,4.028622908622907,0.15380710049979077,35508.0,740140.0,7.862488406981795e-05,0.002005805985164453,40.60008100041126,1,0,0
2022,10,Michigan,104,Peaches,4.039024390243903,0.9397958929392204,2.63,6.52,32371.0,394.7682926829268,38333.0,2.734146341463415,82,534.0,Peaches and nectarines,712160.0,37393.0,19045.3,Approximate,1,3,3,1,0,3,712160.0,0.0,0.9999987321685362,19.04527585376942,0.71216,3.9672727272727286,1.8085891216382262,23.267893484606297,47.72524531668156,0.021826743838614014,4.0031485587583155,0.050736087448329366,37936.666666666664,712160.0,8.327627134400073e-05,0.0020617917422125777,41.945466732437616,1,0,0
2022,11,New Jersey,104,Peaches,4.029886363636365,0.7089371911257987,2.45,5.74,41992.0,477.1818181818182,48653.0,2.752499999999999,88,534.0,Peaches and nectarines,712160.0,37393.0,19045.3,Approximate,1,3,3,1,0,3,712160.0,0.0,0.9999987321685362,19.04527585376942,0.71216,3.935000000000001,2.411343421508613,17.59198962836485,46.40822392865999,-0.08255362464299576,3.9824431818181827,0.06709479116940557,39320.666666666664,712160.0,0.0001077824471365758,0.0026745778270362537,42.899180924901174,1,0,0
2022,12,Virginia,104,Peaches,4.024111111111111,0.8474892123465027,2.27,6.65,43028.0,478.0888888888889,50949.0,2.7978888888888886,90,534.0,Peaches and nectarines,712160.0,37393.0,19045.3,Approximate,1,3,3,1,0,3,712160.0,0.0,0.9999987321685362,19.04527585376942,0.71216,3.9751612903225806,1.2313920672274947,21.060283599189674,43.82669473015369,-0.14852224265545005,3.9996362007168456,0.03461275021743607,44564.666666666664,712160.0,0.00011028331288342556,0.0027405633154342717,42.935774968310824,1,0,0
2022,13,Washington,104,Peaches,4.151521739130433,0.9502884868888108,2.45,6.99,42684.0,463.95652173913044,49566.0,2.8497826086956537,92,534.0,Peaches and nectarines,712160.0,37393.0,19045.3,Approximate,1,3,3,1,0,3,712160.0,0.0,0.9999987321685362,19.04527585376942,0.71216,4.07032967032967,1.994729552070582,22.890124311088293,45.67854146006547,1.306843217777649,4.110925704730052,0.05741146242758425,41429.333333333336,712160.0,0.00011286547346348097,0.002718653076043424,44.261876003443426,1,0,0
2022,14,Arizona,104,Peaches,4.037375,0.8530729912973524,2.58,6.09,35289.0,441.1125,41229.0,2.82475,80,534.0,Peaches and nectarines,712160.0,37393.0,19045.3,Approximate,1,3,3,1,0,3,712160.0,0.0,0.9999987321685362,19.04527585376942,0.71216,4.0164634146341465,0.5206467284044283,21.12939697940747,42.92857775024339,0.00298635643083564,4.026919207317073,0.01478672381755636,44731.0,712160.0,9.074592279272189e-05,0.00224764662169657,42.27678655668778,1,0,0
2022,15,Massachusetts,104,Peaches,4.240444444444444,0.9887262389208583,2.37,6.35,41937.0,465.96666666666664,49460.0,2.810666666666666,90,534.0,Peaches and nectarines,712160.0,37393.0,19045.3,Approximate,1,3,3,1,0,3,712160.0,0.0,0.9999987321685362,19.04527585376942,0.71216,4.094683544303798,3.5597598340271444,23.316570983879377,50.8697027197976,2.3225750760544654,4.167563994374121,0.10306852092130575,38238.333333333336,712160.0,0.00011326544026815828,0.002671074736435973,45.13506853584692,1,0,0
2022,2,Texas,104,Peaches,3.8651282051282045,0.7673529193470909,2.43,5.86,33309.0,427.03846153846155,38859.0,2.709999999999999,78,534.0,Peaches and nectarines,712160.0,37393.0,19045.3,Approximate,1,3,3,1,0,3,768120.0,-7.285320002083008,0.9999987321685362,19.04527585376942,0.71216,3.942247191011235,-1.9562189316507161,19.853233285482652,42.624657015800956,-1.964526399951619,3.90368769806972,0.05453135787612039,46549.0,712160.0,8.200006158446993e-05,0.002121535360086459,40.24994905762147,1,0,0
2022,3,Florida,104,Peaches,4.058217821782179,0.9262476947767309,2.18,6.71,43422.0,429.9207920792079,51250.0,2.777524752475248,101,534.0,Peaches and nectarines,712160.0,37393.0,19045.3,Approximate,1,3,3,1,0,3,712160.0,0.0,0.9999987321685362,19.04527585376942,0.71216,3.9704938271604933,2.2093975822756002,22.824001457121547,46.10915053648452,0.2410663611471304,4.014355824471336,0.06203023146976632,34480.333333333336,712160.0,0.00011223643325761792,0.0027656581826435564,43.33667138063452,1,0,0
2022,4,New York,104,Peaches,3.9924,0.9939381676347281,2.46,6.48,35190.0,469.2,41603.0,2.829733333333333,75,534.0,Peaches and nectarines,712160.0,37393.0,19045.3,Approximate,1,3,3,1,0,3,712160.0,0.0,0.9999987321685362,19.04527585376942,0.71216,4.197444444444445,-4.884982926119076,24.89575612751047,41.08749941101637,-0.5107467802824706,4.094922222222222,0.14498831711129523,43419.0,712160.0,8.948330042418776e-05,0.0022413410586160643,41.794621641385575,1,0,0
2022,5,Illinois,104,Peaches,4.131494252873564,0.8914862540979847,2.51,6.79,43050.0,494.82758620689657,51726.0,2.8518390804597695,87,534.0,Peaches and nectarines,712160.0,37393.0,19045.3,Approximate,1,3,3,1,0,3,712160.0,0.0,0.9999987321685362,19.04527585376942,0.71216,4.0535802469135795,1.9221034545771856,21.57781663324189,44.87122647212935,1.0780764954825057,4.092537249893572,0.05509352196371399,42441.0,712160.0,0.00011328410786825755,0.0027419645516743836,44.08362513800959,1,0,0
2022,6,Pennsylvania,104,Peaches,4.065476190476191,0.799372351318697,2.55,6.12,43179.0,514.0357142857143,49476.0,2.7877380952380952,84,534.0,Peaches and nectarines,712160.0,37393.0,19045.3,Approximate,1,3,3,1,0,3,712160.0,0.0,0.9999987321685362,19.04527585376942,0.71216,4.103199999999998,-0.9193753539629491,19.662453151030906,45.83422300038434,0.3239760780253118,4.0843380952380945,0.026674761526474102,52636.0,712160.0,0.00011180794933676103,0.002750180891445952,43.391366886184464,1,0,0
2022,7,Ohio,104,Peaches,4.049607843137255,0.9688657465249563,1.95,6.62,40904.0,401.01960784313724,48542.0,2.7814705882352952,102,534.0,Peaches and nectarines,712160.0,37393.0,19045.3,Approximate,1,3,3,1,0,3,712160.0,0.0,0.9999987321685362,19.04527585376942,0.71216,4.045520833333334,0.10102555325500291,23.92492764865771,45.59233019632718,0.142717693302963,4.047564338235294,0.002889952347128727,47012.333333333336,712160.0,0.00010550363640554498,0.0026052803257070613,43.002816398289,1,0,0
2022,8,Georgia,104,Peaches,4.08962962962963,0.9084746067508499,2.37,5.98,31279.0,386.1604938271605,35989.0,2.7714814814814814,81,534.0,Peaches and nectarines,712160.0,37393.0,19045.3,Approximate,1,3,3,1,0,3,712160.0,0.0,0.9999987321685362,19.04527585376942,0.71216,4.11575,-0.63464424152027,22.21410467512493,47.561138580783116,0.5998720659899638,4.1026898148148145,0.018469891015993164,39956.0,712160.0,8.14752156852024e-05,0.001992239470657911,42.33066925089904,1,0,0
2022,9,North Carolina,104,Peaches,3.927425742574259,0.8631403749858382,2.43,6.59,51832.0,513.1881188118812,60584.0,2.745544554455446,101,534.0,Peaches and nectarines,712160.0,37393.0,19045.3,Approximate,1,3,3,1,0,3,712160.0,0.0,0.9999987321685362,19.04527585376942,0.71216,4.18578947368421,-6.1724014725123455,21.97725511724346,43.04724125495854,-1.2529241915763845,4.056607608129235,0.18269074628050408,43837.666666666664,712160.0,0.00012965660017671263,0.0033013125817046842,42.635278825629825,1,0,0
2023,1,California,104,Peaches,4.04056338028169,0.7839367454875127,2.49,5.84,27778.0,391.23943661971833,31915.0,2.72,71,534.0,Peaches and nectarines,665910.0,36301.0,18344.1,Approximate,1,4,4,1,0,4,665910.0,0.0,1.0000012402592309,18.344122751439354,0.66591,3.9198648648648646,3.079149908934084,19.40166931456128,48.55012427506213,0.03940606967480735,3.9802141225732774,0.08534673873038645,32219.333333333332,689035.0,7.645283903848662e-05,0.0018921331468671745,41.343188426011416,1,0,0
2023,10,Michigan,104,Peaches,4.038023255813953,0.8892082661723716,2.28,6.33,30451.0,354.0813953488372,35562.0,2.710465116279069,86,534.0,Peaches and nectarines,665910.0,36301.0,18344.1,Approximate,1,4,4,1,0,4,665910.0,0.0,1.0000012402592309,18.344122751439354,0.66591,4.039024390243903,-0.02478654083814178,22.020880263433053,48.978978978979,0.01039114781926856,4.038523823028928,0.0007079089442971944,33154.666666666664,665910.0,8.375699651688334e-05,0.0020742078787260544,41.68817636475596,1,0,0
2023,11,New Jersey,104,Peaches,4.11641304347826,0.7502184026642708,2.74,5.96,41778.0,454.10869565217394,49506.0,2.7708695652173914,92,534.0,Peaches and nectarines,665910.0,36301.0,18344.1,Approximate,1,4,4,1,0,4,665910.0,0.0,1.0000012402592309,18.344122751439354,0.66591,4.029886363636365,2.1471245597063833,18.225051634525872,48.56033265338141,0.9058093024179196,4.073149703557313,0.061183602069761214,39940.666666666664,665910.0,0.00011714326150708771,0.0028457606238684145,43.79924853949311,1,0,0
2023,12,Virginia,104,Peaches,3.9737349397590354,0.8394302813092699,2.22,6.77,39203.0,472.32530120481925,46477.0,2.7620481927710845,83,534.0,Peaches and nectarines,665910.0,36301.0,18344.1,Approximate,1,4,4,1,0,4,665910.0,0.0,1.0000012402592309,18.344122751439354,0.66591,4.024111111111111,-1.2518583597997641,21.124465874922507,43.869138495092656,-0.7239510036184029,3.998923025435073,0.03562133237326816,42576.666666666664,665910.0,0.0001061130793739562,0.0026703612843485434,42.02834294129328,1,0,0
2023,13,Washington,104,Peaches,4.03125,0.9216487359103054,2.14,6.09,28701.0,358.7625,34180.0,2.7844999999999995,80,534.0,Peaches and nectarines,665910.0,36301.0,18344.1,Approximate,1,4,4,1,0,4,665910.0,0.0,1.0000012402592309,18.344122751439354,0.66591,4.151521739130433,-2.8970518929674425,22.862604301650986,44.7746453582331,-0.06697730032000301,4.091385869565217,0.08504496232422869,38739.0,665910.0,7.88111166528175e-05,0.001955004444100899,41.3796609081026,1,0,0
2023,14,Arizona,104,Peaches,4.06953488372093,0.7561619916342921,2.77,6.25,43186.0,502.16279069767444,50950.0,2.8219767441860473,86,534.0,Peaches and nectarines,665910.0,36301.0,18344.1,Approximate,1,4,4,1,0,4,665910.0,0.0,1.0000012402592309,18.344122751439354,0.66591,4.037375,0.7965542888864736,18.581042139707733,44.20866125509906,0.370337061050929,4.0534549418604655,0.022740471861240646,44254.333333333336,665910.0,0.00011971221769515786,0.002941668301555396,43.43534552512307,1,0,0
2023,15,Massachusetts,104,Peaches,4.133544303797468,0.808247610534721,2.46,6.18,34765.0,440.0632911392405,41281.0,2.798860759493671,79,534.0,Peaches and nectarines,665910.0,36301.0,18344.1,Approximate,1,4,4,1,0,4,665910.0,0.0,1.0000012402592309,18.344122751439354,0.66591,4.240444444444444,-2.520965480093247,19.553379645457962,47.68667179232054,1.101493484733404,4.186994374120956,0.07558981436127261,37175.333333333336,665910.0,9.788486604115688e-05,0.0023680613741391505,43.221972720827075,1,0,0
2023,2,Texas,104,Peaches,4.015714285714285,0.7937152014408435,2.28,6.02,31461.0,374.5357142857143,37658.0,2.770238095238095,84,534.0,Peaches and nectarines,665910.0,36301.0,18344.1,Approximate,1,4,4,1,0,4,665910.0,0.0,1.0000012402592309,18.344122751439354,0.66591,3.8651282051282045,3.896017741048921,19.765230914570992,44.95917490330896,-0.2444361381428385,3.940421245421245,0.10648043873472149,37861.333333333336,665910.0,8.60569695567491e-05,0.002143005289566858,41.58888855127437,1,0,0
2023,3,Florida,104,Peaches,4.1035714285714295,0.858903255358486,2.32,5.89,32440.0,386.1904761904762,38095.0,2.8234523809523813,84,534.0,Peaches and nectarines,665910.0,36301.0,18344.1,Approximate,1,4,4,1,0,4,665910.0,0.0,1.0000012402592309,18.344122751439354,0.66591,4.058217821782179,1.1175744817298445,20.930627632756835,45.338786524433964,0.7591241860966246,4.080894625176804,0.032069842911947186,37435.666666666664,665910.0,9.067625250422028e-05,0.0022096910967085875,42.624528234446885,1,0,0
2023,4,New York,104,Peaches,3.9945054945054945,0.8028079384763122,2.63,6.64,41259.0,453.3956043956044,49379.0,2.7739560439560433,91,534.0,Peaches and nectarines,665910.0,36301.0,18344.1,Approximate,1,4,4,1,0,4,665910.0,0.0,1.0000012402592309,18.344122751439354,0.66591,3.9924,0.05273756400898147,20.097805337371224,44.00031691954208,-0.48669647907868263,3.9934527472527472,0.0014888094425862313,40100.666666666664,665910.0,0.00011226191360087501,0.002810408290971011,42.45220147184918,1,0,0
2023,5,Illinois,104,Peaches,4.124935064935065,0.8600086036543677,2.49,5.83,37754.0,490.31168831168833,44143.0,2.81,77,534.0,Peaches and nectarines,665910.0,36301.0,18344.1,Approximate,1,4,4,1,0,4,712160.0,-6.494327117501684,1.0000012402592309,18.344122751439354,0.66591,4.131494252873564,-0.15876066955525003,20.849021623759935,46.79484216850766,1.0031532671570573,4.128214658904314,0.004638046270389474,41077.333333333336,665910.0,0.00010607933976011857,0.002571660840478915,43.47216759206446,1,0,0
2023,6,Pennsylvania,104,Peaches,4.017659574468085,0.8669392774706441,2.48,6.79,42131.0,448.20212765957444,48319.0,2.7862765957446807,94,534.0,Peaches and nectarines,665910.0,36301.0,18344.1,Approximate,1,4,4,1,0,4,665910.0,0.0,1.0000012402592309,18.344122751439354,0.66591,4.065476190476191,-1.176162736363367,21.578216406884646,44.194570654041456,-0.22221580922004586,4.041567882472138,0.03381145343272493,46524.0,665910.0,0.0001152990218490762,0.002869805659538517,42.78230039202879,1,0,0
2023,7,Ohio,104,Peaches,4.043157894736841,0.9056069589870285,2.17,6.92,34621.0,364.4315789473684,39667.0,2.759578947368421,95,534.0,Peaches and nectarines,665910.0,36301.0,18344.1,Approximate,1,4,4,1,0,4,665910.0,0.0,1.0000012402592309,18.344122751439354,0.66591,4.049607843137255,-0.15927340745708643,22.39850588486533,46.51357949343909,0.06904226865852224,4.046382868937048,0.004560802252236156,41471.666666666664,665910.0,9.5347877564601e-05,0.002358252634375709,42.260075260633634,1,0,0
2023,8,Georgia,104,Peaches,3.9054545454545457,0.7490336677391066,2.45,6.03,36773.0,477.57142857142856,43187.0,2.727402597402597,77,534.0,Peaches and nectarines,665910.0,36301.0,18344.1,Approximate,1,4,4,1,0,4,665910.0,0.0,1.0000012402592309,18.344122751439354,0.66591,4.08962962962963,-4.503466104625311,19.179167470042298,43.19318127708208,-1.5038932191173875,3.9975420875420875,0.1302314509458051,36319.333333333336,665910.0,9.78253408037333e-05,0.002504838800840471,41.05627193750767,1,0,0
2023,9,North Carolina,104,Peaches,4.0096,0.8442499309718337,2.23,5.67,27718.0,369.5733333333333,32948.0,2.7383999999999995,75,534.0,Peaches and nectarines,665910.0,36301.0,18344.1,Approximate,1,4,4,1,0,4,665910.0,0.0,1.0000012402592309,18.344122751439354,0.66591,3.927425742574259,2.092318551944899,21.055714559353394,46.42126789366055,-0.31427740948827804,3.968512871287129,0.05810597466471041,38018.0,665910.0,7.570309931113834e-05,0.0018880461719657407,41.0177002948933,1,0,0
2019,1,California,105,Grapes,2.611011235955056,0.48407138124975535,1.71,3.71,49461.0,555.7415730337078,57189.0,1.798988764044944,89,560.0,Grapes,6314914.79,378381.0,16689.3,Exact,1,4,0,0,1,0,6314914.79,0.0,1.0000001214109957,16.68930202626453,6.31491479,,,18.539613104065854,45.137717818999405,0.10111866172535289,2.611011235955056,,49461.0,6314914.79,9.276206235494844e-06,0.0003552725514067653,28.22231594886867,1,0,0
2019,10,Michigan,105,Grapes,2.651066666666667,0.5122382610036428,1.66,3.96,37448.0,499.3066666666667,42607.0,1.812,75,560.0,Grapes,6314914.79,378381.0,16689.3,Exact,1,4,0,0,1,0,6314914.79,0.0,1.0000001214109957,16.68930202626453,6.31491479,,,19.3219683022045,46.30610743193525,0.8130549436335448,2.651066666666667,,37448.0,6314914.79,7.1309606426751456e-06,0.00026898458391622787,27.917681293051185,1,0,0
2019,11,New Jersey,105,Grapes,2.5972727272727276,0.598717977668298,1.23,3.84,42557.0,644.8030303030303,51100.0,1.8003030303030305,66,560.0,Grapes,6314914.79,378381.0,16689.3,Exact,1,4,0,0,1,0,,,1.0000001214109957,16.68930202626453,6.31491479,,,23.05179472996597,44.26864164282108,-0.1430665240658208,2.5972727272727276,,42557.0,6314914.79,7.939393416100473e-06,0.000305681930616399,27.683351166944473,1,0,0
2019,12,Virginia,105,Grapes,2.69125,0.5720256655683953,1.7,4.38,49267.0,559.8522727272727,59887.0,1.865795454545455,88,560.0,Grapes,6314914.79,378381.0,16689.3,Exact,1,4,0,0,1,0,6314914.79,0.0,1.0000001214109957,16.68930202626453,6.31491479,,,21.255017763804748,44.24142761434921,1.5272645381821834,2.69125,,49267.0,6314914.79,9.52377053062217e-06,0.00035387907220147405,29.079037154522677,1,0,0
2019,13,Washington,105,Grapes,2.630736842105264,0.5608774321016896,1.59,4.49,44028.0,463.4526315789474,52030.0,1.8064210526315787,95,560.0,Grapes,6314914.79,378381.0,16689.3,Exact,1,4,0,0,1,0,6314914.79,0.0,1.0000001214109957,16.68930202626453,6.31491479,,,21.320164872623437,45.63253889633477,0.45171718111397763,2.630736842105264,,44028.0,6314914.79,8.319651353469985e-06,0.0003162479507761077,28.129426719717692,1,0,0
2019,14,Arizona,105,Grapes,2.585161290322581,0.5398623272634578,1.41,4.07,53860.0,579.1397849462365,62577.0,1.7562365591397857,93,560.0,Grapes,6314914.79,378381.0,16689.3,Exact,1,4,0,0,1,0,6314914.79,0.0,1.0000001214109957,16.68930202626453,6.31491479,,,20.883119721945583,47.198922426988254,-0.35833250018110174,2.585161290322581,,53860.0,6314914.79,1.0001214816027083e-05,0.0003868700515308704,28.163165719303237,1,0,0
2019,15,Massachusetts,105,Grapes,2.5996153846153853,0.4820854111631502,1.77,3.84,39570.0,507.3076923076923,45759.0,1.7746153846153845,78,560.0,Grapes,6314914.79,378381.0,16689.3,Exact,1,4,0,0,1,0,6314914.79,0.0,1.0000001214109957,16.68930202626453,6.31491479,,,18.544489850927505,46.48894668400525,-0.10142865552498406,2.5996153846153853,,39570.0,6314914.79,7.388799995730981e-06,0.00028422666058441405,27.519143213435836,1,0,0
2019,2,Texas,105,Grapes,2.6220430107526895,0.5392860802865553,1.61,4.46,55831.0,600.3333333333334,65922.0,1.76516129032258,93,560.0,Grapes,6314914.79,378381.0,16689.3,Exact,1,4,0,0,1,0,6314914.79,0.0,1.0000001214109957,16.68930202626453,6.31491479,,,20.567400232376304,48.544103313840296,0.2971949638083844,2.6220430107526895,,55831.0,6314914.79,1.0515113874273477e-05,0.0004010275129413298,28.65919876388131,1,0,0
2019,3,Florida,105,Grapes,2.643333333333334,0.6359385422014966,1.47,4.28,42911.0,493.2298850574713,50580.0,1.824367816091954,87,560.0,Grapes,6314914.79,378381.0,16689.3,Exact,1,4,0,0,1,0,6314914.79,0.0,1.0000001214109957,16.68930202626453,6.31491479,,,24.05820462300743,44.890372983870996,0.6756044036623496,2.643333333333334,,42911.0,6314914.79,8.147405470679698e-06,0.0003082246710219305,28.196190271208522,1,0,0
2019,4,New York,105,Grapes,2.6310784313725493,0.6270312052852516,1.46,4.52,51569.0,505.578431372549,60362.0,1.8356862745098044,102,560.0,Grapes,6314914.79,378381.0,16689.3,Exact,1,4,0,0,1,0,6314914.79,0.0,1.0000001214109957,16.68930202626453,6.31491479,,,23.831718500240584,43.32941679128389,0.45778851248079705,2.6310784313725493,,51569.0,6314914.79,9.7458846425488e-06,0.0003704140677199305,28.549030598247725,1,0,0
2019,5,Illinois,105,Grapes,2.606000000000001,0.5145319475018049,1.76,3.64,38100.0,586.1538461538462,45270.0,1.7750769230769228,65,560.0,Grapes,6314914.79,378381.0,16689.3,Exact,1,4,0,0,1,0,6314914.79,0.0,1.0000001214109957,16.68930202626453,6.31491479,,,19.744126918718518,46.81053908823029,0.012050072766899398,2.606000000000001,,38100.0,6314914.79,7.1317834753858145e-06,0.00027366782330720687,27.488077074317687,1,0,0
2019,6,Pennsylvania,105,Grapes,2.657553191489362,0.6313472302126871,1.47,4.51,53582.0,570.0212765957447,62778.0,1.7830851063829776,94,560.0,Grapes,6314914.79,378381.0,16689.3,Exact,1,4,0,0,1,0,6314914.79,0.0,1.0000001214109957,16.68930202626453,6.31491479,,,23.756710956323836,49.04241990334718,0.9283449875235548,2.657553191489362,,53582.0,6314914.79,1.0228210280736823e-05,0.00038487321019545293,28.938062506254894,1,0,0
2019,7,Ohio,105,Grapes,2.5641237113402062,0.5288130430843044,1.52,4.04,50100.0,516.4948453608248,59613.0,1.7973195876288661,97,560.0,Grapes,6314914.79,378381.0,16689.3,Exact,1,4,0,0,1,0,6314914.79,0.0,1.0000001214109957,16.68930202626453,6.31491479,,,20.62353858924796,42.663760468050924,-0.7322497317519061,2.5641237113402062,,50100.0,6314914.79,9.227317468273187e-06,0.00035986241332522476,27.74842435610617,1,0,0
2019,8,Georgia,105,Grapes,2.5868918918918915,0.5076886265982268,1.67,4.3,34991.0,472.85135135135135,41451.0,1.803108108108109,74,560.0,Grapes,6314914.79,378381.0,16689.3,Exact,1,4,0,0,1,0,6314914.79,0.0,1.0000001214109957,16.68930202626453,6.31491479,,,19.62542880858214,43.46848534812251,-0.32757317429617694,2.5868918918918915,,34991.0,6314914.79,6.501796855595907e-06,0.00025133624161003873,27.06632583833128,1,0,0
2019,9,North Carolina,105,Grapes,2.5520512820512815,0.5277232622235272,1.38,3.82,47698.0,611.5128205128206,56191.0,1.7748717948717945,78,560.0,Grapes,6314914.79,378381.0,16689.3,Exact,1,4,0,0,1,0,6314914.79,0.0,1.0000001214109957,16.68930202626453,6.31491479,,,20.67839568644385,43.78792256573245,-0.9468223944062416,2.5520512820512815,,47698.0,6314914.79,8.74356068327441e-06,0.00034260912955661816,27.49239534217512,1,0,0
2020,1,California,105,Grapes,2.6492999999999993,0.5777529705241634,1.53,3.98,47640.0,476.4,54961.0,1.7880000000000007,100,560.0,Grapes,5479400.0,374338.0,14637.6,Exact,1,1,1,0,1,1,5479400.0,0.0,0.9999981916300906,14.637573529804616,5.4794,2.611011235955056,1.466434288665102,21.80775942793053,48.171140939597215,0.781654604760797,2.6301556179775276,0.02707424469943115,48550.5,5897157.395,1.0448071691839963e-05,0.0003943710297754111,28.536799872824627,1,0,0
2020,10,Michigan,105,Grapes,2.701309523809524,0.6312939089095321,1.56,4.07,36922.0,439.54761904761904,42663.0,1.8679761904761907,84,560.0,Grapes,5479400.0,374338.0,14637.6,Exact,1,1,1,0,1,1,5479400.0,0.0,0.9999981916300906,14.637573529804616,5.4794,2.651066666666667,1.8951940279204733,23.369921267639455,44.611560767318835,1.706060268286349,2.6761880952380954,0.035527064991901176,37185.0,5479400.0,8.256439812947182e-06,0.0003056458262251832,28.408564568559154,1,0,0
2020,11,New Jersey,105,Grapes,2.7126582278481015,0.538091853899236,1.76,4.25,42025.0,531.9620253164557,49183.0,1.8341772151898732,79,560.0,Grapes,5479400.0,374338.0,14637.6,Exact,1,1,1,0,1,1,5479400.0,0.0,0.9999981916300906,14.637573529804616,5.4794,2.5972727272727276,4.4425639003469115,19.836330591712382,47.89510006901314,1.9077695999340887,2.6549654775604146,0.08158986990745115,42291.0,5479400.0,9.437045598817575e-06,0.0003478892217949549,28.87907818156557,1,0,0
2020,12,Virginia,105,Grapes,2.5567032967032968,0.4983306687666889,1.46,3.99,52445.0,576.3186813186813,62194.0,1.783956043956044,91,560.0,Grapes,5479400.0,374338.0,14637.6,Exact,1,1,1,0,1,1,5479400.0,0.0,0.9999981916300906,14.637573529804616,5.4794,2.69125,-4.999413034712619,19.49114194866702,43.31649624245411,-0.8641385246812275,2.6239766483516487,0.09513888628739336,50856.0,5479400.0,1.1099864387756874e-05,0.0004341475368717766,27.785073677594898,1,0,0
2020,13,Washington,105,Grapes,2.5912244897959185,0.5587933710764786,1.45,4.72,46794.0,477.48979591836735,55814.0,1.8279591836734699,98,560.0,Grapes,5479400.0,374338.0,14637.6,Exact,1,1,1,0,1,1,5479400.0,0.0,0.9999981916300906,14.637573529804616,5.4794,2.630736842105264,-1.5019500117588902,21.5648382946739,41.75505191470355,-0.2505665465306676,2.610980665950591,0.02793945225857012,45411.0,5479400.0,1.0037567110083387e-05,0.0003873677155186941,27.864814533713155,1,0,0
2020,14,Arizona,105,Grapes,2.605154639175258,0.5673698701796112,1.47,3.91,59117.0,609.4536082474227,70976.0,1.806185567010309,97,560.0,Grapes,5479400.0,374338.0,14637.6,Exact,1,1,1,0,1,1,5479400.0,0.0,0.9999981916300906,14.637573529804616,5.4794,2.585161290322581,0.7733888375754725,21.778740564868336,44.235159817351615,-0.002975181780274953,2.5951579647489194,0.014137432552356112,56488.5,5479400.0,1.2749088803179719e-05,0.0004893793485985092,28.623591405635246,1,0,0
2020,15,Massachusetts,105,Grapes,2.5868292682926834,0.5689298554016647,1.36,4.03,39271.0,478.9146341463415,46057.0,1.7975609756097561,82,560.0,Grapes,5479400.0,374338.0,14637.6,Exact,1,1,1,0,1,1,5479400.0,0.0,0.9999981916300906,14.637573529804616,5.4794,2.5996153846153853,-0.49184646307182833,21.993328372117904,43.90773405698781,-0.3286862321659296,2.5932223264540344,0.009041149556822501,39420.5,5479400.0,8.409554278918602e-06,0.0003250911987890464,27.364170879335628,1,0,0
2020,2,Texas,105,Grapes,2.5083749999999996,0.5339545416340662,1.39,3.93,40036.0,500.45,46580.0,1.730375,80,560.0,Grapes,5479400.0,374338.0,14637.6,Exact,1,1,1,0,1,1,5479400.0,0.0,0.9999981916300906,14.637573529804616,5.4794,2.6220430107526895,-4.335093295058503,21.28687064868954,44.961352308025695,-1.7231148795635571,2.5652090053763446,0.08037542120721246,47933.5,5479400.0,8.313356332506534e-06,0.0003314239829573543,26.582652823051973,1,0,0
2020,3,Florida,105,Grapes,2.6584158415841586,0.5016926004502504,1.18,4.03,47154.0,466.8712871287129,56555.0,1.8195049504950493,101,560.0,Grapes,5479400.0,374338.0,14637.6,Exact,1,1,1,0,1,1,5479400.0,0.0,0.9999981916300906,14.637573529804616,5.4794,2.643333333333334,0.5705866929694038,18.871863182672364,46.10654622626111,0.9436775376963092,2.6508745874587465,0.010664943861460113,45032.5,5479400.0,1.0377069061610977e-05,0.0003903478492449566,28.607732131619695,1,0,0
2020,4,New York,105,Grapes,2.558105263157895,0.4827917368205646,1.54,4.03,56101.0,590.5368421052632,65465.0,1.802,95,560.0,Grapes,5479400.0,374338.0,14637.6,Exact,1,1,1,0,1,1,5479400.0,0.0,0.9999981916300906,14.637573529804616,5.4794,2.6310784313725493,-2.773507902483417,18.873020738191766,41.959226590338226,-0.83922028594769,2.594591847265222,0.051599822089248744,53835.0,5479400.0,1.1880159338791818e-05,0.00046441245049182064,27.97269364967513,1,0,0
2020,5,Illinois,105,Grapes,2.606282051282051,0.5248601767406298,1.64,3.84,38131.0,488.85897435897436,46040.0,1.7815384615384613,78,560.0,Grapes,5479400.0,374338.0,14637.6,Exact,1,1,1,0,1,1,5479400.0,0.0,0.9999981916300906,14.637573529804616,5.4794,2.606000000000001,0.01082314973329283,20.138272313330283,46.29389752446747,0.017063189277755735,2.6061410256410262,0.00019944037417963967,38115.5,5479400.0,8.226836378032586e-06,0.0003156541086558816,27.493171829148483,1,0,0
2020,6,Pennsylvania,105,Grapes,2.5495238095238104,0.47081750649690507,1.7,3.62,30344.0,481.6507936507937,35550.0,1.8493650793650793,63,560.0,Grapes,5479400.0,374338.0,14637.6,Exact,1,1,1,0,1,1,6314914.79,-13.230816531730271,0.9999981916300906,14.637573529804616,5.4794,2.657553191489362,-4.06499415746442,18.466880157704527,37.859411209338305,-0.9917451267764936,2.6035385005065863,0.07638830855523339,41963.0,5479400.0,6.40420394029249e-06,0.0002511921605269747,26.312072477570172,1,0,0
2020,7,Ohio,105,Grapes,2.588552631578947,0.5147548385976076,1.56,3.86,37855.0,498.0921052631579,45085.0,1.7639473684210527,76,560.0,Grapes,5479400.0,374338.0,14637.6,Exact,1,1,1,0,1,1,5479400.0,0.0,0.9999981916300906,14.637573529804616,5.4794,2.5641237113402062,0.952720031826087,19.885816974237883,46.74772489929879,-0.2980555579077242,2.5763381714595766,0.017273855157878815,43977.5,5479400.0,8.111730283302157e-06,0.000313369339465747,27.28734344695076,1,0,0
2020,8,Georgia,105,Grapes,2.5173134328358207,0.5163408026815184,1.64,3.68,34073.0,508.55223880597015,40378.0,1.7779104477611938,67,560.0,Grapes,5479400.0,374338.0,14637.6,Exact,1,1,1,0,1,1,5479400.0,0.0,0.9999981916300906,14.637573529804616,5.4794,2.5868918918918915,-2.6896546884758106,20.51158175006625,41.588314304902624,-1.5642451701092555,2.552102662363856,0.04919940022305825,34532.0,5479400.0,7.100368983453916e-06,0.00028206137904151097,26.271412777160172,1,0,0
2020,9,North Carolina,105,Grapes,2.6417647058823523,0.5739963839080311,1.49,4.31,34213.0,402.50588235294117,41500.0,1.7889411764705887,85,560.0,Grapes,5479400.0,374338.0,14637.6,Exact,1,1,1,0,1,1,5479400.0,0.0,0.9999981916300906,14.637573529804616,5.4794,2.5520512820512815,3.515345653985495,21.72776336325213,47.671971590161704,0.6477239695910898,2.596907993966817,0.06343697035441301,40955.5,5479400.0,7.48201445193143e-06,0.0002832203199350575,27.58105433546526,1,0,0
2021,1,California,105,Grapes,2.5732835820895534,0.40733571910612204,1.62,3.62,36341.0,542.4029850746268,42634.0,1.809850746268657,67,560.0,Grapes,5473950.0,365435.0,14979.3,Exact,1,2,2,0,1,2,5473950.0,0.0,0.9999980826496631,14.9792712794341,5.47395,2.6492999999999993,-2.869302000922731,15.829414291578308,42.18208807521033,-0.5694442342651564,2.6112917910447764,0.053751724585986815,44480.666666666664,5476675.0,7.74907659580496e-06,0.0003011357414992936,27.0213545037641,1,0,0
2021,10,Michigan,105,Grapes,2.5127397260273985,0.45951744095171493,1.6,3.89,26242.0,359.47945205479454,31410.0,1.737260273972603,73,560.0,Grapes,5473950.0,365435.0,14979.3,Exact,1,2,2,0,1,2,5473950.0,0.0,0.9999980826496631,14.9792712794341,5.47395,2.701309523809524,-6.980680892732156,18.28750650900898,44.638069705093876,-1.645537213706789,2.607024624918461,0.13333898273871692,33537.333333333336,5473950.0,5.463989649325848e-06,0.00021745147707615263,25.567515095932674,1,0,0
2021,11,New Jersey,105,Grapes,2.5571428571428565,0.5418944267174198,1.64,4.1,51479.0,612.8452380952381,60146.0,1.7809523809523813,84,560.0,Grapes,5473950.0,365435.0,14979.3,Exact,1,2,2,0,1,2,5473950.0,0.0,0.9999980826496631,14.9792712794341,5.47395,2.7126582278481015,-5.732951136590926,21.19140216213374,43.5828877005347,-0.8563258755733658,2.634900542495479,0.1099659732044185,45353.666666666664,5473950.0,1.0908135493397626e-05,0.00042657513102672284,27.742311577801438,1,0,0
2021,12,Virginia,105,Grapes,2.6055714285714275,0.6173638105154541,1.34,4.39,41136.0,587.6571428571428,47572.0,1.8284285714285717,70,560.0,Grapes,5473950.0,365435.0,14979.3,Exact,1,2,2,0,1,2,5473950.0,0.0,0.9999980826496631,14.9792712794341,5.47395,2.5567032967032968,1.911372818705364,23.693989109096883,42.5033205719196,0.004432739886682167,2.581137362637362,0.0345549874278737,47616.0,5473950.0,8.881584938254004e-06,0.0003408689871581668,27.683318973255663,1,0,0
2021,13,Washington,105,Grapes,2.650779220779221,0.537197322939224,1.38,3.98,35652.0,463.012987012987,41400.0,1.7911688311688314,77,560.0,Grapes,5473950.0,365435.0,14979.3,Exact,1,2,2,0,1,2,5473950.0,0.0,0.9999980826496631,14.9792712794341,5.47395,2.5912244897959185,2.2983238703487676,20.265638070805075,47.99158932714617,0.8079459446108822,2.62100185528757,0.042111554130033896,42158.0,5473950.0,7.831102100594933e-06,0.00029542641798334704,27.784377192118505,1,0,0
2021,14,Arizona,105,Grapes,2.623928571428572,0.4664581176905172,1.47,3.7,47641.0,567.1547619047619,56196.0,1.8022619047619053,84,560.0,Grapes,5473950.0,365435.0,14979.3,Exact,1,2,2,0,1,2,5473950.0,0.0,0.9999980826496631,14.9792712794341,5.47395,2.605154639175258,0.7206455989598183,17.777089009574627,45.590858048748245,0.3307084982543096,2.614541605301915,0.01327517480585519,53539.333333333336,5473950.0,1.03585342954889e-05,0.0003947719617172848,28.26356790008624,1,0,0
2021,15,Massachusetts,105,Grapes,2.4896428571428566,0.5684908078615377,1.57,4.23,45247.0,538.6547619047619,53580.0,1.7486904761904758,84,560.0,Grapes,5473950.0,365435.0,14979.3,Exact,1,2,2,0,1,2,5473950.0,0.0,0.9999980826496631,14.9792712794341,5.47395,2.5868292682926834,-3.756970447994437,22.83423127259082,42.37184287562121,-2.0560558042013164,2.53823606271777,0.06872117036322646,41362.666666666664,5473950.0,9.334526046079085e-06,0.00037493434125694225,26.688756695023308,1,0,0
2021,2,Texas,105,Grapes,2.6932000000000014,0.544471377650911,1.54,4.05,39618.0,528.24,47414.0,1.8178666666666674,75,560.0,Grapes,5473950.0,365435.0,14979.3,Exact,1,2,2,0,1,2,5473950.0,0.0,0.9999980826496631,14.9792712794341,5.47395,2.5083749999999996,7.3683161409279645,20.216522265368734,48.15167962446826,1.5619234027870128,2.6007875000000005,0.1306910108328049,45161.666666666664,5473950.0,8.841512888103152e-06,0.00032829024536251103,28.513080980676484,1,0,0
2021,3,Florida,105,Grapes,2.5964285714285715,0.5299594048038992,1.34,4.06,44480.0,529.5238095238095,52877.0,1.805238095238095,84,560.0,Grapes,5473950.0,365435.0,14979.3,Exact,1,2,2,0,1,2,5479400.0,-0.09946344490272657,0.9999980826496631,14.9792712794341,5.47395,2.6584158415841586,-2.3317371641394002,20.41109124416668,43.82748615141126,-0.15807036155708384,2.627422206506365,0.04383161907425808,44848.333333333336,5473950.0,9.569882135715463e-06,0.00036857867922975647,27.789100919888647,1,0,0
2021,4,New York,105,Grapes,2.620116279069768,0.5582103634379437,1.68,4.23,49243.0,572.5930232558139,58713.0,1.8243023255813948,86,560.0,Grapes,5473950.0,365435.0,14979.3,Exact,1,2,2,0,1,2,5473950.0,0.0,0.9999980826496631,14.9792712794341,5.47395,2.558105263157895,2.4240994616196003,21.304793527565412,43.622920517560146,0.2629496650759907,2.5891107711138313,0.043848409859552434,52304.333333333336,5473950.0,1.0691299594702572e-05,0.00040804676037119826,28.30915850901829,1,0,0
2021,5,Illinois,105,Grapes,2.560833333333334,0.5269811713235848,1.49,4.48,40780.0,566.3888888888889,49740.0,1.7716666666666658,72,560.0,Grapes,5473950.0,365435.0,14979.3,Exact,1,2,2,0,1,2,5473950.0,0.0,0.9999980826496631,14.9792712794341,5.47395,2.606282051282051,-1.7438142554970317,20.57850327329325,44.543744120414026,-0.7907321757718149,2.5835576923076924,0.032137096657772445,39003.666666666664,5473950.0,8.653543208617102e-06,0.00033791903190174167,27.185733851041054,1,0,0
2021,6,Pennsylvania,105,Grapes,2.657125,0.6393750781085614,1.44,4.1,41604.0,520.05,49177.0,1.843,80,560.0,Grapes,5473950.0,365435.0,14979.3,Exact,1,2,2,0,1,2,5473950.0,0.0,0.9999980826496631,14.9792712794341,5.47395,2.5495238095238104,4.220442659693658,24.062664651025504,44.17390124796528,0.9207344075980527,2.6033244047619055,0.07608553144945913,41843.333333333336,5473950.0,9.160359208027034e-06,0.00034474701822560225,28.261116749409766,1,0,0
2021,7,Ohio,105,Grapes,2.5836363636363626,0.4889002930081926,1.58,3.62,37274.0,564.7575757575758,44095.0,1.8134848484848485,66,560.0,Grapes,5473950.0,365435.0,14979.3,Exact,1,2,2,0,1,2,5473950.0,0.0,0.9999980826496631,14.9792712794341,5.47395,2.588552631578947,-0.18992342989701827,18.922952931351585,42.46804244297764,-0.38543620661694655,2.5860944976076548,0.0034763264003313684,41743.0,5473950.0,7.979998692338015e-06,0.00030886694446065517,27.195558248033457,1,0,0
2021,8,Georgia,105,Grapes,2.659540229885058,0.5797531713081068,1.71,4.03,37924.0,435.9080459770115,44871.0,1.8177011494252868,87,560.0,Grapes,5473950.0,365435.0,14979.3,Exact,1,2,2,0,1,2,5473950.0,0.0,0.9999980826496631,14.9792712794341,5.47395,2.5173134328358207,5.649943912189551,21.79899987198776,46.31339319590243,0.9636621643035399,2.5884268313604393,0.10056953265995851,35662.666666666664,5473950.0,8.357687584144926e-06,0.0003142530987209821,28.04050551470883,1,0,0
2021,9,North Carolina,105,Grapes,2.5641379310344834,0.4991354193005348,1.54,3.93,47860.0,550.1149425287356,58343.0,1.7783908045977008,87,560.0,Grapes,5473950.0,365435.0,14979.3,Exact,1,2,2,0,1,2,5473950.0,0.0,0.9999980826496631,14.9792712794341,5.47395,2.6417647058823523,-2.9384439376837506,19.466012855991803,44.183040330920434,-0.7319969940807911,2.602951318458418,0.05489041889656946,43257.0,5473950.0,1.0169029526784079e-05,0.0003965866813834565,27.63129459173782,1,0,0
2022,1,California,105,Grapes,2.5668571428571427,0.5087396841731417,1.54,4.01,31007.0,442.95714285714286,36721.0,1.802285714285714,70,560.0,Grapes,5409090.0,363816.0,14867.7,Exact,1,3,3,1,1,3,5409090.0,0.0,0.9999968306784196,14.867652879477538,5.40909,2.5732835820895534,-0.2497369227837812,19.819555817074757,42.422320862396965,-0.6836663302893339,2.570070362473348,0.004544178760120882,38329.333333333336,5441520.0,6.674265790171307e-06,0.00026001703323240844,26.54643789256554,1,0,0
2022,10,Michigan,105,Grapes,2.6225773195876285,0.5833421636543232,1.59,4.23,37923.0,390.9587628865979,45633.0,1.8041237113402055,97,560.0,Grapes,5409090.0,363816.0,14867.7,Exact,1,3,3,1,1,3,5409090.0,0.0,0.9999968306784196,14.867652879477538,5.40909,2.5127397260273985,4.371228441311012,22.243087336164695,45.36571428571432,0.30669164974033464,2.5676585228075135,0.07766690723565052,33695.666666666664,5409090.0,8.340134155753467e-06,0.0003180128987413366,27.65072287766668,1,0,0
2022,11,New Jersey,105,Grapes,2.5850000000000004,0.4932455866920747,1.52,4.07,32059.0,348.4673913043478,37355.0,1.7856521739130435,92,560.0,Grapes,5409090.0,363816.0,14867.7,Exact,1,3,3,1,1,3,5409090.0,0.0,0.9999968306784196,14.867652879477538,5.40909,2.5571428571428565,1.0893854748603766,19.08106718344583,44.765035305575864,-0.3611992383618111,2.5710714285714285,0.019697974618768856,41854.333333333336,5409090.0,6.949484144486171e-06,0.00026883884504782087,26.820317041632766,1,0,0
2022,12,Virginia,105,Grapes,2.567142857142857,0.593333868378571,1.58,4.22,40356.0,443.4725274725275,47449.0,1.7583516483516488,91,560.0,Grapes,5409090.0,363816.0,14867.7,Exact,1,3,3,1,1,3,5409090.0,0.0,0.9999968306784196,14.867652879477538,5.40909,2.6055714285714275,-1.4748615603925253,23.112615907902043,45.99712517967623,-0.6785881083692127,2.5863571428571426,0.02717310344845372,44645.666666666664,5409090.0,8.68760766713938e-06,0.00033841543500264697,27.225885275441758,1,0,0
2022,13,Washington,105,Grapes,2.561020408163264,0.5330335085420967,1.35,3.81,39981.0,407.96938775510205,47671.0,1.749081632653061,98,560.0,Grapes,5409090.0,363816.0,14867.7,Exact,1,3,3,1,1,3,5409090.0,0.0,0.9999968306784196,14.867652879477538,5.40909,2.650779220779221,-3.386129328023461,20.813325299675476,46.42086226007813,-0.7874071495146263,2.6058998144712424,0.0634690650719958,40809.0,5409090.0,8.586353040760976e-06,0.0003352707777490541,27.13704509074592,1,0,0
2022,14,Arizona,105,Grapes,2.700481927710844,0.5824064954041306,1.66,4.23,40799.0,491.5542168674699,47788.0,1.8308433734939764,83,560.0,Grapes,5409090.0,363816.0,14867.7,Exact,1,3,3,1,1,3,5409090.0,0.0,0.9999968306784196,14.867652879477538,5.40909,2.623928571428572,2.9175091546258636,21.5667614520134,47.49934193208738,1.691350760013727,2.662205249569708,0.05413139734978448,49185.666666666664,5409090.0,9.239167553667915e-06,0.0003421303234382246,28.669497228413494,1,0,0
2022,15,Massachusetts,105,Grapes,2.617471264367816,0.5972713504138023,1.5,4.2,39474.0,453.7241379310345,46194.0,1.7970114942528739,87,560.0,Grapes,5409090.0,363816.0,14867.7,Exact,1,3,3,1,1,3,5409090.0,0.0,0.9999968306784196,14.867652879477538,5.40909,2.4896428571428566,5.134407405392151,22.818640209907255,45.65690162466417,0.21593776434128523,2.5535570607553364,0.09038833357704439,41330.666666666664,5409090.0,8.664332469436898e-06,0.0003310192011421966,27.701805160060708,1,0,0
2022,2,Texas,105,Grapes,2.6134523809523804,0.6427416690450315,1.5,4.39,37987.0,452.2261904761905,46011.0,1.7972619047619045,84,560.0,Grapes,5409090.0,363816.0,14867.7,Exact,1,3,3,1,1,3,5473950.0,-1.1848847724221083,0.9999968306784196,14.867652879477538,5.40909,2.6932000000000014,-2.9610730375620418,24.59358638900499,45.41299595946214,0.1445070278499546,2.653326190476191,0.05639008221205426,39213.666666666664,5409090.0,8.325141763681747e-06,0.0003185495869126165,27.558922259858623,1,0,0
2022,3,Florida,105,Grapes,2.762777777777778,0.6115559058484273,1.66,4.14,26674.0,370.47222222222223,31632.0,1.8426388888888887,72,560.0,Grapes,5409090.0,363816.0,14867.7,Exact,1,3,3,1,1,3,5409090.0,0.0,0.9999968306784196,14.867652879477538,5.40909,2.5964285714285715,6.406847012073976,22.135544551119427,49.93593125800862,2.7985832897118055,2.6796031746031748,0.11762665185452419,39436.0,5409090.0,6.179824622917836e-06,0.0002236815668862277,28.156800202662883,1,0,0
2022,4,New York,105,Grapes,2.5939743589743602,0.5406713953738979,1.52,3.84,35601.0,456.4230769230769,43050.0,1.8017948717948713,78,560.0,Grapes,5409090.0,363816.0,14867.7,Exact,1,3,3,1,1,3,5409090.0,0.0,0.9999968306784196,14.867652879477538,5.40909,2.620116279069768,-0.9977389287733871,20.843359283924286,43.96613063896411,-0.20169098574269487,2.607045319022064,0.018485128972699758,46981.666666666664,5409090.0,7.744081686821936e-06,0.0002985411810270898,27.18525878255018,1,0,0
2022,5,Illinois,105,Grapes,2.6725287356321834,0.4796103515156245,1.75,4.17,39490.0,453.9080459770115,46397.0,1.8409195402298841,87,560.0,Grapes,5409090.0,363816.0,14867.7,Exact,1,3,3,1,1,3,5409090.0,0.0,0.9999968306784196,14.867652879477538,5.40909,2.560833333333334,4.361681833993469,17.945938059377806,45.17357642357646,1.1945169653847643,2.6166810344827587,0.07898057639287594,39467.0,5409090.0,8.85016905738485e-06,0.00033115337318501657,28.285584668309866,1,0,0
2022,6,Pennsylvania,105,Grapes,2.538630136986301,0.4846370780413741,1.63,4.2,36565.0,500.8904109589041,43132.0,1.7627397260273974,73,560.0,Grapes,5409090.0,363816.0,14867.7,Exact,1,3,3,1,1,3,5409090.0,0.0,0.9999968306784196,14.867652879477538,5.40909,2.657125,-4.459514061765979,19.09049573549553,44.0161641280696,-1.1853668301234945,2.5978775684931508,0.08378852117275777,36171.0,5409090.0,7.784075840713401e-06,0.0003066250466069924,26.673067301502016,1,0,0
2022,7,Ohio,105,Grapes,2.5825000000000005,0.49137275372021966,1.73,4.19,34917.0,484.9583333333333,40594.0,1.7997222222222216,72,560.0,Grapes,5409090.0,363816.0,14867.7,Exact,1,3,3,1,1,3,5409090.0,0.0,0.9999968306784196,14.867652879477538,5.40909,2.5836363636363626,-0.04398311048551637,19.027018537084977,43.49436641457023,-0.4056336801628454,2.5830681818181818,0.0008035304331654864,36682.0,5409090.0,7.561697549025554e-06,0.00029280532619653646,27.01490684946174,1,0,0
2022,8,Georgia,105,Grapes,2.5990909090909082,0.5805499500595159,1.63,4.26,36648.0,416.45454545454544,43368.0,1.7756818181818188,88,560.0,Grapes,5409090.0,363816.0,14867.7,Exact,1,3,3,1,1,3,5409090.0,0.0,0.9999968306784196,14.867652879477538,5.40909,2.659540229885058,-2.272923722487259,22.33665425202755,46.37143222833729,-0.11075056639236208,2.629315569487983,0.0427441246516642,36215.0,5409090.0,7.987553838201878e-06,0.00030732106407912096,27.31421393178473,1,0,0
2022,9,North Carolina,105,Grapes,2.5780645161290323,0.552813472088788,1.64,4.53,42439.0,456.3333333333333,49440.0,1.7683870967741937,93,560.0,Grapes,5409090.0,363816.0,14867.7,Exact,1,3,3,1,1,3,5409090.0,0.0,0.9999968306784196,14.867652879477538,5.40909,2.5641379310344834,0.543129327248411,21.44296500844898,45.786209412623116,-0.4844689801324314,2.571101223581758,0.009847582759127034,41504.0,5409090.0,9.174892254695313e-06,0.00035588295782727064,27.4714599900263,1,0,0
2023,1,California,105,Grapes,2.673698630136986,0.5273953473052341,1.46,4.26,30460.0,417.26027397260276,34262.0,1.8284931506849318,73,560.0,Grapes,5361010.0,360579.0,14867.8,Exact,1,4,4,1,1,4,5361010.0,0.0,0.9999987957134524,14.867782094908467,5.36101,2.5668571428571427,4.162346454579827,19.725310151287065,46.224153431225616,1.215310409099566,2.6202778864970644,0.07554834016763348,32602.666666666668,5385050.0,6.890678577098837e-06,0.0002577208403157164,27.603805963466176,1,0,0
2023,10,Michigan,105,Grapes,2.5914457831325306,0.5567986292081714,1.55,3.86,35249.0,424.68674698795184,41732.0,1.783132530120482,83,560.0,Grapes,5361010.0,360579.0,14867.8,Exact,1,4,4,1,1,4,5361010.0,0.0,0.9999987957134524,14.867782094908467,5.36101,2.6225773195876285,-1.1870588608610788,21.48602269946451,45.33108108108111,-0.24663332817600803,2.6070115513600793,0.022013320536155952,33138.0,5361010.0,7.728737687716437e-06,0.000298240377553798,27.133009561981098,1,0,0
2023,11,New Jersey,105,Grapes,2.5607407407407408,0.4243724124450652,1.54,3.67,39008.0,481.58024691358025,45890.0,1.769753086419753,81,560.0,Grapes,5361010.0,360579.0,14867.8,Exact,1,4,4,1,1,4,5361010.0,0.0,0.9999987957134524,14.867782094908467,5.36101,2.5850000000000004,-0.9384626405903149,16.572252149286605,44.69480292989188,-0.7923778958385307,2.572870370370371,0.017153886728785036,40848.666666666664,5361010.0,8.451600005215243e-06,0.00033004512603530746,27.0709928054119,1,0,0
2023,12,Virginia,105,Grapes,2.5942465753424653,0.5277097208383369,1.56,3.89,37456.0,513.0958904109589,44069.0,1.8001369863013699,73,560.0,Grapes,5361010.0,360579.0,14867.8,Exact,1,4,4,1,1,4,5361010.0,0.0,0.9999987957134524,14.867782094908467,5.36101,2.567142857142857,1.0557931407749401,20.3415406173823,44.113842173350555,-0.19685267279635385,2.580694716242661,0.019165222934312137,39649.333333333336,5361010.0,8.2215232288095e-06,0.0003169137161807443,27.319878086157395,1,0,0
2023,13,Washington,105,Grapes,2.538505747126437,0.5579291626613381,1.37,4.07,39090.0,449.3103448275862,45356.0,1.7529885057471264,87,560.0,Grapes,5361010.0,360579.0,14867.8,Exact,1,4,4,1,1,4,5361010.0,0.0,0.9999987957134524,14.867782094908467,5.36101,2.561020408163264,-0.8791285288106887,21.978644850141006,44.81017638187661,-1.1875777077190002,2.5497630776448506,0.01592026949525706,38241.0,5361010.0,8.395826612809895e-06,0.00033073892475185004,26.84126504952181,1,0,0
2023,14,Arizona,105,Grapes,2.6347500000000004,0.5203600871061926,1.56,3.93,38073.0,475.9125,45941.0,1.7872500000000002,80,560.0,Grapes,5361010.0,360579.0,14867.8,Exact,1,4,4,1,1,4,5361010.0,0.0,0.9999987957134524,14.867782094908467,5.36101,2.700481927710844,-2.4340813777103705,19.749884698973055,47.41921947125473,0.5230461534787902,2.667615963855422,0.04647949182480151,42171.0,5361010.0,8.487428949987945e-06,0.0003221341284747298,27.78946419525385,1,0,0
2023,15,Massachusetts,105,Grapes,2.5912345679012345,0.5329783830420549,1.53,4.37,34164.0,421.77777777777777,40593.0,1.8188888888888888,81,560.0,Grapes,5361010.0,360579.0,14867.8,Exact,1,4,4,1,1,4,5361010.0,0.0,0.9999987957134524,14.867782094908467,5.36101,2.617471264367816,-1.0023680803586004,20.568511613896064,42.46249915156452,-0.2503874205370152,2.604352916134525,0.018552145987453025,39628.333333333336,5361010.0,7.490228757277092e-06,0.00028906023599954483,27.04978624993001,1,0,0
2023,2,Texas,105,Grapes,2.546179775280899,0.5599360872983986,1.61,4.14,45688.0,513.3483146067416,53625.0,1.766741573033708,89,560.0,Grapes,5361010.0,360579.0,14867.8,Exact,1,4,4,1,1,4,5409090.0,-0.8888740989704368,0.9999987957134524,14.867782094908467,5.36101,2.6134523809523804,-2.574089589761964,21.991223586583768,44.11727295853473,-1.05118124475542,2.5798160781166395,0.0475689156583931,41097.666666666664,5361010.0,9.842623006701646e-06,0.00038656433855365884,27.319523229383723,1,0,0
2023,3,Florida,105,Grapes,2.452068965517241,0.49060033924047675,1.49,3.67,37477.0,430.7701149425287,43439.0,1.7297701149425284,87,560.0,Grapes,5361010.0,360579.0,14867.8,Exact,1,4,4,1,1,4,5361010.0,0.0,0.9999987957134524,14.867782094908467,5.36101,2.762777777777778,-11.246246975044572,20.007607703521064,41.75692737058941,-2.7238857644720467,2.6074233716475095,0.21970430812384364,36210.333333333336,5361010.0,7.775299721974954e-06,0.0003170913963398589,25.823987293919764,1,0,0
2023,4,New York,105,Grapes,2.701756756756757,0.5055428605547015,1.61,4.16,30466.0,411.7027027027027,36729.0,1.8170270270270272,74,560.0,Grapes,5361010.0,360579.0,14867.8,Exact,1,4,4,1,1,4,5361010.0,0.0,0.9999987957134524,14.867782094908467,5.36101,2.5939743589743602,4.1551065225260375,18.711634912743417,48.69106053845009,1.7140092868324799,2.6478655578655586,0.07621366436447854,38436.666666666664,5361010.0,6.964361784144243e-06,0.0002577716060754634,27.894015864432287,1,0,0
2023,5,Illinois,105,Grapes,2.5630208333333333,0.508428165586254,1.51,3.75,40719.0,424.15625,48605.0,1.7929166666666667,96,560.0,Grapes,5361010.0,360579.0,14867.8,Exact,1,4,4,1,1,4,5361010.0,0.0,0.9999987957134524,14.867782094908467,5.36101,2.6725287356321834,-4.097538815534799,19.8370672205976,42.95259121543109,-0.7518520391959207,2.6177747844827586,0.07743378030903082,40329.666666666664,5361010.0,8.830166240429703e-06,0.0003445218285231666,27.205119665976714,1,0,0
2023,6,Pennsylvania,105,Grapes,2.593298969072165,0.5235908104328795,1.54,3.77,41580.0,428.659793814433,49994.0,1.7960824742268038,97,560.0,Grapes,5361010.0,360579.0,14867.8,Exact,1,4,4,1,1,4,5361010.0,0.0,0.9999987957134524,14.867782094908467,5.36101,2.538630136986301,2.153477629110773,20.19014454859444,44.38640798989786,-0.21369521506353428,2.565964553029233,0.03865670188746325,39916.333333333336,5361010.0,9.123399914436982e-06,0.00035180671504686436,27.580768253958677,1,0,0
2023,7,Ohio,105,Grapes,2.6081521739130435,0.575367879159802,1.59,4.21,44330.0,481.8478260869565,52039.0,1.8259782608695647,92,560.0,Grapes,5361010.0,360579.0,14867.8,Exact,1,4,4,1,1,4,5361010.0,0.0,0.9999987957134524,14.867782094908467,5.36101,2.5825000000000005,0.9933077991497804,22.06036461041958,42.83588308827911,0.05030233136081395,2.595326086956522,0.01813882612608942,38840.333333333336,5361010.0,9.782509941921015e-06,0.0003750743549309162,27.905766353945,1,0,0
2023,8,Georgia,105,Grapes,2.67375,0.5277426851905689,1.84,4.85,35508.0,443.85,40967.0,1.8195000000000001,80,560.0,Grapes,5361010.0,360579.0,14867.8,Exact,1,4,4,1,1,4,5361010.0,0.0,0.9999987957134524,14.867782094908467,5.36101,2.5990909090909082,2.8725078698846116,19.73792183975947,46.94971145919208,1.2162234455749352,2.636420454545454,0.05279194945904177,36693.333333333336,5361010.0,8.032794348314695e-06,0.0003004317661828778,28.014326490597835,1,0,0
2023,9,North Carolina,105,Grapes,2.705925925925926,0.5345904455229671,1.62,3.89,41568.0,513.1851851851852,48495.0,1.845432098765432,81,560.0,Grapes,5361010.0,360579.0,14867.8,Exact,1,4,4,1,1,4,5361010.0,0.0,0.9999987957134524,14.867782094908467,5.36101,2.5780645161290323,4.959589218848473,19.75628528486191,46.62831147979663,1.7881111687549238,2.641995221027479,0.09041166991945548,43955.666666666664,5361010.0,9.516881743892471e-06,0.0003517051835273703,28.777819809531948,1,0,0
2019,1,California,106,Watermelons,12.247710843373495,2.436058053946593,10.13,9.95,42587.0,513.0963855421687,51215.0,8.36265060240964,83,567.0,Watermelons,1638104.0,40185.0,40763.7,Exact,1,4,0,0,0,0,1638104.0,0.0,1.0000089833320682,40.76406619385343,1.638104,,,19.88990502061533,46.45728281227486,0.27716720662443867,12.247710843373495,,42587.0,1638104.0,0.0001444297829139765,0.0011792390003403683,130.55236470894957,1,0,0
2019,10,Michigan,106,Watermelons,11.956633663366336,2.433354999677492,10.01,9.91,44765.0,443.2178217821782,52355.0,8.333861386138613,101,567.0,Watermelons,1638104.0,40185.0,40763.7,Exact,1,4,0,0,0,0,1638104.0,0.0,1.0000089833320682,40.76406619385343,1.638104,,,20.351505851793338,43.470512759587514,-0.9860460312881151,11.956633663366336,,44765.0,1638104.0,0.0001482082223535019,0.0012395480745353415,128.0460314659053,1,0,0
2019,11,New Jersey,106,Watermelons,12.327765957446807,2.5944059565179347,10.1,9.98,46329.0,492.86170212765956,54819.0,8.310851063829785,94,567.0,Watermelons,1638104.0,40185.0,40763.7,Exact,1,4,0,0,0,0,1638104.0,0.0,1.0000089833320682,40.76406619385343,1.638104,,,21.045223972237544,48.333376001638484,0.6245894259049763,12.327765957446807,,46329.0,1638104.0,0.00015814741338884331,0.0012828554170702074,132.44390804714996,1,0,0
2019,12,Virginia,106,Watermelons,12.036746987951805,2.209286999228558,10.0,9.99,50982.0,614.2409638554217,60484.0,8.300963855421688,83,567.0,Watermelons,1638104.0,40185.0,40763.7,Exact,1,4,0,0,0,0,1638104.0,0.0,1.0000089833320682,40.76406619385343,1.638104,,,18.354518886539246,45.00420912072913,-0.6383711907284388,12.036746987951805,,50982.0,1638104.0,0.00016992245993608282,0.0014116975301231047,130.46927997178986,1,0,0
2019,13,Washington,106,Watermelons,12.437368421052632,2.369358488942272,10.01,9.89,39289.0,516.9605263157895,44752.0,8.463947368421055,76,567.0,Watermelons,1638104.0,40185.0,40763.7,Exact,1,4,0,0,0,0,1638104.0,0.0,1.0000089833320682,40.76406619385343,1.638104,,,19.050320041429973,46.94524764480922,1.1002408766002914,12.437368421052632,,39289.0,1638104.0,0.00013530824483686175,0.0010879169954298902,131.57150413733066,1,0,0
2019,14,Arizona,106,Watermelons,11.86712328767123,2.5291118771946053,10.01,9.97,55456.0,759.6712328767123,63642.0,8.266164383561645,73,567.0,Watermelons,1638104.0,40185.0,40763.7,Exact,1,4,0,0,0,0,1638104.0,0.0,1.0000089833320682,40.76406619385343,1.638104,,,21.311920470415124,43.56263361118932,-1.3745020810059354,11.86712328767123,,55456.0,1638104.0,0.00018222954111950368,0.0015355831122848631,129.62889810313322,1,0,0
2019,15,Massachusetts,106,Watermelons,12.268863636363635,2.491444409485999,10.0,9.97,44263.0,502.9886363636364,51137.0,8.390795454545453,88,567.0,Watermelons,1638104.0,40185.0,40763.7,Exact,1,4,0,0,0,0,,,1.0000089833320682,40.76406619385343,1.638104,,,20.30705111190263,46.21812321401971,0.3689658427226433,12.268863636363635,,44263.0,1638104.0,0.00015037303711662561,0.0012256476359467849,131.25140736556162,1,0,0
2019,2,Texas,106,Watermelons,12.146914893617021,2.8763342959270792,10.02,9.96,47932.0,509.9148936170213,56579.0,8.430319148936173,94,567.0,Watermelons,1638104.0,40185.0,40763.7,Exact,1,4,0,0,0,0,1638104.0,0.0,1.0000089833320682,40.76406619385343,1.638104,,,23.679545967993402,44.086062212126905,-0.16026584139813443,12.146914893617021,,47932.0,1638104.0,0.00016121903806159003,0.0013272426741567742,130.9140977823583,1,0,0
2019,3,Florida,106,Watermelons,12.020537634408605,2.571702771042952,10.01,9.93,48199.0,518.2688172043011,55868.0,8.432043010752688,93,567.0,Watermelons,1638104.0,40185.0,40763.7,Exact,1,4,0,0,0,0,1638104.0,0.0,1.0000089833320682,40.76406619385343,1.638104,,,21.39424083396646,42.557831110204326,-0.7087163478900939,12.020537634408605,,48199.0,1638104.0,0.00016043041488729158,0.0013346359353184167,129.6188312597447,1,0,0
2019,4,New York,106,Watermelons,12.357011494252873,2.8127393396633114,10.0,9.79,50345.0,578.6781609195402,58598.0,8.541954022988506,87,567.0,Watermelons,1638104.0,40185.0,40763.7,Exact,1,4,0,0,0,0,1638104.0,0.0,1.0000089833320682,40.76406619385343,1.638104,,,22.76229443479509,44.662584942474595,0.751508854086782,12.357011494252873,,50345.0,1638104.0,0.00017226402169512732,0.001394058925778661,133.78534063675343,1,0,0
2019,5,Illinois,106,Watermelons,12.031948051948053,2.476215830530762,10.13,9.96,38651.0,501.961038961039,45723.0,8.40753246753247,77,567.0,Watermelons,1638104.0,40185.0,40763.7,Exact,1,4,0,0,0,0,1638104.0,0.0,1.0000089833320682,40.76406619385343,1.638104,,,20.580340106520374,43.10914764126168,-0.6591975553637066,12.031948051948053,,38651.0,1638104.0,0.00012877200836616825,0.0010702507009687364,127.08569221729836,1,0,0
2019,6,Pennsylvania,106,Watermelons,12.094375,2.532267472569116,10.14,9.91,48117.0,501.21875,56597.0,8.322500000000002,96,567.0,Watermelons,1638104.0,40185.0,40763.7,Exact,1,4,0,0,0,0,1638104.0,0.0,1.0000089833320682,40.76406619385343,1.638104,,,20.937563723376496,45.32141784319612,-0.38827783853891557,12.094375,,48117.0,1638104.0,0.00016114126128483077,0.0013323653457481745,130.39443499794123,1,0,0
2019,7,Ohio,106,Watermelons,12.071627906976746,2.7199233814749992,10.03,9.8,50177.0,583.453488372093,58524.0,8.386976744186045,86,567.0,Watermelons,1638104.0,40185.0,40763.7,Exact,1,4,0,0,0,0,1638104.0,0.0,1.0000089833320682,40.76406619385343,1.638104,,,22.531537605653263,43.93300798580306,-0.48699539870730746,12.071627906976746,,50177.0,1638104.0,0.00016772404148414347,0.0013894069861713355,130.6552361663112,1,0,0
2019,8,Georgia,106,Watermelons,11.88694117647059,2.384680283816345,10.04,9.92,42698.0,502.32941176470587,49949.0,8.311411764705884,85,567.0,Watermelons,1638104.0,40185.0,40763.7,Exact,1,4,0,0,0,0,1638104.0,0.0,1.0000089833320682,40.76406619385343,1.638104,,,20.06134503749931,43.019519583280236,-1.28849664602744,11.88694117647059,,42698.0,1638104.0,0.0001405408036756995,0.0011823126032952085,126.73774400635556,1,0,0
2019,9,North Carolina,106,Watermelons,12.321875000000004,2.483253940212106,10.07,9.74,54503.0,567.7395833333334,65141.0,8.48645833333333,96,567.0,Watermelons,1638104.0,40185.0,40763.7,Exact,1,4,0,0,0,0,1638104.0,0.0,1.0000089833320682,40.76406619385343,1.638104,,,20.153214833068063,45.19455014115636,0.5990239197715214,12.321875000000004,,54503.0,1638104.0,0.00018596105130217117,0.0015091944310599737,134.38273067370056,1,0,0
2020,1,California,106,Watermelons,12.314395604395607,2.6700375398073457,10.11,9.97,43391.0,476.8241758241758,49836.0,8.443626373626374,91,567.0,Watermelons,1561787.0,38284.0,40794.8,Exact,1,1,1,0,0,1,1561787.0,0.0,0.9999992808243428,40.794770661372894,1.561787,12.247710843373495,0.5444671406346163,21.682245930561788,45.842497754987846,0.5665649288646176,12.281053223884552,0.04715324672053942,42989.0,1599945.5,0.0001551876704731647,0.0012602134563369934,131.49349026794033,1,0,0
2020,10,Michigan,106,Watermelons,12.034166666666668,2.4813017416939305,10.0,9.98,37855.0,450.6547619047619,44504.0,8.440119047619048,84,567.0,Watermelons,1561787.0,38284.0,40794.8,Exact,1,1,1,0,0,1,1561787.0,0.0,0.9999992808243428,40.794770661372894,1.561787,11.956633663366336,0.6484517756689582,20.61880818525529,42.58290195635924,-0.6495692379452377,11.995400165016502,0.054824112399423315,41310.0,1561787.0,0.00013230727535793645,0.0010994303055849575,126.85870664753561,1,0,0
2020,11,New Jersey,106,Watermelons,11.944268292682928,2.220003353622094,10.0,9.95,40389.0,492.5487804878049,46828.0,8.130243902439023,82,567.0,Watermelons,1561787.0,38284.0,40794.8,Exact,1,1,1,0,0,1,1561787.0,0.0,0.9999992808243428,40.794770661372894,1.561787,12.327765957446807,-3.1108447879984373,18.58634869230182,46.911561768764656,-1.0397091179601554,12.136017125064868,0.27117379932374464,43359.0,1561787.0,0.0001401093453916789,0.0011730257723489856,126.6849408049565,1,0,0
2020,12,Virginia,106,Watermelons,12.160759493670886,2.6538732082595224,10.13,9.99,43542.0,551.1645569620254,51084.0,8.403037974683544,79,567.0,Watermelons,1561787.0,38284.0,40794.8,Exact,1,1,1,0,0,1,1561787.0,0.0,0.9999992808243428,40.794770661372894,1.561787,12.036746987951805,1.0302825659059858,21.823252154939343,44.71860689322729,-0.10018321293094574,12.098753240811345,0.08769008374589789,47262.0,1561787.0,0.00015378484044615632,0.001264598979415671,129.89520402727945,1,0,0
2020,13,Washington,106,Watermelons,12.729999999999999,2.6845973921418342,10.02,9.81,33324.0,432.7792207792208,40102.0,8.693766233766235,77,567.0,Watermelons,1561787.0,38284.0,40794.8,Exact,1,1,1,0,0,1,1561787.0,0.0,0.9999992808243428,40.794770661372894,1.561787,12.437368421052632,2.3528416063645063,21.088746206927215,46.426757491559826,2.3701998763009016,12.583684210526314,0.20692177386300944,36306.5,1561787.0,0.00012320546806423883,0.0009678355700254425,132.57102383644715,1,0,0
2020,14,Arizona,106,Watermelons,11.98888888888889,2.603031405880459,10.04,9.89,46328.0,571.9506172839506,54305.0,8.245061728395063,81,567.0,Watermelons,1561787.0,38284.0,40794.8,Exact,1,1,1,0,0,1,1561787.0,0.0,0.9999992808243428,40.794770661372894,1.561787,11.86712328767123,1.0260751343517505,21.712032115777692,45.406902747622965,-0.8460651922854022,11.92800608828006,0.08610128233626463,50892.0,1561787.0,0.00016131209840389196,0.0013455133323772264,128.802908244539,1,0,0
2020,15,Massachusetts,106,Watermelons,11.969189189189189,2.543991985834687,10.08,9.94,27710.0,374.4594594594595,33332.0,8.275405405405404,74,567.0,Watermelons,1561787.0,38284.0,40794.8,Exact,1,1,1,0,0,1,1561787.0,0.0,0.9999992808243428,40.794770661372894,1.561787,12.268863636363635,-2.442560746100743,21.25450559451823,44.63568372579119,-0.9315577116335467,12.119026412776412,0.21190183374538082,35986.5,1561787.0,9.632648455300507e-05,0.0008047870497360764,122.43983490348546,1,0,0
2020,2,Texas,106,Watermelons,12.401874999999999,2.796577516708955,10.08,9.89,35532.0,444.15,41627.0,8.432124999999997,80,567.0,Watermelons,1561787.0,38284.0,40794.8,Exact,1,1,1,0,0,1,1561787.0,0.0,0.9999992808243428,40.794770661372894,1.561787,12.146914893617021,2.098970056314089,22.549634766589367,47.07887987903408,0.9462069556608762,12.27439494680851,0.18028402015544703,41732.0,1561787.0,0.00012798275558295816,0.001031962953851399,129.9495389592224,1,0,0
2020,3,Florida,106,Watermelons,12.332727272727272,2.703692548354797,10.04,9.98,40175.0,456.53409090909093,47101.0,8.423636363636364,88,567.0,Watermelons,1561787.0,38284.0,40794.8,Exact,1,1,1,0,0,1,1561787.0,0.0,0.9999992808243428,40.794770661372894,1.561787,12.020537634408605,2.5971354012072574,21.922908765961054,46.406216274552115,0.6461204821684272,12.176632453567938,0.2207514102713053,44187.0,1561787.0,0.0001438995601732917,0.0011668105277209263,130.73955114021516,1,0,0
2020,4,New York,106,Watermelons,12.308765432098765,2.6529433572524916,10.01,9.99,43198.0,533.3086419753087,52115.0,8.606543209876545,81,567.0,Watermelons,1561787.0,38284.0,40794.8,Exact,1,1,1,0,0,1,1561787.0,0.0,0.9999992808243428,40.794770661372894,1.561787,12.357011494252873,-0.39043471130982677,21.553285517442337,43.016367105131,0.5421311749821454,12.33288846317582,0.03411511771471764,46771.5,1561787.0,0.00015442677044649066,0.0012546081188920617,131.37850177364123,1,0,0
2020,5,Illinois,106,Watermelons,12.271647058823529,2.302787569063915,10.25,9.98,44212.0,520.1411764705882,52900.0,8.38905882352941,85,567.0,Watermelons,1561787.0,38284.0,40794.8,Exact,1,1,1,0,0,1,1561787.0,0.0,0.9999992808243428,40.794770661372894,1.561787,12.031948051948053,1.992187847226179,18.765105922828596,46.2815712342407,0.3810453059700006,12.15179755538579,0.16949279320533,41431.5,1561787.0,0.000157575056326369,0.0012840579228773515,131.26703694432598,1,0,0
2020,6,Pennsylvania,106,Watermelons,12.442758620689656,2.7022938962155205,10.04,9.81,44747.0,514.3333333333334,51686.0,8.610689655172413,87,567.0,Watermelons,1561787.0,38284.0,40794.8,Exact,1,1,1,0,0,1,1561787.0,0.0,0.9999992808243428,40.794770661372894,1.561787,12.094375,2.880542571977934,21.717803733025743,44.50362420407675,1.1236332000256872,12.268566810344828,0.2463444206439779,46432.0,1561787.0,0.00016170559761035714,0.0012995960344474996,133.24703877562854,1,0,0
2020,7,Ohio,106,Watermelons,12.60264705882353,2.5480250576610963,10.08,9.96,32881.0,483.54411764705884,38540.0,8.634411764705883,68,567.0,Watermelons,1561787.0,38284.0,40794.8,Exact,1,1,1,0,0,1,1561787.0,0.0,0.9999992808243428,40.794770661372894,1.561787,12.071627906976746,4.398902583303486,20.21817357709101,45.95837449330654,1.817515116962306,12.337137482900138,0.37548724321079036,41529.0,1561787.0,0.00012035142713308583,0.0009549694327813759,131.0761077131427,1,0,0
2020,8,Georgia,106,Watermelons,11.956,2.3576830838366556,10.18,9.81,40330.0,474.47058823529414,48915.0,8.155176470588236,85,567.0,Watermelons,1561787.0,38284.0,40794.8,Exact,1,1,1,0,0,1,1561787.0,0.0,0.9999992808243428,40.794770661372894,1.561787,11.88694117647059,0.5809637862607364,19.7196644683561,46.606269565342814,-0.9887959959288231,11.921470588235294,0.04883196241841096,41514.0,1561787.0,0.00014004208945318436,0.00117131222359639,126.79189366591991,1,0,0
2020,9,North Carolina,106,Watermelons,12.1225,2.5299128339467396,10.0,9.8,48180.0,501.875,56859.0,8.410312500000002,96,567.0,Watermelons,1561787.0,38284.0,40794.8,Exact,1,1,1,0,0,1,1638104.0,-4.6588617084141175,0.9999992808243428,40.794770661372894,1.561787,12.321875000000004,-1.6180573167639125,20.869563488939903,44.138520417642006,-0.2662213024840516,12.222187500000002,0.1409794144990703,51341.5,1561787.0,0.00016963030461288517,0.0013993013372892156,130.7135235812972,1,0,0
2021,1,California,106,Watermelons,12.223975903614454,2.4297043580865894,10.05,9.98,40358.0,486.2409638554217,46425.0,8.365421686746988,83,567.0,Watermelons,1605491.0,42371.0,37891.3,Exact,1,2,2,0,0,2,1605491.0,0.0,0.9999992075327784,37.89126997238677,1.605491,12.314395604395607,-0.7342601592958222,19.87654734633566,46.125041406823804,0.17416260109699513,12.26918575400503,0.0639363835752118,42112.0,1583639.0,0.00013938001368321115,0.0011402183281627584,129.6422284221099,1,0,0
2021,10,Michigan,106,Watermelons,11.83654320987654,2.482523494598705,10.08,9.98,31179.0,384.9259259259259,36941.0,8.378518518518517,81,567.0,Watermelons,1605491.0,42371.0,37891.3,Exact,1,2,2,0,0,2,1605491.0,0.0,0.9999992075327784,37.89126997238677,1.605491,12.034166666666668,-1.6421864701070086,20.973382604874544,41.27250758848318,-1.5072131340871093,11.935354938271605,0.1397408864178259,37933.0,1605491.0,0.00010426665751475061,0.0008808877361065128,122.47901132161056,1,0,0
2021,11,New Jersey,106,Watermelons,12.202183908045976,2.7181369411604024,10.29,9.82,46028.0,529.0574712643678,53833.0,8.319080459770117,87,567.0,Watermelons,1605491.0,42371.0,37891.3,Exact,1,2,2,0,0,2,1605491.0,0.0,0.9999992075327784,37.89126997238677,1.605491,11.944268292682928,2.1593253688134886,22.275823423445495,46.677075273571305,0.07958996135259544,12.073226100364451,0.18237388059711268,44248.666666666664,1605491.0,0.00015867848757140191,0.0013004105557429862,131.01517700114456,1,0,0
2021,12,Virginia,106,Watermelons,12.005764705882356,2.229378183896742,10.15,9.98,47302.0,556.4941176470588,55496.0,8.41447058823529,85,567.0,Watermelons,1605491.0,42371.0,37891.3,Exact,1,2,2,0,0,2,1605491.0,0.0,0.9999992075327784,37.89126997238677,1.605491,12.160759493670886,-1.2745485828347929,18.56923101953209,42.679977070313164,-0.7728277250740909,12.083262099776622,0.10959786549383932,47275.333333333336,1605491.0,0.0001604455635693942,0.001336404364902988,129.23400115968172,1,0,0
2021,13,Washington,106,Watermelons,12.285444444444446,2.4180060320512453,10.07,9.84,33788.0,375.4222222222222,40474.0,8.641777777777785,90,567.0,Watermelons,1605491.0,42371.0,37891.3,Exact,1,2,2,0,0,2,1605491.0,0.0,0.9999992075327784,37.89126997238677,1.605491,12.729999999999999,-3.49218818189751,19.68187673621106,42.163392306109756,0.44092303381007986,12.507722222222222,0.31434824794748445,35467.0,1605491.0,0.00011727670067991773,0.000954598762871383,128.11127045127134,1,0,0
2021,14,Arizona,106,Watermelons,11.979263157894742,2.4375616706242145,10.04,9.99,51172.0,538.6526315789474,60128.0,8.371263157894736,95,567.0,Watermelons,1605491.0,42371.0,37891.3,Exact,1,2,2,0,0,2,1561787.0,2.7983329352850292,0.9999992075327784,37.89126997238677,1.605491,11.98888888888889,-0.08028876640160969,20.348176999666112,43.09982773146234,-0.8878388236504393,11.984076023391816,0.006806419659839961,50985.333333333336,1605491.0,0.00017318922882872013,0.0014457419170609213,129.89075903675877,1,0,0
2021,15,Massachusetts,106,Watermelons,12.532325581395348,2.690178946341283,10.0,9.99,50790.0,590.5813953488372,59875.0,8.650813953488376,86,567.0,Watermelons,1605491.0,42371.0,37891.3,Exact,1,2,2,0,0,2,1605491.0,0.0,0.9999992075327784,37.89126997238677,1.605491,11.969189189189189,4.704883374345818,21.465919703960953,44.86874470744781,1.512334816690523,12.250757385292268,0.3981975616619024,40921.0,1605491.0,0.00017983253384835782,0.0014349494248324121,135.79369366782961,1,0,0
2021,2,Texas,106,Watermelons,12.766749999999998,2.9397893556675454,10.09,9.95,43023.0,537.7875,49414.0,8.824124999999999,80,567.0,Watermelons,1605491.0,42371.0,37891.3,Exact,1,2,2,0,0,2,1605491.0,0.0,0.9999992075327784,37.89126997238677,1.605491,12.401874999999999,2.9420954492768203,23.026920364756464,44.680067428781896,2.5296870834125826,12.5843125,0.2580055867854413,42162.333333333336,1605491.0,0.0001551813144754289,0.001215511500385211,136.21500992507524,1,0,0
2021,3,Florida,106,Watermelons,11.99746987951807,2.2956617853286403,10.06,9.97,41155.0,495.8433734939759,47293.0,8.393734939759037,83,567.0,Watermelons,1605491.0,42371.0,37891.3,Exact,1,2,2,0,0,2,1605491.0,0.0,0.9999992075327784,37.89126997238677,1.605491,12.332727272727272,-2.7184367722992975,19.134549270657185,42.9336280645346,-0.8088255125656942,12.16509857612267,0.23706277618115182,43176.333333333336,1605491.0,0.000139498859187513,0.001162735648335852,127.47461719555399,1,0,0
2021,4,New York,106,Watermelons,12.14608108108108,2.6573716634523215,10.05,9.97,41636.0,562.6486486486486,47849.0,8.464594594594596,74,567.0,Watermelons,1605491.0,42371.0,37891.3,Exact,1,2,2,0,0,2,1605491.0,0.0,0.9999992075327784,37.89126997238677,1.605491,12.308765432098765,-1.3216951116270113,21.87842848827581,43.49276796832591,-0.16388441099301643,12.227423256589923,0.1150352077975375,45059.666666666664,1605491.0,0.00014287740621831766,0.0011763251477125874,129.194760820236,1,0,0
2021,5,Illinois,106,Watermelons,11.677710843373491,2.641085939487588,10.0,9.79,40429.0,487.09638554216866,47488.0,8.224578313253012,83,567.0,Watermelons,1605491.0,42371.0,37891.3,Exact,1,2,2,0,0,2,1605491.0,0.0,0.9999992075327784,37.89126997238677,1.605491,12.271647058823529,-4.839906270144781,22.61646974232343,41.98552677838975,-2.1965119240873934,11.974678951098511,0.4199763255369959,41097.333333333336,1605491.0,0.00013338564656720366,0.0011422242625821932,123.86930176185292,1,0,0
2021,6,Pennsylvania,106,Watermelons,12.159610389610387,2.230649800039654,10.33,9.93,37609.0,488.42857142857144,43644.0,8.302597402597401,77,567.0,Watermelons,1605491.0,42371.0,37891.3,Exact,1,2,2,0,0,2,1605491.0,0.0,0.9999992075327784,37.89126997238677,1.605491,12.442758620689656,-2.2756065572826687,18.344747311522436,46.45549820115751,-0.10517008088440524,12.301184505150022,0.2002160342771262,43491.0,1605491.0,0.00012920217581813357,0.0010625519377539317,128.1018025025141,1,0,0
2021,7,Ohio,106,Watermelons,12.315409836065571,2.752061998920381,10.11,9.88,28275.0,463.5245901639344,32116.0,8.268360655737704,61,567.0,Watermelons,1605491.0,42371.0,37891.3,Exact,1,2,2,0,0,2,1605491.0,0.0,0.9999992075327784,37.89126997238677,1.605491,12.60264705882353,-2.279181678398703,22.346491392117468,48.94621012352042,0.5709664792430359,12.45902844744455,0.20310738802134368,37111.0,1605491.0,9.838069002267899e-05,0.0007988421930918775,126.23010186255037,1,0,0
2021,8,Georgia,106,Watermelons,12.304000000000004,2.687295453412703,10.04,9.97,45274.0,503.0444444444444,52745.0,8.513333333333332,90,567.0,Watermelons,1605491.0,42371.0,37891.3,Exact,1,2,2,0,0,2,1605491.0,0.0,0.9999992075327784,37.89126997238677,1.605491,11.956,2.9106724657076306,21.840827807320405,44.52623335943625,0.5214502101899882,12.130000000000003,0.24607315985292158,42767.333333333336,1605491.0,0.00015738146028693642,0.0012791080972605362,131.90515851897592,1,0,0
2021,9,North Carolina,106,Watermelons,12.742318840579712,2.566546171372506,10.0,9.8,34890.0,505.6521739130435,41102.0,8.552608695652173,69,567.0,Watermelons,1605491.0,42371.0,37891.3,Exact,1,2,2,0,0,2,1605491.0,0.0,0.9999992075327784,37.89126997238677,1.605491,12.1225,5.112962182550721,20.14190826240337,48.98751122633998,2.4236610321896768,12.432409420289856,0.4382781052810974,45857.666666666664,1605491.0,0.00012560525773896278,0.00098573312526881,133.28445368365283,1,0,0
2022,1,California,106,Watermelons,12.137857142857147,2.41860014846215,10.02,9.96,33999.0,404.75,39724.0,8.307857142857143,84,567.0,Watermelons,1620935.0,41845.0,38736.6,Exact,1,3,3,1,0,3,1620935.0,0.0,1.000001217200197,38.73664715019716,1.620935,12.223975903614454,-0.7045069577717571,19.92608843551468,46.100937150717954,-0.1995745589874147,12.180916523235801,0.060895159718873604,39249.333333333336,1613213.0,0.00011548054435823598,0.0009514080038929578,126.64780703610425,1,0,0
2022,10,Michigan,106,Watermelons,12.117012987012984,2.1442082730579535,10.07,9.87,30552.0,396.7792207792208,35862.0,8.298831168831171,77,567.0,Watermelons,1620935.0,41845.0,38736.6,Exact,1,3,3,1,0,3,1620935.0,0.0,1.000001217200197,38.73664715019716,1.620935,11.83654320987654,2.369524380246567,17.695848600278932,46.0086696608816,-0.2900337753190115,11.976778098444761,0.19832208133105939,33195.333333333336,1620935.0,0.00010359430375786517,0.0008549491848271315,125.13503655778575,1,0,0
2022,11,New Jersey,106,Watermelons,11.895783132530122,2.349238652218602,10.02,9.95,30596.0,368.6265060240964,36544.0,8.476265060240964,83,567.0,Watermelons,1620935.0,41845.0,38736.6,Exact,1,3,3,1,0,3,1620935.0,0.0,1.000001217200197,38.73664715019716,1.620935,12.202183908045976,-2.51103226950888,19.74849932993811,40.34227396130941,-1.2501244316780789,12.048983520288049,0.2166580661280776,39004.333333333336,1620935.0,0.00010184937014138619,0.0008561804549283489,122.86746662389226,1,0,0
2022,12,Virginia,106,Watermelons,12.071690140845064,2.79993825743941,10.35,9.69,27895.0,392.88732394366195,32447.0,8.415915492957746,71,567.0,Watermelons,1620935.0,41845.0,38736.6,Exact,1,3,3,1,0,3,1620935.0,0.0,1.000001217200197,38.73664715019716,1.620935,12.005764705882356,0.5491148342296492,23.19425221134282,43.43882315532268,-0.48672531691558396,12.03872742336371,0.04661632211480328,39579.666666666664,1620935.0,9.423128256692416e-05,0.0007805972607604358,123.56870044638873,1,0,0
2022,13,Washington,106,Watermelons,12.329718309859153,2.607113330777376,10.02,9.93,29687.0,418.1267605633803,35674.0,8.511971830985916,71,567.0,Watermelons,1620935.0,41845.0,38736.6,Exact,1,3,3,1,0,3,1620935.0,0.0,1.000001217200197,38.73664715019716,1.620935,12.285444444444446,0.36037658722821686,21.144954533897685,44.85149333995199,0.633062221375528,12.307581377151799,0.0313063504640802,32266.333333333332,1620935.0,0.00010242833761632052,0.0008307435339736533,126.97758185438029,1,0,0
2022,14,Arizona,106,Watermelons,12.122535211267607,2.59142471476867,10.0,9.69,37073.0,522.1549295774648,44016.0,8.403943661971832,71,567.0,Watermelons,1620935.0,41845.0,38736.6,Exact,1,3,3,1,0,3,1620935.0,0.0,1.000001217200197,38.73664715019716,1.620935,11.979263157894742,1.1960005509891791,21.376920500589698,44.24817322517933,-0.2660684930492373,12.050899184581175,0.10130864049447372,44857.666666666664,1620935.0,0.00012576269709095895,0.0010374290105098275,127.53720699893765,1,0,0
2022,15,Massachusetts,106,Watermelons,11.909999999999998,2.487004484183298,10.01,9.97,32820.0,352.9032258064516,38984.0,8.347741935483874,93,567.0,Watermelons,1620935.0,41845.0,38736.6,Exact,1,3,3,1,0,3,1605491.0,0.9619487122631021,1.000001217200197,38.73664715019716,1.620935,12.532325581395348,-4.965762957189786,20.881649741253554,42.67331323904467,-1.18842624156522,12.221162790697672,0.4400506387105125,37106.666666666664,1620935.0,0.00010938329341783683,0.0009184155618626099,123.84999185586528,1,0,0
2022,2,Texas,106,Watermelons,12.16448979591837,2.447662096166095,10.14,9.95,49803.0,508.1938775510204,57667.0,8.457857142857147,98,567.0,Watermelons,1620935.0,41845.0,38736.6,Exact,1,3,3,1,0,3,1620935.0,0.0,1.000001217200197,38.73664715019716,1.620935,12.766749999999998,-4.7174120593074,20.121370786856797,43.82472522832286,-0.08399449219261135,12.465619897959185,0.42586227434491275,42786.0,1620935.0,0.0001695313654352748,0.0013936578375211323,131.5693040276318,1,0,0
2022,3,Florida,106,Watermelons,12.293181818181823,2.486999551901824,10.11,9.96,37707.0,428.4886363636364,44085.0,8.43340909090909,88,567.0,Watermelons,1620935.0,41845.0,38736.6,Exact,1,3,3,1,0,3,1620935.0,0.0,1.000001217200197,38.73664715019716,1.620935,11.99746987951807,2.4647858392925777,20.230722921737883,45.76764491874857,0.4745015951094985,12.145325848849946,0.20909991710696063,39679.0,1620935.0,0.00012971402723709836,0.0010551704933319144,129.54097143536202,1,0,0
2022,4,New York,106,Watermelons,11.921341463414633,2.4615090032988483,10.03,9.83,38332.0,467.4634146341463,44328.0,8.417073170731705,82,567.0,Watermelons,1620935.0,41845.0,38736.6,Exact,1,3,3,1,0,3,1620935.0,0.0,1.000001217200197,38.73664715019716,1.620935,12.14608108108108,-1.8503055937647672,20.647919622577422,41.632860040567984,-1.1392066953187063,12.033711272247857,0.15891490765321692,41055.333333333336,1620935.0,0.00012787547629696265,0.0010726601254514797,125.8186296559906,1,0,0
2022,5,Illinois,106,Watermelons,12.172162162162161,2.5709335601301486,10.01,9.97,34992.0,472.86486486486484,40867.0,8.530000000000001,74,567.0,Watermelons,1620935.0,41845.0,38736.6,Exact,1,3,3,1,0,3,1620935.0,0.0,1.000001217200197,38.73664715019716,1.620935,11.677710843373491,4.234145933397948,21.121420548619028,42.69826684832543,-0.05069804963043261,11.924936502767826,0.34962988048209986,39877.666666666664,1620935.0,0.00011918926796720405,0.000979195531404523,127.35615590377219,1,0,0
2022,6,Pennsylvania,106,Watermelons,11.766282051282051,2.2149281651007953,10.09,9.82,29586.0,379.3076923076923,35303.0,8.545769230769233,78,567.0,Watermelons,1620935.0,41845.0,38736.6,Exact,1,3,3,1,0,3,1620935.0,0.0,1.000001217200197,38.73664715019716,1.620935,12.159610389610387,-3.2347116866870205,18.82436742079846,37.68546439233685,-1.812131663411356,11.96294622044622,0.27812513526480326,37314.0,1620935.0,9.741507401182915e-05,0.0008279172094231315,121.13493685625872,1,0,0
2022,7,Ohio,106,Watermelons,12.420705882352944,2.696513528629892,10.15,9.95,27337.0,321.61176470588236,32922.0,8.47329411764706,85,567.0,Watermelons,1620935.0,41845.0,38736.6,Exact,1,3,3,1,0,3,1620935.0,0.0,1.000001217200197,38.73664715019716,1.620935,12.315409836065571,0.8549942526396039,21.709825143360302,46.586507088013576,1.0279289919580188,12.368057859209259,0.0744555483619341,29497.666666666668,1620935.0,9.501622851333979e-05,0.0007649825172040879,126.89034061491031,1,0,0
2022,8,Georgia,106,Watermelons,12.284130434782613,2.3058898080731507,10.0,9.93,45124.0,490.4782608695652,53078.0,8.325434782608692,92,567.0,Watermelons,1620935.0,41845.0,38736.6,Exact,1,3,3,1,0,3,1620935.0,0.0,1.000001217200197,38.73664715019716,1.620935,12.304000000000004,-0.1614886639904992,18.77129048991539,47.54941640337375,0.43522051051529076,12.294065217391308,0.014049904304445552,43576.0,1620935.0,0.00015511459631910486,0.001262723455621219,131.65138068375163,1,0,0
2022,9,North Carolina,106,Watermelons,11.878974358974363,2.4271674420076153,10.02,9.96,39382.0,504.8974358974359,46724.0,8.259487179487179,78,567.0,Watermelons,1620935.0,41845.0,38736.6,Exact,1,3,3,1,0,3,1620935.0,0.0,1.000001217200197,38.73664715019716,1.620935,12.742318840579712,-6.775411072401568,20.43246637849615,43.822178070284416,-1.3230709445863982,12.310646599777037,0.6104767374431268,40817.333333333336,1620935.0,0.00013091137063845983,0.0011020427074123493,125.69249121799805,1,0,0
2023,1,California,106,Watermelons,12.086091954022992,2.280189382343737,10.03,9.84,40586.0,466.5057471264368,47053.0,8.416321839080458,87,567.0,Watermelons,1682669.0,40955.0,41085.8,Exact,1,4,4,1,0,4,1682669.0,0.0,1.0000000362519321,41.08580148943963,1.682669,12.137857142857147,-0.42647716334853786,18.866225666806635,43.60301548714873,-0.4242245016477754,12.11197454844007,0.03660351605403318,38314.333333333336,1651802.0,0.00013222991186892605,0.0010940667369729207,128.24797637643658,1,0,0
2023,10,Michigan,106,Watermelons,12.081690140845069,2.2716828160862175,10.02,9.83,25175.0,354.5774647887324,29050.0,8.355774647887324,71,567.0,Watermelons,1682669.0,40955.0,41085.8,Exact,1,4,4,1,0,4,1682669.0,0.0,1.0000000362519321,41.08580148943963,1.682669,12.117012987012984,-0.2915144698266328,18.802690597123043,44.59090449381382,-0.44332743742938957,12.099351563929027,0.024977024056142053,28968.666666666668,1682669.0,8.199072670797108e-05,0.0006786362317866574,122.43157626978606,1,0,0
2023,11,New Jersey,106,Watermelons,12.276179775280898,2.518340680983295,10.02,9.95,43750.0,491.5730337078652,51845.0,8.484494382022474,89,567.0,Watermelons,1682669.0,40955.0,41085.8,Exact,1,4,4,1,0,4,1620935.0,3.8085426004127245,1.0000000362519321,41.08580148943963,1.682669,11.895783132530122,3.197743591260894,20.514042047951936,44.689585761203475,0.4007163342261903,12.08598145390551,0.2689810456296705,40124.666666666664,1682669.0,0.00014478009603779898,0.0011793579003243797,131.1865685617868,1,0,0
2023,12,Virginia,106,Watermelons,12.451764705882356,2.4649163670525973,10.01,9.61,46863.0,459.44117647058823,54751.0,8.454215686274509,102,567.0,Watermelons,1682669.0,40955.0,41085.8,Exact,1,4,4,1,0,4,1682669.0,0.0,1.0000000362519321,41.08580148943963,1.682669,12.071690140845064,3.1484784698978814,19.795719123154832,47.28468219823043,1.162717700009188,12.261727423363709,0.2687533022943967,40686.666666666664,1682669.0,0.0001572999396061119,0.0012632742693234609,133.9187925306007,1,0,0
2023,13,Washington,106,Watermelons,12.350693069306933,2.614903538345437,10.12,9.98,39357.0,389.6732673267327,46681.0,8.447920792079207,101,567.0,Watermelons,1682669.0,40955.0,41085.8,Exact,1,4,4,1,0,4,1682669.0,0.0,1.0000000362519321,41.08580148943963,1.682669,12.329718309859153,0.17011547969435845,21.172119845191602,46.19802165861895,0.724088229652149,12.340205689583044,0.014831394639281875,34277.333333333336,1682669.0,0.00013103305878928422,0.0010609368887558083,130.6759465186008,1,0,0
2023,14,Arizona,106,Watermelons,12.601363636363642,2.730030601410816,10.1,9.91,49830.0,566.25,57404.0,8.676022727272725,88,567.0,Watermelons,1682669.0,40955.0,41085.8,Exact,1,4,4,1,0,4,1682669.0,0.0,1.0000000362519321,41.08580148943963,1.682669,12.122535211267607,3.949903355619667,21.664564885127124,45.24355263330243,1.811945335637898,12.361949423815624,0.3385828264102811,46025.0,1682669.0,0.000169268441131701,0.0013432549525294593,136.30129587347383,1,0,0
2023,15,Massachusetts,106,Watermelons,12.21761904761905,2.8205756991815587,10.03,9.73,36562.0,435.26190476190476,44049.0,8.508571428571427,84,567.0,Watermelons,1682669.0,40955.0,41085.8,Exact,1,4,4,1,0,4,1682669.0,0.0,1.0000000362519321,41.08580148943963,1.682669,11.909999999999998,2.5828635400424083,23.08613231586418,43.59189612715473,0.1465751940570432,12.063809523809525,0.2175195145935783,40057.333333333336,1682669.0,0.00012041596962012954,0.0009855927668950852,128.36798303491648,1,0,0
2023,2,Texas,106,Watermelons,12.44095744680851,2.8580255118047395,10.22,9.66,38967.0,414.5425531914894,46933.0,8.603936170212766,94,567.0,Watermelons,1682669.0,40955.0,41085.8,Exact,1,4,4,1,0,4,1682669.0,0.0,1.0000000362519321,41.08580148943963,1.682669,12.16448979591837,2.272743497905711,22.972713507173932,44.59611508834402,1.1158164873229244,12.302723621363441,0.19549215072313195,43931.0,1682669.0,0.00013068277242955345,0.0010504237554729168,131.5070918667824,1,0,0
2023,3,Florida,106,Watermelons,11.914318181818187,2.355764656324451,10.02,9.95,33967.0,385.9886363636364,40114.0,8.249318181818182,88,567.0,Watermelons,1682669.0,40955.0,41085.8,Exact,1,4,4,1,0,4,1682669.0,0.0,1.0000000362519321,41.08580148943963,1.682669,12.293181818181823,-3.0819005361434635,19.77255114706823,44.42791415268484,-1.1696862481507075,12.103750000000005,0.26789704641772155,37609.666666666664,1682669.0,0.00010909226245621207,0.0009156399954358447,124.30415687382866,1,0,0
2023,4,New York,106,Watermelons,12.031153846153847,2.587595273743423,10.06,9.97,30804.0,394.9230769230769,36906.0,8.282051282051283,78,567.0,Watermelons,1682669.0,40955.0,41085.8,Exact,1,4,4,1,0,4,1682669.0,0.0,1.0000000362519321,41.08580148943963,1.682669,11.921341463414633,0.9211411574462255,21.507457279923592,45.26780185758514,-0.6626442400981223,11.97624765478424,0.07764908049315104,36924.0,1682669.0,9.990378865612005e-05,0.0008303757888363931,124.34717598898766,1,0,0
2023,5,Illinois,106,Watermelons,12.169358974358973,2.3279958158928293,10.13,9.96,36182.0,463.87179487179486,42237.0,8.30102564102564,78,567.0,Watermelons,1682669.0,40955.0,41085.8,Exact,1,4,4,1,0,4,1682669.0,0.0,1.0000000362519321,41.08580148943963,1.682669,12.172162162162161,-0.02302949768367437,19.12997899723356,46.600667202075726,-0.06286329027641964,12.170760568260567,0.0019821531045738135,37201.0,1682669.0,0.00011869374553932816,0.0009753492011322677,127.7337862595657,1,0,0
2023,6,Pennsylvania,106,Watermelons,12.22328947368421,2.474595933700635,10.28,9.91,34884.0,459.0,41688.0,8.45513157894737,76,567.0,Watermelons,1682669.0,40955.0,41085.8,Exact,1,4,4,1,0,4,1682669.0,0.0,1.0000000362519321,41.08580148943963,1.682669,11.766282051282051,3.8840427282835965,20.244926204425145,44.56651986492161,0.17118364075815096,11.99478576248313,0.3231530474331512,34026.333333333336,1682669.0,0.00011494284385758437,0.0009403593370266438,127.8533125611097,1,0,0
2023,7,Ohio,106,Watermelons,12.474177215189876,2.5892175867975813,10.07,9.83,36171.0,457.8607594936709,42500.0,8.635949367088608,79,567.0,Watermelons,1682669.0,40955.0,41085.8,Exact,1,4,4,1,0,4,1682669.0,0.0,1.0000000362519321,41.08580148943963,1.682669,12.420705882352944,0.43050156201590967,20.75662019331164,44.44477016885555,1.2599832378002338,12.44744154877141,0.037809942048077104,30594.333333333332,1682669.0,0.00012162979885299231,0.0009750526768601861,130.9294707250213,1,0,0
2023,8,Georgia,106,Watermelons,12.282250000000001,2.5823887357015947,10.0,9.89,26922.0,336.525,32206.0,8.37725,80,567.0,Watermelons,1682669.0,40955.0,41085.8,Exact,1,4,4,1,0,4,1682669.0,0.0,1.0000000362519321,41.08580148943963,1.682669,12.284130434782613,-0.015307837967000961,21.025371863474483,46.61434241547048,0.4270598223075524,12.283190217391308,0.0013296681863636947,39106.666666666664,1682669.0,8.913593332010008e-05,0.0007257296775436103,125.28799242405788,1,0,0
2023,9,North Carolina,106,Watermelons,11.87266666666667,2.5786888210941687,10.02,9.92,32869.0,438.25333333333333,38801.0,8.163333333333334,75,567.0,Watermelons,1682669.0,40955.0,41085.8,Exact,1,4,4,1,0,4,1682669.0,0.0,1.0000000362519321,41.08580148943963,1.682669,11.878974358974363,-0.05309963736833983,21.7195419823755,45.43895467537772,-1.350444991646912,11.875820512820516,0.004460212004408267,35713.666666666664,1682669.0,0.00010519675165439945,0.0008860414817317039,123.47948113834472,1,0,0
2019,1,California,107,Avocados,2.045443037974684,0.43984495365093224,1.39,3.17,29654.0,375.36708860759495,34763.0,1.4144303797468352,79,572.0,Avocados,122669.56,21416.0,5727.9,Exact,1,4,0,0,0,0,122669.56,0.0,1.0000069585799432,5.727939858050056,0.12266956,,,21.5036520443243,44.612493287990034,0.11601711787915397,2.045443037974684,,29654.0,122669.56,0.00022428494480367507,0.010965103434303066,21.062716552686663,1,0,0
2019,10,Michigan,107,Avocados,2.044242424242424,0.4364262581328933,1.29,2.83,31459.0,476.6515151515151,36587.0,1.4484848484848487,66,572.0,Avocados,122669.56,21416.0,5727.9,Exact,1,4,0,0,0,0,122669.56,0.0,1.0000069585799432,5.727939858050056,0.12266956,,,21.34904612864732,41.12970711297067,0.08773931265499432,2.044242424242424,,31459.0,122669.56,0.00023779721276167835,0.011632534866788299,21.171139788917078,1,0,0
2019,11,New Jersey,107,Avocados,2.088292682926829,0.41211830040177344,1.14,3.34,37233.0,454.0609756097561,45111.0,1.4104878048780491,82,572.0,Avocados,122669.56,21416.0,5727.9,Exact,1,4,0,0,0,0,122669.56,0.0,1.0000069585799432,5.727939858050056,0.12266956,,,19.734700206111555,48.05464291890016,1.1252458825712766,2.088292682926829,,37233.0,122669.56,0.0002875072804394796,0.013767575914527756,21.979233712830055,1,0,0
2019,12,Virginia,107,Avocados,2.0467045454545456,0.38708673651818243,1.39,3.29,42316.0,480.8636363636364,48912.0,1.400909090909091,88,572.0,Avocados,122669.56,21416.0,5727.9,Exact,1,4,0,0,0,0,122669.56,0.0,1.0000069585799432,5.727939858050056,0.12266956,,,18.91268270146025,46.09831278390655,0.14572914086026648,2.0467045454545456,,42316.0,122669.56,0.00032025005430639516,0.015647107200578964,21.803429266573072,1,0,0
2019,13,Washington,107,Avocados,2.086533333333333,0.46402613315658453,1.36,3.31,37314.0,497.52,43489.0,1.4224000000000003,75,572.0,Avocados,122669.56,21416.0,5727.9,Exact,1,4,0,0,0,0,122669.56,0.0,1.0000069585799432,5.727939858050056,0.12266956,,,22.2390951413789,46.691038620172435,1.0838082879567044,2.086533333333333,,37314.0,122669.56,0.00028789000276748054,0.013797527131165598,21.965250777070707,1,0,0
2019,14,Arizona,107,Avocados,2.0558571428571426,0.4733675008809426,1.19,3.06,31271.0,446.72857142857146,37654.0,1.3801428571428573,70,572.0,Avocados,122669.56,21416.0,5727.9,Exact,1,4,0,0,0,0,122669.56,0.0,1.0000069585799432,5.727939858050056,0.12266956,,,23.02531100108817,48.959735017078934,0.36129836157757633,2.0558571428571426,,31271.0,122669.56,0.00023771914099612995,0.011563018462739976,21.279104965991557,1,0,0
2019,15,Massachusetts,107,Avocados,2.076805555555555,0.3927254941705693,1.2,2.84,38998.0,541.6388888888889,45983.0,1.4076388888888889,72,572.0,Avocados,122669.56,21416.0,5727.9,Exact,1,4,0,0,0,0,122669.56,0.0,1.0000069585799432,5.727939858050056,0.12266956,,,18.910075289427535,47.53823384311788,0.8546919636363804,2.076805555555555,,38998.0,122669.56,0.0002994798599443634,0.014420216622747388,21.954516467503396,1,0,0
2019,2,Texas,107,Avocados,2.095324675324676,0.45335470142502055,1.31,3.18,34382.0,446.5194805194805,41144.0,1.4315584415584417,77,572.0,Avocados,122669.56,21416.0,5727.9,Exact,1,4,0,0,0,0,122669.56,0.0,1.0000069585799432,5.727939858050056,0.12266956,,,21.636489407293027,46.36668783452783,1.290868935199354,2.095324675324676,,34382.0,122669.56,0.00026638631670603604,0.012713367042497066,21.886331573032347,1,0,0
2019,3,Florida,107,Avocados,2.0165432098765432,0.3962359161340221,1.16,3.19,31716.0,391.55555555555554,38994.0,1.3993827160493835,81,572.0,Avocados,122669.56,21416.0,5727.9,Exact,1,4,0,0,0,0,122669.56,0.0,1.0000069585799432,5.727939858050056,0.12266956,,,19.649264850530056,44.10233789148647,-0.5646545153134862,2.0165432098765432,,31716.0,122669.56,0.00023649142113995255,0.011727565270194784,20.90068007442747,1,0,0
2019,4,New York,107,Avocados,2.047125,0.4007183225791315,1.24,2.98,37797.0,472.4625,44079.0,1.4127499999999995,80,572.0,Avocados,122669.56,21416.0,5727.9,Exact,1,4,0,0,0,0,122669.56,0.0,1.0000069585799432,5.727939858050056,0.12266956,,,19.57468755347776,44.90355689258542,0.155632019215312,2.047125,,37797.0,122669.56,0.00028610875149939904,0.013976125126672729,21.576720980841017,1,0,0
2019,5,Illinois,107,Avocados,2.032083333333333,0.4635926377789199,1.27,3.17,36270.0,503.75,43721.0,1.423194444444445,72,572.0,Avocados,122669.56,21416.0,5727.9,Exact,1,4,0,0,0,0,122669.56,0.0,1.0000069585799432,5.727939858050056,0.12266956,,,22.81366271620685,42.783253635210215,-0.1986412235586858,2.032083333333333,,36270.0,122669.56,0.00027253263735059827,0.013411489227833421,21.33438326529383,1,0,0
2019,6,Pennsylvania,107,Avocados,2.074024390243903,0.4543095691078463,1.21,3.21,44846.0,546.9024390243902,51661.0,1.4254878048780484,82,572.0,Avocados,122669.56,21416.0,5727.9,Exact,1,4,0,0,0,0,,,1.0000069585799432,5.727939858050056,0.12266956,,,21.904736089165276,45.49576524937984,0.7891877561915368,2.074024390243903,,44846.0,122669.56,0.000343927593926832,0.016582620510378208,22.214900081625483,1,0,0
2019,7,Ohio,107,Avocados,2.0420987654320975,0.3774907815079155,1.36,3.19,39013.0,481.641975308642,46069.0,1.4416049382716047,81,572.0,Avocados,122669.56,21416.0,5727.9,Exact,1,4,0,0,0,0,122669.56,0.0,1.0000069585799432,5.727939858050056,0.12266956,,,18.48543213961742,41.65453455510826,0.037250163083664606,2.0420987654320975,,39013.0,122669.56,0.00029458833107486835,0.014425763144346987,21.588406171313903,1,0,0
2019,8,Georgia,107,Avocados,2.0665333333333336,0.3853832537257584,1.23,3.26,29448.0,392.64,34603.0,1.4185333333333334,75,572.0,Avocados,122669.56,21416.0,5727.9,Exact,1,4,0,0,0,0,122669.56,0.0,1.0000069585799432,5.727939858050056,0.12266956,,,18.648779940274775,45.68098505498638,0.6127524526893544,2.0665333333333336,,29448.0,122669.56,0.0002250233929813222,0.010888931204335223,21.265486092103707,1,0,0
2019,9,North Carolina,107,Avocados,2.096373626373626,0.38603545169241893,1.38,2.98,45135.0,495.989010989011,53275.0,1.4053846153846155,91,572.0,Avocados,122669.56,21416.0,5727.9,Exact,1,4,0,0,0,0,122669.56,0.0,1.0000069585799432,5.727939858050056,0.12266956,,,18.414439431781794,49.16725310813978,1.3155746608252445,2.096373626373626,,45135.0,122669.56,0.0003498739303293653,0.016689483493197172,22.467748984610257,1,0,0
2020,1,California,107,Avocados,2.037979797979798,0.39306223165684695,1.25,3.25,47865.0,483.4848484848485,57127.0,1.4066666666666665,99,572.0,Avocados,187433.49,21335.0,8785.2,Exact,1,1,1,0,0,1,187433.49,0.0,1.000006658406188,8.785258495430044,0.18743348999999998,2.045443037974684,-0.36487156358438544,19.286856133043145,44.880080425104126,-0.05976301960043996,2.0417114179772407,0.005277307610006675,38759.5,155051.525,0.00023606793612422627,0.011583428665889376,21.96159784562424,1,0,0
2020,10,Michigan,107,Avocados,2.0305970149253727,0.4324030127618213,1.24,3.02,27101.0,404.4925373134328,31833.0,1.3953731343283584,67,572.0,Avocados,187433.49,21335.0,8785.2,Exact,1,1,1,0,0,1,187433.49,0.0,1.000006658406188,8.785258495430044,0.18743348999999998,2.044242424242424,-0.6675044581421464,21.294378430754897,45.52358541020425,-0.23364817151543582,2.037419719583898,0.00964876146015305,29280.0,187433.49,0.00013317666185622856,0.006558497864290567,20.72704044185501,1,0,0
2020,11,New Jersey,107,Avocados,2.0297333333333327,0.48677086383007145,1.28,3.1,39382.0,525.0933333333334,46231.0,1.3878666666666668,75,572.0,Avocados,187433.49,21335.0,8785.2,Exact,1,1,1,0,0,1,187433.49,0.0,1.000006658406188,8.785258495430044,0.18743348999999998,2.088292682926829,-2.8041734797165896,23.982010633420067,46.24843885099427,-0.25399028420260755,2.059013008130081,0.04140771319943484,38307.5,187433.49,0.0001934442464114322,0.009530525179568691,21.47679012221601,1,0,0
2020,12,Virginia,107,Avocados,2.009367088607595,0.4130323814590362,1.28,3.22,41603.0,526.620253164557,49064.0,1.3903797468354429,79,572.0,Avocados,187433.49,21335.0,8785.2,Exact,1,1,1,0,0,1,187433.49,0.0,1.000006658406188,8.785258495430044,0.18743348999999998,2.0467045454545456,-1.8242719463281543,20.55534719369022,44.519300801165365,-0.7336722052296961,2.0280358170310704,0.02640156892873875,41959.5,187433.49,0.0002023033147383337,0.010068011757797883,21.371531091966936,1,0,0
2020,13,Washington,107,Avocados,2.037386363636364,0.41557187938833035,1.35,2.92,43309.0,492.14772727272725,50083.0,1.3859090909090914,88,572.0,Avocados,187433.49,21335.0,8785.2,Exact,1,1,1,0,0,1,187433.49,0.0,1.000006658406188,8.785258495430044,0.18743348999999998,2.086533333333333,-2.355436594844845,20.397303467105285,47.007215480485364,-0.07374005511657084,2.0619598484848485,0.03475215554749675,40311.5,187433.49,0.00021353576064023802,0.010480867274438588,21.751419677105375,1,0,0
2020,14,Arizona,107,Avocados,1.9313793103448273,0.4472010432180729,1.2,3.37,45355.0,521.3218390804598,53950.0,1.3963218390804597,87,572.0,Avocados,187433.49,21335.0,8785.2,Exact,1,1,1,0,0,1,187433.49,0.0,1.000006658406188,8.785258495430044,0.18743348999999998,2.0558571428571426,-6.054789990870732,23.154490721878442,38.3190648666447,-2.570502106740384,1.993618226600985,0.08801911947686142,38313.0,187433.49,0.00021198826054593574,0.010976003491933827,20.70882403581544,1,0,0
2020,15,Massachusetts,107,Avocados,2.058169014084507,0.3766707916893361,1.38,3.1,24137.0,339.9577464788732,28479.0,1.3961971830985915,71,572.0,Avocados,187433.49,21335.0,8785.2,Exact,1,1,1,0,0,1,187433.49,0.0,1.000006658406188,8.785258495430044,0.18743348999999998,2.076805555555555,-0.8973657365849523,18.301256559188985,47.412488651266,0.4157493831794074,2.067487284820031,0.013178024852042582,31567.5,187433.49,0.00012022184572441448,0.0058412037544880785,20.770100368384764,1,0,0
2020,2,Texas,107,Avocados,2.031323529411765,0.40648806929955483,1.23,2.92,38292.0,563.1176470588235,44819.0,1.3941176470588235,68,572.0,Avocados,187433.49,21335.0,8785.2,Exact,1,1,1,0,0,1,187433.49,0.0,1.000006658406188,8.785258495430044,0.18743348999999998,2.095324675324676,-3.0544739279125652,20.010995954803246,45.706751054852354,-0.21653672710436578,2.0633241023682203,0.04525564427872894,36337.0,187433.49,0.00018823752960227055,0.009266742932711501,21.436602688923873,1,0,0
2020,3,Florida,107,Avocados,1.987368421052632,0.42487447062570577,1.22,2.98,34130.0,449.07894736842104,41022.0,1.4321052631578948,76,572.0,Avocados,187433.49,21335.0,8785.2,Exact,1,1,1,0,0,1,187433.49,0.0,1.000006658406188,8.785258495430044,0.18743348999999998,2.0165432098765432,-1.4467723121934726,21.378747197797694,38.77251010657849,-1.2518022412233059,2.0019558154645876,0.020629691017073206,32923.0,187433.49,0.00016414729797127378,0.00825953035342744,20.74407474968461,1,0,0
2020,4,New York,107,Avocados,1.9979487179487176,0.37391352210280115,1.31,3.05,37919.0,486.14102564102564,44554.0,1.385897435897436,78,572.0,Avocados,187433.49,21335.0,8785.2,Exact,1,1,1,0,0,1,187433.49,0.0,1.000006658406188,8.785258495430044,0.18743348999999998,2.047125,-2.4022119827212416,18.714870844467722,44.162812210915774,-1.0026067116351893,2.022536858974359,0.03477288251200396,37858.0,187433.49,0.00018334128786816806,0.009176476163832848,21.064840766160746,1,0,0
2020,5,Illinois,107,Avocados,2.073764705882353,0.3904026507234253,1.35,3.32,40394.0,475.22352941176473,47712.0,1.4457647058823524,85,572.0,Avocados,187433.49,21335.0,8785.2,Exact,1,1,1,0,0,1,187433.49,0.0,1.000006658406188,8.785258495430044,0.18743348999999998,2.032083333333333,2.051164529785696,18.825792994548788,43.43722027829774,0.7830714644997492,2.0529240196078433,0.029473181178574965,38332.0,187433.49,0.00020271944343466423,0.009775431265641605,21.99530508562573,1,0,0
2020,6,Pennsylvania,107,Avocados,1.9941111111111107,0.42692497155335174,1.17,2.86,34351.0,381.6777777777778,41568.0,1.3864444444444444,90,572.0,Avocados,187433.49,21335.0,8785.2,Exact,1,1,1,0,0,1,187433.49,0.0,1.000006658406188,8.785258495430044,0.18743348999999998,2.074024390243903,-3.8530539712406475,21.409287033934174,43.82913928514183,-1.0929930663510223,2.034067750677507,0.056507221581650884,39598.5,187433.49,0.00016577071209201766,0.00831301280898289,20.827325037729757,1,0,0
2020,7,Ohio,107,Avocados,2.0059154929577465,0.4100159490444548,1.24,3.12,28305.0,398.6619718309859,33658.0,1.4040845070422532,71,572.0,Avocados,187433.49,21335.0,8785.2,Exact,1,1,1,0,0,1,122669.56,52.795436781545476,1.000006658406188,8.785258495430044,0.18743348999999998,2.0420987654320975,-1.7718669188213698,20.44034010824062,42.862874912227944,-0.8149669188219282,2.024007129194922,0.025585437332134094,33659.0,187433.49,0.00013740257040243404,0.00684986834614016,20.562296857793534,1,0,0
2020,8,Georgia,107,Avocados,1.9975000000000003,0.4188419922331467,1.15,3.11,38228.0,455.0952380952381,45819.0,1.3788095238095237,84,572.0,Avocados,187433.49,21335.0,8785.2,Exact,1,1,1,0,0,1,187433.49,0.0,1.000006658406188,8.785258495430044,0.18743348999999998,2.0665333333333336,-3.3405380992322056,20.96830999915628,44.871352098083264,-1.0131752720418152,2.032016666666667,0.048813938127911294,33838.0,187433.49,0.0001847938146456992,0.009251254800785941,21.076320963588582,1,0,0
2020,9,North Carolina,107,Avocados,2.028876404494382,0.46588000357643594,0.97,3.08,43679.0,490.7752808988764,51532.0,1.3982022471910112,89,572.0,Avocados,187433.49,21335.0,8785.2,Exact,1,1,1,0,0,1,187433.49,0.0,1.000006658406188,8.785258495430044,0.18743348999999998,2.096373626373626,-3.219713367411661,22.962463486904138,45.10607521697204,-0.27417335070244125,2.062625015434004,0.0477277433020666,44407.0,187433.49,0.00021446051452417387,0.01057040803713323,21.67782536936315,1,0,0
2021,1,California,107,Avocados,1.9704597701149427,0.36767309812341115,1.17,2.99,38964.0,447.86206896551727,46021.0,1.3685057471264372,87,572.0,Avocados,137060.0,21432.0,6395.1,Exact,1,2,2,0,0,2,137060.0,0.0,1.0000015817914996,6.395110115714819,0.13706,2.037979797979798,-3.313086220569318,18.659254235977816,43.986225432554974,-1.6500481757581773,2.00421978404737,0.0477438695691437,38827.666666666664,162246.745,0.0002540894521024263,0.012894932236429495,20.828585562765284,1,0,0
2021,10,Michigan,107,Avocados,2.053846153846154,0.3959146070409325,1.23,3.18,35597.0,391.1758241758242,41802.0,1.399450549450549,91,572.0,Avocados,137060.0,21432.0,6395.1,Exact,1,2,2,0,0,2,137060.0,0.0,1.0000015817914996,6.395110115714819,0.13706,2.0305970149253727,1.144941056738224,19.276741166786973,46.76089517078923,0.3139339561633427,2.0422215843857634,0.016439623787632616,31385.666666666668,137060.0,0.00024195624571199503,0.01178064117698852,21.52439957211499,1,0,0
2021,11,New Jersey,107,Avocados,2.0044210526315793,0.46307187941994327,1.29,3.27,49380.0,519.7894736842105,59292.0,1.404842105263158,95,572.0,Avocados,137060.0,21432.0,6395.1,Exact,1,2,2,0,0,2,137060.0,0.0,1.0000015817914996,6.395110115714819,0.13706,2.0297333333333327,-1.2470741986674805,23.102525231012816,42.679454518207734,-0.8501651606269238,2.0170771929824562,0.01789848533150721,41998.333333333336,137060.0,0.00032756355114637394,0.016342053019066022,21.66242176262428,1,0,0
2021,12,Virginia,107,Avocados,2.0128571428571425,0.48841166575909056,1.15,3.74,38095.0,453.51190476190476,45014.0,1.409523809523809,84,572.0,Avocados,137060.0,21432.0,6395.1,Exact,1,2,2,0,0,2,137060.0,0.0,1.0000015817914996,6.395110115714819,0.13706,2.009367088607595,0.1736892312676301,24.26459659555454,42.80405405405408,-0.6514716842472512,2.011112115732369,0.0024678410265638172,40671.333333333336,137060.0,0.00025376776840065377,0.012607341226434187,21.231344539051197,1,0,0
2021,13,Washington,107,Avocados,1.951358024691358,0.3664756236314352,1.29,2.83,36523.0,450.9012345679012,43143.0,1.3986419753086419,81,572.0,Avocados,137060.0,21432.0,6395.1,Exact,1,2,2,0,0,2,137060.0,0.0,1.0000015817914996,6.395110115714819,0.13706,2.037386363636364,-4.2224852625135325,18.780542524450368,39.51805101950747,-2.099947608036735,1.9943721941638608,0.06083122184222838,39048.666666666664,137060.0,0.0002358625185129431,0.012087096039192958,20.50043050634307,1,0,0
2021,14,Arizona,107,Avocados,2.171505376344086,0.5360198451804771,1.2,3.54,46499.0,499.98924731182797,54837.0,1.4622580645161287,93,572.0,Avocados,137060.0,21432.0,6395.1,Exact,1,2,2,0,0,2,137060.0,0.0,1.0000015817914996,6.395110115714819,0.13706,1.9313793103448273,12.432879689302801,24.684251350227466,48.50356643870875,3.085137122696914,2.0514423433444566,0.1697947696077242,41041.666666666664,137060.0,0.00033416430067723774,0.015388601120566036,23.337619065792058,1,0,0
2021,15,Massachusetts,107,Avocados,1.987708333333333,0.416528205064237,1.26,3.09,40282.0,419.6041666666667,47446.0,1.4039583333333334,96,572.0,Avocados,137060.0,21432.0,6395.1,Exact,1,2,2,0,0,2,187433.49,-26.87539457329637,1.0000015817914996,6.395110115714819,0.13706,2.058169014084507,-3.4234642669768993,20.955197403923467,41.578869268437415,-1.2437963580581421,2.0229386737089197,0.04982322516617546,34472.333333333336,137060.0,0.00026498373249339476,0.013331117450668641,21.07703268613798,1,0,0
2021,2,Texas,107,Avocados,2.02632183908046,0.4177601262951741,1.15,3.09,35336.0,406.1609195402299,41187.0,1.394367816091954,87,572.0,Avocados,137060.0,21432.0,6395.1,Exact,1,2,2,0,0,2,137060.0,0.0,1.0000015817914996,6.395110115714819,0.13706,2.031323529411765,-0.246228149228077,20.61667195398499,45.321902563679856,-0.3343404979424445,2.0288226842461126,0.0035367291506609847,36003.333333333336,137060.0,0.00023696343731831467,0.011694264590557248,21.221032057006845,1,0,0
2021,3,Florida,107,Avocados,2.070352941176471,0.40667480590651744,1.32,3.06,32461.0,381.8941176470588,38345.0,1.4181176470588235,85,572.0,Avocados,137060.0,21432.0,6395.1,Exact,1,2,2,0,0,2,137060.0,0.0,1.0000015817914996,6.395110115714819,0.13706,1.987368421052632,4.175598205383861,19.64277673715989,45.99303135888506,0.7027148808365019,2.0288606811145513,0.05867891691307827,32769.0,137060.0,0.00022241384182563497,0.010742798360710858,21.506464980009106,1,0,0
2021,4,New York,107,Avocados,2.0229487179487182,0.4129215169426016,1.17,3.04,39590.0,507.56410256410254,47144.0,1.3889743589743588,78,572.0,Avocados,137060.0,21432.0,6395.1,Exact,1,2,2,0,0,2,137060.0,0.0,1.0000015817914996,6.395110115714819,0.13706,1.9979487179487176,1.2512833675564974,20.411862805959135,45.64334502492158,-0.4137869175509758,2.010448717948718,0.017677669529664097,38435.333333333336,137060.0,0.0002650488381347347,0.01310210366595431,21.415657520532008,1,0,0
2021,5,Illinois,107,Avocados,2.029620253164557,0.40362918701475436,1.24,3.17,34716.0,439.44303797468353,40444.0,1.405696202531646,79,572.0,Avocados,137060.0,21432.0,6395.1,Exact,1,2,2,0,0,2,137060.0,0.0,1.0000015817914996,6.395110115714819,0.13706,2.073764705882353,-2.128710773820098,19.886931379671697,44.38541197658707,-0.2566536378703521,2.051692479523455,0.0312148418685227,37126.666666666664,137060.0,0.00023318467082934904,0.011489078829686028,21.219648814430624,1,0,0
2021,6,Pennsylvania,107,Avocados,2.010116279069767,0.40373985271836943,1.24,3.12,32719.0,380.45348837209303,39220.0,1.4145348837209304,86,572.0,Avocados,137060.0,21432.0,6395.1,Exact,1,2,2,0,0,2,137060.0,0.0,1.0000015817914996,6.395110115714819,0.13706,1.9941111111111107,0.8026216728584459,20.085397890773287,42.104397862720866,-0.7160266782830647,2.002113695090439,0.011317362797595409,37305.333333333336,137060.0,0.00021765905137702165,0.010828182112815334,20.89664980652549,1,0,0
2021,7,Ohio,107,Avocados,2.040344827586206,0.44167084522895633,1.2,3.0,39990.0,459.6551724137931,46000.0,1.4186206896551723,87,572.0,Avocados,137060.0,21432.0,6395.1,Exact,1,2,2,0,0,2,137060.0,0.0,1.0000015817914996,6.395110115714819,0.13706,2.0059154929577465,1.7163900846935962,21.646872590231094,43.82596013612051,-0.0040599697665082875,2.0231301602719762,0.024345215987524486,35769.333333333336,137060.0,0.0002700290602977197,0.013234481576193807,21.620329738252725,1,0,0
2021,8,Georgia,107,Avocados,2.0171134020618555,0.40369119479623744,1.26,3.04,49166.0,506.8659793814433,56970.0,1.3992783505154638,97,572.0,Avocados,137060.0,21432.0,6395.1,Exact,1,2,2,0,0,2,137060.0,0.0,1.0000015817914996,6.395110115714819,0.13706,1.9975000000000003,0.9818974749364326,20.013311813980902,44.15383481912621,-0.5512248975077261,2.007306701030928,0.013868769600076056,38947.333333333336,137060.0,0.0003282091778953213,0.01627123083708789,21.790831596514543,1,0,0
2021,9,North Carolina,107,Avocados,2.1063291139240503,0.42994089401525964,1.34,3.43,38134.0,482.7088607594937,45378.0,1.4125316455696202,79,572.0,Avocados,137060.0,21432.0,6395.1,Exact,1,2,2,0,0,2,137060.0,0.0,1.0000015817914996,6.395110115714819,0.13706,2.028876404494382,3.8175173834194442,20.41185734808024,49.117304417958586,1.5500541860031882,2.0676027592092163,0.05476733605898979,42316.0,137060.0,0.0002658239594043511,0.012620248072682538,22.219429439153966,1,0,0
2022,1,California,107,Avocados,2.0713793103448275,0.4661748659177929,1.11,3.13,34161.0,392.6551724137931,41448.0,1.4182758620689655,87,572.0,Avocados,142290.0,20935.0,6796.8,Exact,1,3,3,1,0,3,142290.0,0.0,0.9999929159262123,6.796751850967279,0.14229,1.9704597701149427,5.1216239864667665,22.50552873583485,46.04911256990031,0.726888740131139,2.020919540229885,0.07136089125078014,40330.0,139675.0,0.0002255703882722268,0.010889863925244844,21.62285767225773,1,0,0
2022,10,Michigan,107,Avocados,2.0180198019801985,0.3932455207678282,1.14,3.05,37443.0,370.7227722772277,43470.0,1.3777227722772278,101,572.0,Avocados,142290.0,20935.0,6796.8,Exact,1,3,3,1,0,3,142290.0,0.0,0.9999929159262123,6.796751850967279,0.14229,2.053846153846154,-1.7443542107019587,19.486702775758335,46.475026949335266,-0.5298766489766606,2.035932977913176,0.02533305634959254,33380.333333333336,142290.0,0.00024087289871377497,0.011936101839903476,21.250962883475697,1,0,0
2022,11,New Jersey,107,Avocados,1.9711111111111104,0.37679238315019054,1.25,3.23,32487.0,401.0740740740741,37991.0,1.3717283950617287,81,572.0,Avocados,142290.0,20935.0,6796.8,Exact,1,3,3,1,0,3,142290.0,0.0,0.9999929159262123,6.796751850967279,0.14229,2.0044210526315793,-1.6618235712869185,19.115735334564352,43.695436954369455,-1.6347072769084947,1.987766081871345,0.023553685530050935,40416.333333333336,142290.0,0.00020413270577173683,0.010356225208261738,20.47713627450613,1,0,0
2022,12,Virginia,107,Avocados,2.0614942528735636,0.42759611658675634,1.25,3.24,35306.0,405.81609195402297,42036.0,1.3922988505747125,87,572.0,Avocados,142290.0,20935.0,6796.8,Exact,1,3,3,1,0,3,142290.0,0.0,0.9999929159262123,6.796751850967279,0.14229,2.0128571428571425,2.4163220022352587,20.742047473123947,48.06406340295555,0.4940680399415356,2.037175697865353,0.034391630309927534,38334.666666666664,142290.0,0.00023201845095186842,0.011254867707171759,21.587630810321087,1,0,0
2022,13,Washington,107,Avocados,2.119782608695652,0.4919371403176316,1.24,3.42,31422.0,341.54347826086956,37141.0,1.4227173913043487,92,572.0,Avocados,142290.0,20935.0,6796.8,Exact,1,3,3,1,0,3,137060.0,3.8158470742740405,0.9999929159262123,6.796751850967279,0.14229,1.951358024691358,8.63114722532444,23.20696180351867,48.99533959813573,1.8669215468482814,2.035570316693505,0.11909416546795958,37084.666666666664,142290.0,0.00021233277064170128,0.010016723873980372,21.950975071043686,1,0,0
2022,14,Arizona,107,Avocados,2.0585555555555546,0.5027778143342907,1.12,3.28,36017.0,400.18888888888887,42101.0,1.4065555555555556,90,572.0,Avocados,142290.0,20935.0,6796.8,Exact,1,3,3,1,0,3,142290.0,0.0,0.9999929159262123,6.796751850967279,0.14229,2.171505376344086,-5.201452504745439,24.423815669070105,46.35437238328455,0.4248535139549016,2.11503046594982,0.07986758421337578,42623.666666666664,142290.0,0.00023635348245076198,0.01148152071062157,21.597899845708334,1,0,0
2022,15,Massachusetts,107,Avocados,2.002564102564103,0.42221566440157954,1.11,3.15,24288.0,311.38461538461536,28748.0,1.3946153846153848,78,572.0,Avocados,142290.0,20935.0,6796.8,Exact,1,3,3,1,0,3,142290.0,0.0,0.9999929159262123,6.796751850967279,0.14229,1.987708333333333,0.7473817451807585,21.08375276781255,43.59257216400075,-0.8939015188811659,1.995136217948718,0.01050461516281995,29569.0,142290.0,0.00015504938885005834,0.00774254310518857,20.22144944453263,1,0,0
2022,2,Texas,107,Avocados,2.0544897959183674,0.3909336496792062,1.21,2.95,34908.0,356.2040816326531,41569.0,1.4010204081632653,98,572.0,Avocados,142290.0,20935.0,6796.8,Exact,1,3,3,1,0,3,142290.0,0.0,0.9999929159262123,6.796751850967279,0.14229,2.02632183908046,1.3901028106517352,19.02825949566018,46.64238892935179,0.3290935238603263,2.0404058174994137,0.019917753292254307,36178.666666666664,142290.0,0.00022862348129463388,0.011127993030135154,21.490990416933197,1,0,0
2022,3,Florida,107,Avocados,2.1320833333333336,0.39805137151653813,1.37,3.06,24649.0,342.34722222222223,29238.0,1.4295833333333328,72,572.0,Avocados,142290.0,20935.0,6796.8,Exact,1,3,3,1,0,3,142290.0,0.0,0.9999929159262123,6.796751850967279,0.14229,2.070352941176471,2.9816361707769636,18.669597256980484,49.14019236374242,2.156637952778127,2.1012181372549024,0.04364997889942226,30413.333333333332,142290.0,0.00016753106825111532,0.007857622900189109,21.56076131764678,1,0,0
2022,4,New York,107,Avocados,2.0376136363636377,0.38525702517163296,1.3,2.8,38127.0,433.2613636363636,44584.0,1.3967045454545455,88,572.0,Avocados,142290.0,20935.0,6796.8,Exact,1,3,3,1,0,3,142290.0,0.0,0.9999929159262123,6.796751850967279,0.14229,2.0229487179487182,0.7249278384965572,18.907265749318878,45.887234561874635,-0.06838714789759706,2.030281177156178,0.010369663256737025,38545.333333333336,142290.0,0.00024765457228973956,0.012154147767272918,21.494183522538545,1,0,0
2022,5,Illinois,107,Avocados,2.0493333333333332,0.41962744311023814,1.18,3.28,40925.0,454.72222222222223,48989.0,1.4138888888888892,90,572.0,Avocados,142290.0,20935.0,6796.8,Exact,1,3,3,1,0,3,142290.0,0.0,0.9999929159262123,6.796751850967279,0.14229,2.029620253164557,0.9712693858883209,20.476290327435173,44.94302554027501,0.20764443435941715,2.0394767932489453,0.013939252665415826,38678.333333333336,142290.0,0.00026735799143786645,0.013046095873675981,21.762938035051764,1,0,0
2022,6,Pennsylvania,107,Avocados,2.0139130434782615,0.42202014566188834,1.23,3.09,42641.0,463.4891304347826,49463.0,1.3863043478260872,92,572.0,Avocados,142290.0,20935.0,6796.8,Exact,1,3,3,1,0,3,142290.0,0.0,0.9999929159262123,6.796751850967279,0.14229,2.010116279069767,0.18888282474144658,20.955231757822602,45.272071506978214,-0.6266022767952234,2.012014661274014,0.0026847178598142876,36570.333333333336,142290.0,0.0002737536846787711,0.013593123375673,21.469511245321108,1,0,0
2022,7,Ohio,107,Avocados,2.0785333333333327,0.4416085258349188,1.13,3.1,27526.0,367.0133333333333,31684.0,1.4324000000000006,75,572.0,Avocados,142290.0,20935.0,6796.8,Exact,1,3,3,1,0,3,142290.0,0.0,0.9999929159262123,6.796751850967279,0.14229,2.040344827586206,1.871669201735129,21.246160393623015,45.10844270687879,0.8953859538497497,2.0594390804597693,0.027003351377174755,31940.333333333332,142290.0,0.00018238620080987663,0.008774754673642152,21.24868543010706,1,0,0
2022,8,Georgia,107,Avocados,1.9877777777777774,0.3988265259596917,1.2,3.22,26163.0,363.375,30955.0,1.3701388888888886,72,572.0,Avocados,142290.0,20935.0,6796.8,Exact,1,3,3,1,0,3,142290.0,0.0,0.9999929159262123,6.796751850967279,0.14229,2.0171134020618555,-1.4543368882528753,20.063939260129825,45.07856056766346,-1.242160747519019,2.0024455899198164,0.02074341886161238,37852.333333333336,142290.0,0.00016578576972717016,0.008340256721881116,20.219953246284547,1,0,0
2022,9,North Carolina,107,Avocados,2.06804347826087,0.3972190115588788,1.26,3.11,31620.0,343.69565217391306,37347.0,1.3923913043478258,92,572.0,Avocados,142290.0,20935.0,6796.8,Exact,1,3,3,1,0,3,142290.0,0.0,0.9999929159262123,6.796751850967279,0.14229,2.1063291139240503,-1.8176473662207062,19.207478746671313,48.524590163934484,0.6483205817001237,2.08718629609246,0.027072032599472412,37811.0,142290.0,0.000208455524031944,0.010079842431903104,21.428191193005553,1,0,0
2023,1,California,107,Avocados,2.0071794871794872,0.44487528512384145,1.24,2.92,29535.0,378.65384615384613,35717.0,1.378974358974359,78,572.0,Avocados,116890.0,21117.0,5535.4,Exact,1,4,4,1,0,4,142290.0,-17.850867945744607,0.9999910874265132,5.5353506653407205,0.11689,2.0713793103448275,-3.0993755148907387,22.164200459670177,45.555968761621415,-0.7851963261271685,2.039279398762157,0.045396130311189276,34220.0,129590.0,0.00023004462137240955,0.011461088698932004,20.6606313576422,1,0,0
2023,10,Michigan,107,Avocados,2.0327884615384617,0.46524334739226064,1.23,3.34,35883.0,345.02884615384613,42218.0,1.3825,104,572.0,Avocados,116890.0,21117.0,5535.4,Exact,1,4,4,1,0,4,116890.0,0.0,0.9999910874265132,5.5353506653407205,0.11689,2.0180198019801985,0.7318391793663949,22.88695337438868,47.03714007511476,-0.1820334857768123,2.02540413175933,0.010443019322683452,36307.666666666664,116890.0,0.00028305434797420374,0.013924436965761879,21.319980504233698,1,0,0
2023,11,New Jersey,107,Avocados,1.9952500000000004,0.3936360041935548,1.32,3.08,32096.0,401.2,36355.0,1.3746249999999998,80,572.0,Avocados,116890.0,21117.0,5535.4,Exact,1,4,4,1,0,4,116890.0,0.0,0.9999910874265132,5.5353506653407205,0.11689,1.9711111111111104,1.2246335963923927,19.728655767124657,45.14867691188512,-1.06616905350939,1.9831805555555553,0.017068772023642754,37987.666666666664,116890.0,0.0002485061432277498,0.012454887519245696,20.703747233841106,1,0,0
2023,12,Virginia,107,Avocados,2.049459459459459,0.45380549780803636,1.2,3.22,26494.0,358.02702702702703,31493.0,1.4287837837837836,74,572.0,Avocados,116890.0,21117.0,5535.4,Exact,1,4,4,1,0,4,116890.0,0.0,0.9999910874265132,5.5353506653407205,0.11689,2.0614942528735636,-0.5837898115567843,22.142692099297573,43.440839875153685,0.21061505674397926,2.0554768561665115,0.008509884033292505,33298.333333333336,116890.0,0.0002107054467573893,0.010281025359387321,20.873152946240644,1,0,0
2023,13,Washington,107,Avocados,1.9932291666666666,0.4305553202225352,1.15,3.08,34653.0,360.96875,40358.0,1.37875,96,572.0,Avocados,116890.0,21117.0,5535.4,Exact,1,4,4,1,0,4,116890.0,0.0,0.9999910874265132,5.5353506653407205,0.11689,2.119782608695652,-5.970114176323788,21.600894037817287,44.567845270474464,-1.1137653201978739,2.0565058876811593,0.08948679704119417,34199.333333333336,116890.0,0.00026803219966424285,0.01344713413523246,20.835560214842147,1,0,0
2023,14,Arizona,107,Avocados,2.041944444444445,0.4215051463735708,1.18,3.08,30263.0,420.31944444444446,34577.0,1.4219444444444445,72,572.0,Avocados,116890.0,21117.0,5535.4,Exact,1,4,4,1,0,4,116890.0,0.0,0.9999910874265132,5.5353506653407205,0.11689,2.0585555555555546,-0.8069304258648905,20.6423415446178,43.60226606759135,0.03361547299676404,2.0502499999999997,0.011745829309708945,37593.0,116890.0,0.0002397975812643449,0.011743589886432343,21.0681991212683,1,0,0
2023,15,Massachusetts,107,Avocados,2.0875000000000004,0.3392441889234212,1.47,2.96,27064.0,375.8888888888889,30772.0,1.404861111111111,72,572.0,Avocados,116890.0,21117.0,5535.4,Exact,1,4,4,1,0,4,116890.0,0.0,0.9999910874265132,5.5353506653407205,0.11689,2.002564102564103,4.241357234314976,16.251218631062088,48.59120118635694,1.1065759866613067,2.0450320512820515,0.06005874904308811,30544.666666666668,116890.0,0.0002192337271859599,0.010502214475974124,21.30501802614488,1,0,0
2023,2,Texas,107,Avocados,1.9941249999999997,0.37301947466722524,1.28,2.89,31512.0,393.9,37955.0,1.39325,80,572.0,Avocados,116890.0,21117.0,5535.4,Exact,1,4,4,1,0,4,116890.0,0.0,0.9999910874265132,5.5353506653407205,0.11689,2.0544897959183674,-2.9381891328101912,18.705922380353552,43.127579400681824,-1.0926659442431956,2.0243073979591837,0.042684356538819856,33918.666666666664,116890.0,0.00024384690314115156,0.012228265687514655,20.655456712980932,1,0,0
2023,3,Florida,107,Avocados,2.1242666666666667,0.42480893426413546,1.24,3.23,27091.0,361.2133333333333,32372.0,1.436533333333333,75,572.0,Avocados,116890.0,21117.0,5535.4,Exact,1,4,4,1,0,4,116890.0,0.0,0.9999910874265132,5.5353506653407205,0.11689,2.1320833333333336,-0.3666210670314702,19.997909910752046,47.87451271579733,1.9725336304944636,2.128175,0.0055272180062749445,28067.0,116890.0,0.00022331760884898878,0.010512691855180868,21.68237661195386,1,0,0
2023,4,New York,107,Avocados,2.056385542168674,0.41156624785541845,1.1,2.86,31868.0,383.95180722891564,37436.0,1.4219277108433734,83,572.0,Avocados,116890.0,21117.0,5535.4,Exact,1,4,4,1,0,4,116890.0,0.0,0.9999910874265132,5.5353506653407205,0.11689,2.0376136363636377,0.9212691488724569,20.014060564799475,44.619556007456325,0.3737436405299843,2.046999589266156,0.013273741890536357,36528.333333333336,116890.0,0.00025430110583340244,0.012366411872610972,21.323461681279582,1,0,0
2023,5,Illinois,107,Avocados,2.0312359550561796,0.40855849760501944,1.21,3.39,38859.0,436.6179775280899,45670.0,1.4062921348314605,89,572.0,Avocados,116890.0,21117.0,5535.4,Exact,1,4,4,1,0,4,116890.0,0.0,0.9999910874265132,5.5353506653407205,0.11689,2.0493333333333332,-0.8830861228279261,20.113788188321017,44.439117929050816,-0.21859934766528186,2.0402846441947564,0.012796778901473451,38166.666666666664,116890.0,0.0003062956958817102,0.015079276984994032,21.465534295410606,1,0,0
2023,6,Pennsylvania,107,Avocados,2.0882022471910116,0.4254931945769008,1.26,3.76,35900.0,403.3707865168539,41784.0,1.425056179775281,89,572.0,Avocados,116890.0,21117.0,5535.4,Exact,1,4,4,1,0,4,116890.0,0.0,0.9999910874265132,5.5353506653407205,0.11689,2.0139130434782615,3.6887989753740302,20.376052901449647,46.53473153039503,1.1231158685176035,2.0510576453346365,0.052530399714234406,37086.666666666664,116890.0,0.0002909081615816878,0.013931033834151311,21.902151930051197,1,0,0
2023,7,Ohio,107,Avocados,2.0471264367816095,0.48082271559053186,1.09,3.49,37264.0,428.32183908045977,44634.0,1.445977011494253,87,572.0,Avocados,116890.0,21117.0,5535.4,Exact,1,4,4,1,0,4,116890.0,0.0,0.9999910874265132,5.5353506653407205,0.11689,2.0785333333333327,-1.5110124070685966,23.487690205713793,41.57392686804453,0.1556658594333744,2.062829885057471,0.022208029527747822,34926.666666666664,116890.0,0.00029602135106501,0.014460335509632714,21.54766356603383,1,0,0
2023,8,Georgia,107,Avocados,2.0951388888888887,0.46044067396462873,1.28,3.45,22937.0,318.56944444444446,27737.0,1.4163888888888887,72,572.0,Avocados,116890.0,21117.0,5535.4,Exact,1,4,4,1,0,4,116890.0,0.0,0.9999910874265132,5.5353506653407205,0.11689,1.9877777777777774,5.401062045835669,21.976618180612046,47.92116101196313,1.2864931459647986,2.041458333333333,0.07591576970238915,32755.333333333332,116890.0,0.00018648260663372456,0.00890072766166932,21.036347195988274,1,0,0
2023,9,North Carolina,107,Avocados,2.029555555555555,0.4051602848620076,1.24,3.02,37728.0,419.2,46059.0,1.398777777777778,90,572.0,Avocados,116890.0,21117.0,5535.4,Exact,1,4,4,1,0,4,116890.0,0.0,0.9999910874265132,5.5353506653407205,0.11689,2.06804347826087,-1.8610789913218528,19.963005385733435,45.09492414012228,-0.2581774471827579,2.0487995169082125,0.027215071138711758,35827.333333333336,116890.0,0.00029713487318920216,0.014640391211556006,21.38783050878248,1,0,0
2019,1,California,108,Corn,4.182823529411765,0.8519747533772096,2.32,7.46,42516.0,500.18823529411765,49656.0,2.8194117647058823,85,56.0,Maize (corn),345962110.0,32916270.0,10510.4,Exact,1,4,0,0,1,0,345962110.0,0.0,0.9999969528316622,10.510367973041904,345.96211,,,20.368412565973678,48.35802211558524,0.967359946882209,4.182823529411765,,42516.0,345962110.0,2.331630139956178e-07,5.574297178834312e-06,44.57910798364677,0,1,0
2019,10,Michigan,108,Corn,4.135714285714285,0.8545935145950794,2.64,7.14,33909.0,440.3766233766234,39545.0,2.881428571428571,77,56.0,Maize (corn),345962110.0,32916270.0,10510.4,Exact,1,4,0,0,1,0,,,0.9999969528316622,10.510367973041904,345.96211,,,20.663746466893112,43.52999504214181,0.476154661209802,4.135714285714285,,33909.0,345962110.0,1.8386676296398776e-07,4.445828465450482e-06,43.141559793816405,0,1,0
2019,11,New Jersey,108,Corn,3.943516483516485,0.8337417314284289,1.99,6.38,40312.0,442.989010989011,46551.0,2.752527472527472,91,56.0,Maize (corn),345962110.0,32916270.0,10510.4,Exact,1,4,0,0,1,0,345962110.0,0.0,0.9999969528316622,10.510367973041904,345.96211,,,21.142088156937806,43.26892366656028,-1.5278804054628954,3.943516483516485,,40312.0,345962110.0,2.0842783897507591e-07,5.28532947297885e-06,41.818741650406984,0,1,0
2019,12,Virginia,108,Corn,4.137325581395349,0.860635093020203,2.57,6.03,42848.0,498.2325581395349,49696.0,2.8161627906976743,86,56.0,Maize (corn),345962110.0,32916270.0,10510.4,Exact,1,4,0,0,1,0,345962110.0,0.0,0.9999969528316622,10.510367973041904,345.96211,,,20.801725077917276,46.913580246913604,0.49295554556282656,4.137325581395349,,42848.0,345962110.0,2.3242774764522582e-07,5.617825889516714e-06,44.126387763529095,0,1,0
2019,13,Washington,108,Corn,4.173291139240508,0.9701132917173305,2.48,6.84,32480.0,411.1392405063291,38430.0,2.855822784810127,79,56.0,Maize (corn),345962110.0,32916270.0,10510.4,Exact,1,4,0,0,1,0,345962110.0,0.0,0.9999969528316622,10.510367973041904,345.96211,,,23.245761183435675,46.13270688356016,0.8679662808050838,4.173291139240508,,32480.0,345962110.0,1.7771841188658527e-07,4.258471454712072e-06,43.35386183256532,0,1,0
2019,14,Arizona,108,Corn,4.007628865979384,0.9170205073087201,2.47,6.06,54409.0,560.9175257731958,61855.0,2.7742268041237104,97,56.0,Maize (corn),345962110.0,32916270.0,10510.4,Exact,1,4,0,0,1,0,345962110.0,0.0,0.9999969528316622,10.510367973041904,345.96211,,,22.881871999008542,44.45930880713503,-0.859384401895944,4.007628865979384,,54409.0,345962110.0,2.85888022000912e-07,7.133595239514444e-06,43.700400425932436,0,1,0
2019,15,Massachusetts,108,Corn,4.202151898734176,0.8686441998089512,2.49,6.05,40541.0,513.1772151898734,47428.0,2.8526582278481003,79,56.0,Maize (corn),345962110.0,32916270.0,10510.4,Exact,1,4,0,0,1,0,345962110.0,0.0,0.9999969528316622,10.510367973041904,345.96211,,,20.671413617166362,47.306531771388,1.1688957056722493,4.202151898734176,,40541.0,345962110.0,2.233592404001788e-07,5.315353794503759e-06,44.58522560899306,0,1,0
2019,2,Texas,108,Corn,4.165888888888888,0.7937634641086775,2.67,6.25,42835.0,475.94444444444446,49891.0,2.8677777777777775,90,56.0,Maize (corn),345962110.0,32916270.0,10510.4,Exact,1,4,0,0,1,0,345962110.0,0.0,0.9999969528316622,10.510367973041904,345.96211,,,19.053879862849328,45.265401007361454,0.7907834560937458,4.165888888888888,,42835.0,345962110.0,2.3396137955746598e-07,5.616121452050234e-06,44.429763851998,0,1,0
2019,3,Florida,108,Corn,4.022783505154639,0.9645170880074752,2.06,6.71,41514.0,427.97938144329896,48535.0,2.7462886597938154,97,56.0,Maize (corn),345962110.0,32916270.0,10510.4,Exact,1,4,0,0,1,0,345962110.0,0.0,0.9999969528316622,10.510367973041904,345.96211,,,23.976360815131624,46.48072375089147,-0.7013678794243354,4.022783505154639,,41514.0,345962110.0,2.1895706429108318e-07,5.442924383341039e-06,42.77751581370821,0,1,0
2019,4,New York,108,Corn,4.140897435897437,0.8970661935318683,2.4,6.44,42044.0,539.025641025641,49847.0,2.8584615384615395,78,56.0,Maize (corn),345962110.0,32916270.0,10510.4,Exact,1,4,0,0,1,0,345962110.0,0.0,0.9999969528316622,10.510367973041904,345.96211,,,21.663569489917865,44.86454969501254,0.5301990602824684,4.140897435897437,,42044.0,345962110.0,2.282633680655549e-07,5.512412987743668e-06,44.086046961855374,0,1,0
2019,5,Illinois,108,Corn,4.1122093023255815,0.8897037195709203,2.24,6.9,46658.0,542.5348837209302,54226.0,2.852674418604652,86,56.0,Maize (corn),345962110.0,32916270.0,10510.4,Exact,1,4,0,0,1,0,345962110.0,0.0,0.9999969528316622,10.510367973041904,345.96211,,,21.63566234500188,44.15277381486156,0.2310695956477947,4.1122093023255815,,46658.0,345962110.0,2.515585309207222e-07,6.117357177769576e-06,44.208804149587046,0,1,0
2019,6,Pennsylvania,108,Corn,3.798874999999998,0.729048267662902,2.43,5.9,44440.0,555.5,53965.0,2.6932500000000004,80,56.0,Maize (corn),345962110.0,32916270.0,10510.4,Exact,1,4,0,0,1,0,345962110.0,0.0,0.9999969528316622,10.510367973041904,345.96211,,,19.191162322079624,41.05170333240499,-3.036048562163691,3.798874999999998,,44440.0,345962110.0,2.2134350037554136e-07,5.82655392387329e-06,40.655247776388364,0,1,0
2019,7,Ohio,108,Corn,4.142183908045976,0.8085393452153666,2.56,6.24,39321.0,451.9655172413793,46671.0,2.818160919540231,87,56.0,Maize (corn),345962110.0,32916270.0,10510.4,Exact,1,4,0,0,1,0,345962110.0,0.0,0.9999969528316622,10.510367973041904,345.96211,,,19.51963899151897,46.9818092829757,0.5436130289568718,4.142183908045976,,39321.0,345962110.0,2.1354610337470337e-07,5.1553988938033675e-06,43.822398013243834,0,1,0
2019,8,Georgia,108,Corn,3.996923076923077,0.7938027948570585,2.51,6.63,33545.0,430.06410256410254,39960.0,2.871923076923077,78,56.0,Maize (corn),345962110.0,32916270.0,10510.4,Exact,1,4,0,0,1,0,345962110.0,0.0,0.9999969528316622,10.510367973041904,345.96211,,,19.86034706147375,39.17235837685817,-0.9710130284457901,3.996923076923077,,33545.0,345962110.0,1.7578884237198095e-07,4.398104216389054e-06,41.65062803206417,0,1,0
2019,9,North Carolina,108,Corn,4.091038961038961,0.7768400641729091,2.64,6.38,35104.0,455.8961038961039,41745.0,2.8024675324675328,77,56.0,Maize (corn),345962110.0,32916270.0,10510.4,Exact,1,4,0,0,1,0,345962110.0,0.0,0.9999969528316622,10.510367973041904,345.96211,,,18.988820971179965,45.979887853932034,0.01032770460288984,4.091038961038961,,35104.0,345962110.0,1.88290297353322e-07,4.6025056017922594e-06,42.81721816319051,0,1,0
2020,1,California,108,Corn,4.262045454545454,0.9625614285110652,2.06,6.6,41826.0,475.29545454545456,49863.0,2.8442045454545455,88,56.0,Maize (corn),358447310.0,33311250.0,10760.5,Exact,1,1,1,0,1,1,358447310.0,0.0,1.0000044759219453,10.760548163158091,358.44731,4.182823529411765,1.89398200944017,22.584494669912477,49.85017379839385,1.7934022543475192,4.22243449197861,0.05601836048068461,42171.0,352204710.0,2.25582466959194e-07,5.2928217065027125e-06,45.35369297120941,0,1,0
2020,10,Michigan,108,Corn,4.112962962962963,0.8945717473244454,2.27,6.91,38134.0,470.7901234567901,44739.0,2.8055555555555554,81,56.0,Maize (corn),358447310.0,33311250.0,10760.5,Exact,1,1,1,0,1,1,358447310.0,0.0,1.0000044759219453,10.760548163158091,358.44731,4.135714285714285,-0.5501183394102057,21.750055990778954,46.60066006600662,0.23892797034517765,4.124338624338624,0.016087614598423623,36021.5,358447310.0,1.9847604282325502e-07,4.825621932668064e-06,43.38718471737577,0,1,0
2020,11,New Jersey,108,Corn,4.150526315789473,0.8464398137745324,2.26,6.03,44333.0,466.66315789473686,52617.0,2.8301052631578947,95,56.0,Maize (corn),358447310.0,33311250.0,10760.5,Exact,1,1,1,0,1,1,358447310.0,0.0,1.0000044759219453,10.760548163158091,358.44731,3.943516483516485,5.249371547913367,20.39355371762125,46.6562523246299,0.6305988189465159,4.047021399652979,0.1463780561725197,42322.5,358447310.0,2.3284730952261346e-07,5.610067056720335e-06,44.40858601702511,0,1,0
2020,12,Virginia,108,Corn,3.9578313253012047,0.8033877176434908,2.43,6.01,49457.0,595.8674698795181,58994.0,2.8120481927710848,83,56.0,Maize (corn),358447310.0,33311250.0,10760.5,Exact,1,1,1,0,1,1,358447310.0,0.0,1.0000044759219453,10.760548163158091,358.44731,4.137325581395349,-4.3384126427296685,20.298685103321077,40.74550128534702,-1.378620400497144,4.047578453348277,0.12692160566820443,46152.5,358447310.0,2.476999860322045e-07,6.258477577069398e-06,42.7797203073893,0,1,0
2020,13,Washington,108,Corn,3.9955223880597024,0.8730394200931795,2.48,6.53,33316.0,497.25373134328356,39063.0,2.7819402985074624,67,56.0,Maize (corn),358447310.0,33311250.0,10760.5,Exact,1,1,1,0,1,1,358447310.0,0.0,1.0000044759219453,10.760548163158091,358.44731,4.173291139240508,-4.259677680027792,21.850444955638032,43.62358495627453,-0.9856179280211339,4.084406763650105,0.12570148944301163,32898.0,358447310.0,1.6844857966157644e-07,4.215933820442891e-06,41.608663166390905,0,1,0
2020,14,Arizona,108,Corn,4.077171717171718,0.8871083963907801,2.37,6.79,60795.0,614.0909090909091,71910.0,2.8286868686868694,99,56.0,Maize (corn),358447310.0,33311250.0,10760.5,Exact,1,1,1,0,1,1,358447310.0,0.0,1.0000044759219453,10.760548163158091,358.44731,4.007628865979384,1.7352617599569,21.757935596741454,44.13655192115413,-0.1342652234653242,4.042400291575551,0.04917422166114678,57602.0,358447310.0,3.1366625391022906e-07,7.693231378731706e-06,44.911185122144786,0,1,0
2020,15,Massachusetts,108,Corn,4.007875,0.7960944122973977,2.55,6.3,37570.0,469.625,45164.0,2.80525,80,56.0,Maize (corn),358447310.0,33311250.0,10760.5,Exact,1,1,1,0,1,1,358447310.0,0.0,1.0000044759219453,10.760548163158091,358.44731,4.202151898734176,-4.623271681175969,19.863254525088674,42.87051064967473,-0.8568179770837127,4.105013449367088,0.13737451252282765,39055.5,358447310.0,1.9054444606976403e-07,4.754251219655403e-06,42.218906174353855,0,1,0
2020,2,Texas,108,Corn,4.029493670886075,0.8349633781838259,2.51,6.63,36150.0,457.59493670886076,42382.0,2.7670886075949372,79,56.0,Maize (corn),358447310.0,33311250.0,10760.5,Exact,1,1,1,0,1,1,358447310.0,0.0,1.0000044759219453,10.760548163158091,358.44731,4.165888888888888,-3.2740963967282237,20.72129767113444,45.622140896614766,-0.6314013799367661,4.097691279887481,0.09644598357120619,39492.5,358447310.0,1.8433156533363034e-07,4.5745589989497695e-06,42.29138919867185,0,1,0
2020,3,Florida,108,Corn,3.98054794520548,0.7540518152159317,2.51,5.88,35883.0,491.54794520547944,41805.0,2.757808219178082,73,56.0,Maize (corn),358447310.0,33311250.0,10760.5,Exact,1,1,1,0,1,1,358447310.0,0.0,1.0000044759219453,10.760548163158091,358.44731,4.022783505154639,-1.0499088478174228,18.943417479098013,44.33737333598254,-1.1417555541572728,4.001665725180059,0.029865050847260856,38698.5,358447310.0,1.8074759856960398e-07,4.540771799704414e-06,41.74817310981801,0,1,0
2020,4,New York,108,Corn,4.239878048780489,0.9157476792789527,2.1,6.81,43150.0,526.219512195122,50504.0,2.8606097560975607,82,56.0,Maize (corn),358447310.0,33311250.0,10760.5,Exact,1,1,1,0,1,1,345962110.0,3.6088345050271546,1.0000044759219453,10.760548163158091,358.44731,4.140897435897437,2.3903179060893676,21.598443840674808,48.21588438419241,1.5622640312140745,4.190387742338963,0.06998986257560656,42597.0,358447310.0,2.315128475767095e-07,5.460365720738107e-06,45.24993257432922,0,1,0
2020,5,Illinois,108,Corn,4.0895238095238104,0.8415975983203406,2.5,7.55,44903.0,534.5595238095239,53982.0,2.8019047619047615,84,56.0,Maize (corn),358447310.0,33311250.0,10760.5,Exact,1,1,1,0,1,1,358447310.0,0.0,1.0000044759219453,10.760548163158091,358.44731,4.1122093023255815,-0.5516619202466583,20.579354406994817,45.95513256288245,-0.005470690243260456,4.100866555924696,0.016041065794690893,45780.5,358447310.0,2.3237480055376132e-07,5.682197032637386e-06,43.808132933842884,0,1,0
2020,6,Pennsylvania,108,Corn,4.1591025641025645,0.8177228214502837,2.73,6.76,48141.0,617.1923076923077,58684.0,2.855128205128205,78,56.0,Maize (corn),358447310.0,33311250.0,10760.5,Exact,1,1,1,0,1,1,358447310.0,0.0,1.0000044759219453,10.760548163158091,358.44731,3.798874999999998,9.48248005271473,19.66104006446229,45.67130669061519,0.7200228506648388,3.9789887820512813,0.2547193533472365,46290.5,358447310.0,2.533702786868458e-07,6.091945913373191e-06,44.84307059151354,0,1,0
2020,7,Ohio,108,Corn,4.047142857142857,0.8577695086797527,2.54,6.16,37218.0,531.6857142857143,43410.0,2.819,70,56.0,Maize (corn),358447310.0,33311250.0,10760.5,Exact,1,1,1,0,1,1,358447310.0,0.0,1.0000044759219453,10.760548163158091,358.44731,4.142183908045976,-2.294467194431105,21.19444603162114,43.56661430091725,-0.4473743632259902,4.094663382594417,0.06720417158469144,38269.5,358447310.0,1.9060860265532943e-07,4.7097077959311895e-06,42.59445717004499,0,1,0
2020,8,Georgia,108,Corn,3.920222222222224,0.8357194004895165,2.26,6.0,40611.0,451.23333333333335,48512.0,2.745888888888889,90,56.0,Maize (corn),358447310.0,33311250.0,10760.5,Exact,1,1,1,0,1,1,358447310.0,0.0,1.0000044759219453,10.760548163158091,358.44731,3.996923076923077,-1.91899751945937,21.31816394877174,42.76696475539195,-1.7707682842633612,3.9585726495726505,0.054235694481777216,37078.0,358447310.0,2.0146300211756605e-07,5.1390709683637365e-06,41.60068814618155,0,1,0
2020,9,North Carolina,108,Corn,3.992500000000001,0.8079267105500678,2.5,7.06,38565.0,482.0625,45597.0,2.807124999999999,80,56.0,Maize (corn),358447310.0,33311250.0,10760.5,Exact,1,1,1,0,1,1,358447310.0,0.0,1.0000044759219453,10.760548163158091,358.44731,4.091038961038961,-2.4086536935335023,20.2361104708846,42.22736785857425,-1.0171321887851608,4.041769480519481,0.06967756756172529,36834.5,358447310.0,1.9484048054482238e-07,4.880162317966746e-06,42.16130440558111,0,1,0
2021,1,California,108,Corn,4.101764705882353,0.8939015292399892,2.53,6.38,37306.0,438.8941176470588,43945.0,2.837294117647059,85,56.0,Maize (corn),381469380.0,34393800.0,11091.2,Exact,1,2,2,0,1,2,381469380.0,0.0,1.0000022687062418,11.091225162674668,381.46938,4.262045454545454,-3.7606531974491904,21.79309622412135,44.56607372392916,0.12216440895927176,4.1819050802139035,0.11333560427333572,40549.333333333336,369958345.0,1.8195165209466657e-07,4.435935874959603e-06,43.17901559423137,0,1,0
2021,10,Michigan,108,Corn,4.0202222222222215,0.785692248665458,2.22,6.61,37166.0,412.9555555555556,43866.0,2.855,90,56.0,Maize (corn),381469380.0,34393800.0,11091.2,Exact,1,2,2,0,1,2,381469380.0,0.0,1.0000022687062418,11.091225162674668,381.46938,4.112962962962963,-2.2548401620891716,19.543502951713897,40.813387818641736,-0.72807422441652,4.066592592592592,0.06557760667004196,36403.0,381469380.0,1.7766523552695074e-07,4.419288927484818e-06,42.30550821380879,0,1,0
2021,11,New Jersey,108,Corn,4.074183673469387,0.8588375306544265,2.52,6.25,47852.0,488.2857142857143,56041.0,2.8412244897959176,98,56.0,Maize (corn),381469380.0,34393800.0,11091.2,Exact,1,2,2,0,1,2,381469380.0,0.0,1.0000022687062418,11.091225162674668,381.46938,4.150526315789473,-1.8393484708111096,21.079990483666144,43.39534549633674,-0.16542137765516574,4.112354994629429,0.05398240007823217,44165.666666666664,381469380.0,2.3181806247963643e-07,5.6899266468816535e-06,43.90295140101947,0,1,0
2021,12,Virginia,108,Corn,4.2705617977528085,0.8693497564148449,2.76,7.03,42550.0,478.08988764044943,49140.0,2.9301123595505616,89,56.0,Maize (corn),381469380.0,34393800.0,11091.2,Exact,1,2,2,0,1,2,381469380.0,0.0,1.0000022687062418,11.091225162674668,381.46938,3.9578313253012047,7.901561404408863,20.356800757977584,45.747373264820915,1.8822016590867745,4.114196561527007,0.22113383775420184,44951.666666666664,381469380.0,2.1606834665249554e-07,5.059482964657995e-06,45.51760627164354,0,1,0
2021,13,Washington,108,Corn,4.07125,0.8411770796392072,2.65,6.26,43272.0,491.72727272727275,50038.0,2.8305681818181814,88,56.0,Maize (corn),381469380.0,34393800.0,11091.2,Exact,1,2,2,0,1,2,358447310.0,6.42272081774027,1.0000022687062418,11.091225162674668,381.46938,3.9955223880597024,1.8953119163242216,20.661395876922498,43.83154683046291,-0.19601061665576286,4.033386194029851,0.05354750792604783,36356.0,381469380.0,2.0947939626311374e-07,5.145333650920816e-06,43.461750648273124,0,1,0
2021,14,Arizona,108,Corn,4.068666666666666,0.7715662087043563,2.8,5.95,40928.0,545.7066666666667,47692.0,2.8764,75,56.0,Maize (corn),381469380.0,34393800.0,11091.2,Exact,1,2,2,0,1,2,381469380.0,0.0,1.0000022687062418,11.091225162674668,381.46938,4.077171717171718,-0.20860172430882967,18.963613191160654,41.449960598896766,-0.22294687986847875,4.072919191919192,0.006013978886456429,52044.0,381469380.0,1.9800639061484043e-07,4.866616187485838e-06,43.207588679680455,0,1,0
2021,15,Massachusetts,108,Corn,4.165934065934065,0.87222828054482,2.25,6.46,41659.0,457.7912087912088,49189.0,2.8249450549450543,91,56.0,Maize (corn),381469380.0,34393800.0,11091.2,Exact,1,2,2,0,1,2,381469380.0,0.0,1.0000022687062418,11.091225162674668,381.46938,4.007875,3.9437124644372648,20.93715999197537,47.46956082001012,0.791254514460228,4.086904532967033,0.11176463734998902,39923.333333333336,381469380.0,2.0636108679546746e-07,4.953537034657753e-06,44.31427675369618,0,1,0
2021,2,Texas,108,Corn,4.005789473684212,0.7939124488781887,2.28,6.84,40263.0,423.82105263157894,46275.0,2.823578947368421,95,56.0,Maize (corn),381469380.0,34393800.0,11091.2,Exact,1,2,2,0,1,2,381469380.0,0.0,1.0000022687062418,11.091225162674668,381.46938,4.029493670886075,-0.588267388856594,19.819125645362735,41.86922159260369,-0.8785636360949816,4.017641572285143,0.016761398584020676,39749.333333333336,381469380.0,1.917789010321548e-07,4.787543186980607e-06,42.47423921673691,0,1,0
2021,3,Florida,108,Corn,4.08277108433735,0.958157929409486,2.4,6.61,40499.0,487.93975903614455,46462.0,2.8748192771084335,83,56.0,Maize (corn),381469380.0,34393800.0,11091.2,Exact,1,2,2,0,1,2,381469380.0,0.0,1.0000022687062418,11.091225162674668,381.46938,3.98054794520548,2.568067023410584,23.468323587507697,42.01835631364991,-0.07588095464027005,4.031659514771415,0.07228267487432087,39298.666666666664,381469380.0,1.9661013599442406e-07,4.815605184152388e-06,43.31435218501419,0,1,0
2021,4,New York,108,Corn,4.030625000000001,0.8582427495112367,2.5,6.12,49263.0,615.7875,58110.0,2.785,80,56.0,Maize (corn),381469380.0,34393800.0,11091.2,Exact,1,2,2,0,1,2,381469380.0,0.0,1.0000022687062418,11.091225162674668,381.46938,4.239878048780489,-4.935355365720381,21.29304387064628,44.72621184919212,-0.6196050784685474,4.135251524390245,0.1479642497766428,44819.0,381469380.0,2.3610208572238087e-07,5.857704096073955e-06,43.55069703980591,0,1,0
2021,5,Illinois,108,Corn,4.168681318681318,0.8046686119711487,2.79,6.28,44101.0,484.6263736263736,51416.0,2.803296703296704,91,56.0,Maize (corn),381469380.0,34393800.0,11091.2,Exact,1,2,2,0,1,2,381469380.0,0.0,1.0000022687062418,11.091225162674668,381.46938,4.0895238095238104,1.9356167819139032,19.30271350715027,48.70638965111715,0.8198999556648122,4.129102564102564,0.05597281150710988,45220.666666666664,381469380.0,2.186017865405131e-07,5.243907361325081e-06,44.580963596119474,0,1,0
2021,6,Pennsylvania,108,Corn,4.02910447761194,0.8752103320246383,2.54,6.36,36072.0,538.3880597014926,41995.0,2.803731343283583,67,56.0,Maize (corn),381469380.0,34393800.0,11091.2,Exact,1,2,2,0,1,2,381469380.0,0.0,1.0000022687062418,11.091225162674668,381.46938,4.1591025641025645,-3.1256282932920514,21.72220494374913,43.70508384349208,-0.6354594750875012,4.094103520857252,0.09192252849879622,42884.333333333336,381469380.0,1.7281654763257832e-07,4.2892049236461385e-06,42.27860178143786,0,1,0
2021,7,Ohio,108,Corn,4.105647058823529,0.6984497238933686,2.23,5.43,37275.0,438.52941176470586,44131.0,2.839294117647058,85,56.0,Maize (corn),381469380.0,34393800.0,11091.2,Exact,1,2,2,0,1,2,381469380.0,0.0,1.0000022687062418,11.091225162674668,381.46938,4.047142857142857,1.4455679906978678,17.01192805631736,44.60097787353944,0.16264547245921107,4.076394957983194,0.04136871773630878,37938.0,381469380.0,1.8197253212307067e-07,4.432249765161615e-06,43.2164718982435,0,1,0
2021,8,Georgia,108,Corn,4.055945945945946,0.8450369513180641,2.34,6.02,35995.0,486.4189189189189,42893.0,2.8412162162162162,74,56.0,Maize (corn),381469380.0,34393800.0,11091.2,Exact,1,2,2,0,1,2,381469380.0,0.0,1.0000022687062418,11.091225162674668,381.46938,3.920222222222224,3.4621436242659045,20.834522022235205,42.7538644470868,-0.3555850791931388,3.988084084084085,0.09597116541293323,36717.0,381469380.0,1.7359647805876442e-07,4.2800491025350065e-06,42.55159044432666,0,1,0
2021,9,North Carolina,108,Corn,3.990795454545454,0.8748927311468442,2.35,6.4,41556.0,472.22727272727275,47809.0,2.767045454545454,88,56.0,Maize (corn),381469380.0,34393800.0,11091.2,Exact,1,2,2,0,1,2,381469380.0,0.0,1.0000022687062418,11.091225162674668,381.46938,3.992500000000001,-0.042693687026850655,21.922765551673535,44.2258726899384,-1.0349053829871124,3.9916477272727278,0.0012052956497508988,38408.333333333336,381469380.0,1.9719676225274825e-07,4.9412896375870176e-06,42.441396335590056,0,1,0
2022,1,California,108,Corn,3.947272727272726,0.8558380761662542,2.16,6.17,40987.0,414.010101010101,48537.0,2.785050505050504,99,56.0,Maize (corn),346739460.0,31851130.0,10886.3,Exact,1,3,3,1,1,3,346739460.0,0.0,0.9999956840431686,10.886253015199147,346.73946,4.101764705882353,-3.7664758875142064,21.68175688122708,41.73074133178587,-1.488714274943201,4.024518716577539,0.10924232571379418,40039.666666666664,364104420.0,2.116441429386607e-07,5.361781603697072e-06,41.92412029062812,0,1,0
2022,10,Michigan,108,Corn,4.18972972972973,0.9217775754248367,2.08,6.63,30919.0,417.8243243243243,36263.0,2.8279729729729732,74,56.0,Maize (corn),346739460.0,31851130.0,10886.3,Exact,1,3,3,1,1,3,346739460.0,0.0,0.9999956840431686,10.886253015199147,346.73946,4.0202222222222215,4.216371586887334,22.00088394447101,48.15310364600754,1.0393704873587528,4.104975975975975,0.11985990802058874,35406.333333333336,346739460.0,1.69462822795086e-07,4.044719677085656e-06,43.3182797591558,0,1,0
2022,11,New Jersey,108,Corn,3.95186813186813,0.8140187168035334,2.6,6.1,30843.0,338.9340659340659,36494.0,2.7257142857142864,91,56.0,Maize (corn),346739460.0,31851130.0,10886.3,Exact,1,3,3,1,1,3,346739460.0,0.0,0.9999956840431686,10.886253015199147,346.73946,4.074183673469387,-3.002209802119658,20.598326908715194,44.98467989034015,-1.4407982642009938,4.013025902668758,0.08649014891075386,41009.333333333336,346739460.0,1.5944909065945395e-07,4.034777612482708e-06,40.84926552181388,0,1,0
2022,12,Virginia,108,Corn,4.158979591836732,0.8319911401638675,2.19,6.95,43755.0,446.4795918367347,50470.0,2.8086734693877538,98,56.0,Maize (corn),346739460.0,31851130.0,10886.3,Exact,1,3,3,1,1,3,346739460.0,0.0,0.9999956840431686,10.886253015199147,346.73946,4.2705617977528085,-2.61282264958188,20.00469398303623,48.07629427792913,0.7187406261537446,4.214770694794771,0.07890053446301139,45254.0,346739460.0,2.3805508681387504e-07,5.723882061867552e-06,44.444453071501904,0,1,0
2022,13,Washington,108,Corn,4.0173417721519,0.9000465926127058,2.56,6.3,33006.0,417.7974683544304,39077.0,2.841518987341771,79,56.0,Maize (corn),346739460.0,31851130.0,10886.3,Exact,1,3,3,1,1,3,346739460.0,0.0,0.9999956840431686,10.886253015199147,346.73946,4.07125,-1.3241198120503588,22.404033404670805,41.38007840342132,-0.7581085061966191,4.04429588607595,0.038118873473141156,36531.333333333336,346739460.0,1.734581317429812e-07,4.317734003748153e-06,41.798331790420036,0,1,0
2022,14,Arizona,108,Corn,4.1565151515151495,0.7725193399107434,2.89,6.47,30593.0,463.530303030303,35700.0,2.8022727272727272,66,56.0,Maize (corn),346739460.0,31851130.0,10886.3,Exact,1,3,3,1,1,3,381469380.0,-9.104248419624138,0.9999956840431686,10.886253015199147,346.73946,4.068666666666666,2.159146768355316,18.585745793062767,48.32657474993234,0.6930440533121323,4.112590909090908,0.06211825935332621,44105.333333333336,346739460.0,1.6634678943227543e-07,4.002073452604594e-06,42.93081276773321,0,1,0
2022,15,Massachusetts,108,Corn,4.115624999999997,0.9408851515573262,2.39,7.21,37171.0,387.1979166666667,44060.0,2.816666666666667,96,56.0,Maize (corn),346739460.0,31851130.0,10886.3,Exact,1,3,3,1,1,3,346739460.0,0.0,0.9999956840431686,10.886253015199147,346.73946,4.165934065934065,-1.2076299129517862,22.861294494938846,46.11686390532533,0.26668487240125294,4.140779532967031,0.03557388167714087,38800.0,346739460.0,2.001257765542872e-07,4.862585307317536e-06,43.310002117024695,0,1,0
2022,2,Texas,108,Corn,4.298481012658225,0.8829250463404985,2.64,6.71,37279.0,471.88607594936707,43141.0,2.8949367088607594,79,56.0,Maize (corn),346739460.0,31851130.0,10886.3,Exact,1,3,3,1,1,3,346739460.0,0.0,0.9999956840431686,10.886253015199147,346.73946,4.005789473684212,7.3067129687376875,20.540396566611527,48.482728465238225,2.1733136544614373,4.152135243171219,0.20696417200445158,37897.333333333336,346739460.0,2.0962460402772367e-07,4.876713504384882e-06,45.24672357264483,0,1,0
2022,3,Florida,108,Corn,4.139629629629629,0.8227946956021964,2.49,6.01,31065.0,383.51851851851853,35595.0,2.8798765432098765,81,56.0,Maize (corn),346739460.0,31851130.0,10886.3,Exact,1,3,3,1,1,3,346739460.0,0.0,0.9999956840431686,10.886253015199147,346.73946,4.08277108433735,1.392645928898738,19.87604614946704,43.743301753333014,0.5169797196376636,4.111200356983489,0.0402050629445729,35815.666666666664,346739460.0,1.6822705154608017e-07,4.0638189064544735e-06,42.81978764286197,0,1,0
2022,4,New York,108,Corn,4.111076923076923,0.9338347067952576,2.5,6.35,28208.0,433.96923076923076,33869.0,2.817538461538461,65,56.0,Maize (corn),346739460.0,31851130.0,10886.3,Exact,1,3,3,1,1,3,346739460.0,0.0,0.9999956840431686,10.886253015199147,346.73946,4.030625000000001,1.9960160788196,22.71508717225198,45.91023260893308,0.21926234448709508,4.070850961538461,0.05688810036719039,40207.0,346739460.0,1.5170185331629424e-07,3.6900757673673844e-06,42.127834676437736,0,1,0
2022,5,Illinois,108,Corn,4.0292391304347825,0.8569178524949227,2.4,6.2,39594.0,430.3695652173913,47167.0,2.8116304347826095,92,56.0,Maize (corn),346739460.0,31851130.0,10886.3,Exact,1,3,3,1,1,3,346739460.0,0.0,0.9999956840431686,10.886253015199147,346.73946,4.168681318681318,-3.3449951576208607,21.26748561588737,43.306142962075185,-0.6340554581023014,4.09896022455805,0.09860051689261637,42866.0,346739460.0,2.0869661755151649e-07,5.1795540248562195e-06,42.65537133658537,0,1,0
2022,6,Pennsylvania,108,Corn,4.0579569892473115,0.7896333204333914,2.49,6.56,43654.0,469.39784946236557,51395.0,2.8039784946236552,93,56.0,Maize (corn),346739460.0,31851130.0,10886.3,Exact,1,3,3,1,1,3,346739460.0,0.0,0.9999956840431686,10.886253015199147,346.73946,4.02910447761194,0.7161023447193631,19.458888364902464,44.721402001764034,-0.3346160501488515,4.043530733429625,0.02040180663163527,42622.333333333336,346739460.0,2.3173651540624184e-07,5.710669581276794e-06,43.35550911888393,0,1,0
2022,7,Ohio,108,Corn,4.103624999999999,0.9099356546314802,2.52,6.41,34350.0,429.375,39590.0,2.8081250000000013,80,56.0,Maize (corn),346739460.0,31851130.0,10886.3,Exact,1,3,3,1,1,3,346739460.0,0.0,0.9999956840431686,10.886253015199147,346.73946,4.105647058823529,-0.04925067339104538,22.173947537396334,46.13398620075664,0.14156158521965181,4.104636029411765,0.0014298115060763232,36281.0,346739460.0,1.8439850550168156e-07,4.493551567252895e-06,42.85984517889761,0,1,0
2022,8,Georgia,108,Corn,4.09753086419753,0.8854356708200173,2.57,6.46,29792.0,367.8024691358025,34799.0,2.773580246913579,81,56.0,Maize (corn),346739460.0,31851130.0,10886.3,Exact,1,3,3,1,1,3,346739460.0,0.0,0.9999956840431686,10.886253015199147,346.73946,4.055945945945946,1.0252828515416956,21.60900552468256,47.73435413513759,0.07801839320830765,4.076738405071739,0.02940497769078355,35466.0,346739460.0,1.596926329325263e-07,3.897289324355117e-06,42.21288074882926,0,1,0
2022,9,North Carolina,108,Corn,4.19945205479452,0.9462570862951436,1.89,6.61,29654.0,406.2191780821918,34350.0,2.9008219178082193,73,56.0,Maize (corn),346739460.0,31851130.0,10886.3,Exact,1,3,3,1,1,3,346739460.0,0.0,0.9999956840431686,10.886253015199147,346.73946,3.990795454545454,5.228446374303883,22.532870335185766,44.76766150358895,1.1407445932883236,4.095123754669987,0.14754249697544522,36591.666666666664,346739460.0,1.6290668228918777e-07,3.879236628102397e-06,43.2433788986449,0,1,0
2023,1,California,108,Corn,4.296666666666667,0.9183229917175748,2.42,6.43,31308.0,417.44,35916.0,2.9117333333333333,75,56.0,Maize (corn),389694460.0,35010950.0,11130.6,Exact,1,4,4,1,1,4,389694460.0,0.0,1.0000040542952688,11.130645126738921,389.69446,3.947272727272726,8.851527713803204,21.372916797150694,47.56387947614251,2.154395576582387,4.121969696969696,0.24705882385093725,36533.666666666664,368216960.0,1.565773768531342e-07,3.64415927509234e-06,44.47763622682001,0,1,0
2023,10,Michigan,108,Corn,4.0796874999999995,0.808752714955176,2.38,6.06,40145.0,418.1770833333333,46480.0,2.7359375,96,56.0,Maize (corn),389694460.0,35010950.0,11130.6,Exact,1,4,4,1,1,4,389694460.0,0.0,1.0000040542952688,11.130645126738921,389.69446,4.18972972972973,-2.6264756160495564,19.823888838426377,49.11479154768702,-0.10803330535618931,4.134708614864865,0.07781160685878022,36076.666666666664,389694460.0,1.9063401086153973e-07,4.672760128356394e-06,43.245822012181854,0,1,0
2023,11,New Jersey,108,Corn,4.02051282051282,0.9099977129069268,2.57,6.18,34524.0,442.61538461538464,39744.0,2.822051282051282,78,56.0,Maize (corn),389694460.0,35010950.0,11130.6,Exact,1,4,4,1,1,4,389694460.0,0.0,1.0000040542952688,11.130645126738921,389.69446,3.95186813186813,1.737018704929326,22.633871685822797,42.46774486643649,-0.7250441733024281,3.986190476190475,0.04853912483309987,37739.666666666664,389694460.0,1.6156399539663452e-07,4.018492232441802e-06,42.01210337933105,0,1,0
2023,12,Virginia,108,Corn,4.1610588235294115,0.8842969005958131,2.62,6.56,33533.0,394.50588235294117,40004.0,2.816705882352941,85,56.0,Maize (corn),389694460.0,35010950.0,11130.6,Exact,1,4,4,1,1,4,389694460.0,0.0,1.0000040542952688,11.130645126738921,389.69446,4.158979591836732,0.04999379407296337,21.25172793990334,47.72784228552334,0.7404206515037665,4.160019207683072,0.0014702388295516075,39946.0,389694460.0,1.6241206546776416e-07,3.90314274216403e-06,43.35954420939259,0,1,0
2023,13,Washington,108,Corn,4.002857142857142,0.7453316407200121,2.32,5.53,23779.0,339.7,27767.0,2.784,70,56.0,Maize (corn),389694460.0,35010950.0,11130.6,Exact,1,4,4,1,1,4,389694460.0,0.0,1.0000040542952688,11.130645126738921,389.69446,4.0173417721519,-0.36055257720826905,18.61999102441144,43.78078817733987,-0.9091388754439003,4.010099457504521,0.010242179597296718,33352.333333333336,389694460.0,1.1079131141907265e-07,2.767805781347283e-06,40.33519096717978,0,1,0
2023,14,Arizona,108,Corn,4.312592592592592,1.0159512510177071,2.41,6.64,42743.0,527.6913580246913,50153.0,2.9090123456790127,81,56.0,Maize (corn),389694460.0,35010950.0,11130.6,Exact,1,4,4,1,1,4,389694460.0,0.0,1.0000040542952688,11.130645126738921,389.69446,4.1565151515151495,3.7550071487300807,23.557784075470707,48.24937401858843,2.320454260187624,4.234553872053871,0.11036341697610362,38088.0,389694460.0,2.1455836870241964e-07,4.975159700245045e-06,45.985106303406035,0,1,0
2023,15,Massachusetts,108,Corn,4.059574468085108,0.7849634124664692,2.22,5.76,32437.0,345.0744680851064,39041.0,2.79031914893617,94,56.0,Maize (corn),389694460.0,35010950.0,11130.6,Exact,1,4,4,1,1,4,389694460.0,0.0,1.0000040542952688,11.130645126738921,389.69446,4.115624999999997,-1.3618959918575915,19.336100831197083,45.48781882648984,-0.3177506943878671,4.087599734042552,0.03963371120613098,37089.0,389694460.0,1.532721390814209e-07,3.77557156018175e-06,42.16714853089978,0,1,0
2023,2,Texas,108,Corn,4.006956521739131,0.8319574945958131,2.5,6.1,30890.0,335.7608695652174,35588.0,2.828804347826087,92,56.0,Maize (corn),389694460.0,35010950.0,11130.6,Exact,1,4,4,1,1,4,389694460.0,0.0,1.0000040542952688,11.130645126738921,389.69446,4.298481012658225,-6.782035097063575,20.762828098636827,41.64841498559079,-0.8663948953507843,4.152718767198678,0.20613894441084787,36144.0,389694460.0,1.4407033420407391e-07,3.595505302402018e-06,41.424798686574746,0,1,0
2023,3,Florida,108,Corn,4.249450549450549,0.8313020077462991,2.74,6.7,43265.0,475.43956043956047,50902.0,2.8904395604395603,91,56.0,Maize (corn),389694460.0,35010950.0,11130.6,Exact,1,4,4,1,1,4,389694460.0,0.0,1.0000040542952688,11.130645126738921,389.69446,4.139629629629629,2.6529165564684964,19.562576339517257,47.01745048093371,1.662075927079587,4.194540089540089,0.07765511712151658,38276.333333333336,389694460.0,2.1399888623754366e-07,5.035918967576022e-06,45.36340468925493,0,1,0
2023,4,New York,108,Corn,4.057721518987342,0.7768129322497683,2.33,6.07,32224.0,407.8987341772152,38933.0,2.783164556962025,79,56.0,Maize (corn),389694460.0,35010950.0,11130.6,Exact,1,4,4,1,1,4,389694460.0,0.0,1.0000040542952688,11.130645126738921,389.69446,4.111076923076923,-1.2978449464197201,19.14406714740819,45.79524264338019,-0.33707128456226065,4.0843992210321325,0.0377279680446913,36565.0,389694460.0,1.5219616602758264e-07,3.750778985581179e-06,42.1211694136954,0,1,0
2023,5,Illinois,108,Corn,4.0048863636363645,0.8428345637673373,2.4,6.17,36001.0,409.10227272727275,42329.0,2.792954545454546,88,56.0,Maize (corn),389694460.0,35010950.0,11130.6,Exact,1,4,4,1,1,4,389694460.0,0.0,1.0000040542952688,11.130645126738921,389.69446,4.0292391304347825,-0.6044011290982919,21.0451555235155,43.392464805924,-0.8879803109177664,4.017062747035574,0.017220006543815992,39898.666666666664,389694460.0,1.6782118653452606e-07,4.190410695751863e-06,42.01658353809492,0,1,0
2023,6,Pennsylvania,108,Corn,4.13635294117647,0.9443791700406794,2.67,6.87,34973.0,411.4470588235294,41073.0,2.894352941176471,85,56.0,Maize (corn),389694460.0,35010950.0,11130.6,Exact,1,4,4,1,1,4,346739460.0,12.38826408739288,1.0000040542952688,11.130645126738921,389.69446,4.0579569892473115,1.931906921066194,22.83120380370823,42.911145435330404,0.4828138837768867,4.097154965211891,0.055434309226682334,38233.0,389694460.0,1.68380774072527e-07,4.07075451411155e-06,43.276014415003836,0,1,0
2023,7,Ohio,108,Corn,4.0591011235955055,0.885134350933952,2.44,6.4,39864.0,447.91011235955057,45914.0,2.8400000000000007,89,56.0,Maize (corn),389694460.0,35010950.0,11130.6,Exact,1,4,4,1,1,4,389694460.0,0.0,1.0000040542952688,11.130645126738921,389.69446,4.103624999999999,-1.0849889160070363,21.806166537430585,42.92609590125016,-0.3226862292635656,4.081363061797752,0.03148313493032924,37163.0,389694460.0,1.883444253310438e-07,4.640052553413857e-06,42.999089315152744,0,1,0
2023,8,Georgia,108,Corn,4.131219512195123,0.7772782367932037,2.44,6.36,31367.0,382.5243902439024,37756.0,2.8409756097560974,82,56.0,Maize (corn),389694460.0,35010950.0,11130.6,Exact,1,4,4,1,1,4,389694460.0,0.0,1.0000040542952688,11.130645126738921,389.69446,4.09753086419753,0.8221694750843748,18.81474064737356,45.41552197802204,0.4292879247219315,4.114375188196327,0.023821471448104672,32384.666666666668,389694460.0,1.5083192750267928e-07,3.651026701859634e-06,42.772761109219665,0,1,0
2023,9,North Carolina,108,Corn,4.083132530120482,0.7795870196751351,2.51,6.46,35119.0,423.12048192771084,40997.0,2.8081927710843373,83,56.0,Maize (corn),389694460.0,35010950.0,11130.6,Exact,1,4,4,1,1,4,389694460.0,0.0,1.0000040542952688,11.130645126738921,389.69446,4.19945205479452,-2.7698738586915432,19.092865928898263,45.40072078256392,-0.07211218092998548,4.141292292457501,0.0822503246814084,35443.0,389694460.0,1.6690818815826323e-07,4.087748485434006e-06,42.736212982917515,0,1,0
2019,1,California,109,Tomatoes,7.877906976744182,1.778068427373182,10.02,9.59,44195.0,513.8953488372093,51862.0,5.5331395348837225,86,388.0,Tomatoes,10858982.0,110763.0,98038.4,Exact,1,4,0,0,1,0,10858982.0,0.0,0.9999958284293105,98.0379910258841,10.858982,,,22.57031509285516,42.376799411579164,-1.6299096954207752,7.877906976744182,,44195.0,10858982.0,1.4543238634395682e-05,0.00018460790000856522,84.26516198980114,0,1,0
2019,10,Michigan,109,Tomatoes,8.353222222222225,1.5170231255803477,10.15,9.95,45972.0,510.8,53270.0,5.831111111111113,90,388.0,Tomatoes,10858982.0,110763.0,98038.4,Exact,1,4,0,0,1,0,10858982.0,0.0,0.9999958284293105,98.0379910258841,10.858982,,,18.160933412552875,43.252667682926834,1.0890118493727805,8.353222222222225,,45972.0,10858982.0,1.6040746555880076e-05,0.00019203064552989613,89.67860287839741,0,1,0
2019,11,New Jersey,109,Tomatoes,8.306162790697677,1.7138777282248174,10.24,9.94,52846.0,614.4883720930233,61523.0,5.613837209302323,86,388.0,Tomatoes,10858982.0,110763.0,98038.4,Exact,1,4,0,0,1,0,10858982.0,0.0,0.9999958284293105,98.0379910258841,10.858982,,,20.633808551696593,47.958739824768635,0.8198201845248612,8.306162790697677,,52846.0,10858982.0,1.8335371033418114e-05,0.00022074418110312565,90.33081798127547,0,1,0
2019,12,Virginia,109,Tomatoes,8.495119047619047,1.5285732335204707,10.1,9.85,55077.0,655.6785714285714,65038.0,5.761785714285714,84,388.0,Tomatoes,10858982.0,110763.0,98038.4,Exact,1,4,0,0,1,0,10858982.0,0.0,0.9999958284293105,98.0379910258841,10.858982,,,17.993546940921192,47.43899667348499,1.9006970191198775,8.495119047619047,,55077.0,10858982.0,1.954415461306879e-05,0.00023006333994279323,92.73701500738117,0,1,0
2019,13,Washington,109,Tomatoes,8.218518518518518,1.6560888496025137,10.01,9.95,38085.0,470.18518518518516,45090.0,5.6325925925925935,81,388.0,Tomatoes,10858982.0,110763.0,98038.4,Exact,1,4,0,0,1,0,10858982.0,0.0,0.9999958284293105,98.0379910258841,10.858982,,,20.150698034821033,45.91004734350339,0.3184731266033369,8.218518518518518,,38085.0,10858982.0,1.3074486525275066e-05,0.00015908568552610493,86.68566268774865,0,1,0
2019,14,Arizona,109,Tomatoes,8.260735294117646,1.7220270216269389,10.05,9.95,46164.0,678.8823529411765,53764.0,5.6145588235294115,68,388.0,Tomatoes,10858982.0,110763.0,98038.4,Exact,1,4,0,0,1,0,10858982.0,0.0,0.9999958284293105,98.0379910258841,10.858982,,,20.845929088820583,47.130621545876,0.5599635938673116,8.260735294117646,,46164.0,10858982.0,1.5929395018712188e-05,0.00019283265292443502,88.72010883141684,0,1,0
2019,15,Massachusetts,109,Tomatoes,8.165862068965518,1.738135563345898,10.08,9.92,48951.0,562.6551724137931,57740.0,5.636436781609198,87,388.0,Tomatoes,10858982.0,110763.0,98038.4,Exact,1,4,0,0,1,0,10858982.0,0.0,0.9999958284293105,98.0379910258841,10.858982,,,21.28538969512733,44.876317882415286,0.017265125126346287,8.165862068965518,,48951.0,10858982.0,1.669708861126542e-05,0.00020447429151078804,88.17984143354367,0,1,0
2019,2,Texas,109,Tomatoes,7.957027027027026,1.5913703319799914,10.81,9.78,34522.0,466.5135135135135,41228.0,5.580810810810811,74,388.0,Tomatoes,10858982.0,110763.0,98038.4,Exact,1,4,0,0,1,0,,,0.9999958284293105,98.0379910258841,10.858982,,,19.999559214449132,42.578333091190835,-1.1773233090472042,7.957027027027026,,34522.0,10858982.0,1.147423988645537e-05,0.00014420260038682404,83.14600741115969,0,1,0
2019,3,Florida,109,Tomatoes,8.374945054945057,1.7279585730800466,10.06,9.99,40275.0,442.5824175824176,47189.0,5.699340659340659,91,388.0,Tomatoes,10858982.0,110763.0,98038.4,Exact,1,4,0,0,1,0,10858982.0,0.0,0.9999958284293105,98.0379910258841,10.858982,,,20.63247653260434,46.94585839888945,1.2132718609460504,8.374945054945057,,40275.0,10858982.0,1.4089470087458567e-05,0.00016823358237006369,88.80382232467585,0,1,0
2019,4,New York,109,Tomatoes,8.113707865168537,1.4677010331734268,10.12,9.85,59781.0,671.6966292134831,69989.0,5.608314606741573,89,388.0,Tomatoes,10858982.0,110763.0,98038.4,Exact,1,4,0,0,1,0,10858982.0,0.0,0.9999958284293105,98.0379910258841,10.858982,,,18.089153042767826,44.67283728012179,-0.2810699055805861,8.113707865168537,,59781.0,10858982.0,2.026094446553118e-05,0.0002497125211089951,89.23829052464879,0,1,0
2019,5,Illinois,109,Tomatoes,8.228024691358026,1.8708069246671915,10.09,9.98,48521.0,599.0246913580247,57036.0,5.713703703703705,81,388.0,Tomatoes,10858982.0,110763.0,98038.4,Exact,1,4,0,0,1,0,10858982.0,0.0,0.9999958284293105,98.0379910258841,10.858982,,,22.737011553114538,44.0050992848037,0.372850802025624,8.228024691358026,,48521.0,10858982.0,1.667640650771023e-05,0.00020267812911676874,88.77851522149872,0,1,0
2019,6,Pennsylvania,109,Tomatoes,8.166756756756754,1.9635361643701235,10.2,9.92,46242.0,624.8918918918919,54710.0,5.598378378378377,74,388.0,Tomatoes,10858982.0,110763.0,98038.4,Exact,1,4,0,0,1,0,10858982.0,0.0,0.9999958284293105,98.0379910258841,10.858982,,,24.043034742593434,45.877184512889826,0.02238296204531392,8.166756756756754,,46242.0,10858982.0,1.5774782271629644e-05,0.00019315846842846642,87.72456832203311,0,1,0
2019,7,Ohio,109,Tomatoes,8.173661971830988,2.1652200412340936,10.01,9.97,35994.0,506.9577464788732,43262.0,5.694507042253523,71,388.0,Tomatoes,10858982.0,110763.0,98038.4,Exact,1,4,0,0,1,0,10858982.0,0.0,0.9999958284293105,98.0379910258841,10.858982,,,26.490207800324058,43.53590067027775,0.061882511481992995,8.173661971830988,,35994.0,10858982.0,1.2289208973085903e-05,0.00015035132374495523,85.75099379745372,0,1,0
2019,8,Georgia,109,Tomatoes,8.12946666666667,1.4566556414120866,10.21,9.93,42073.0,560.9733333333334,49284.0,5.607599999999999,75,388.0,Tomatoes,10858982.0,110763.0,98038.4,Exact,1,4,0,0,1,0,10858982.0,0.0,0.9999958284293105,98.0379910258841,10.858982,,,17.918219006725565,44.9722994983,-0.19092563749530167,8.12946666666667,,42073.0,10858982.0,1.4287053756112613e-05,0.0001757440474501723,86.55593759747114,0,1,0
2019,9,North Carolina,109,Tomatoes,8.153536585365856,1.5162717206173013,10.09,9.79,43351.0,528.670731707317,51004.0,5.637926829268295,82,388.0,Tomatoes,10858982.0,110763.0,98038.4,Exact,1,4,0,0,1,0,10858982.0,0.0,0.9999958284293105,98.0379910258841,10.858982,,,18.59649128623202,44.61941121758126,-0.05323970977626011,8.153536585365856,,43351.0,10858982.0,1.4764620481343678e-05,0.00018108240917007152,87.05619165987162,0,1,0
2020,1,California,109,Tomatoes,8.119863013698632,2.0270281291905348,10.2,9.99,37516.0,513.917808219178,45098.0,5.5698630136986305,73,388.0,Tomatoes,10939109.0,110440.0,99050.2,Exact,1,1,1,0,1,1,10939109.0,0.0,1.0000004490312882,99.0502444766389,10.939109,7.877906976744182,3.0713238639236504,24.9638217513132,45.78209542547961,-0.245860923522695,7.998884995221407,0.17108875447951463,40855.5,10899045.5,1.2631343249181245e-05,0.00015556103874993346,85.52285865865456,0,1,0
2020,10,Michigan,109,Tomatoes,8.61129411764706,1.5715769970647577,10.02,9.98,41788.0,491.6235294117647,50353.0,5.72564705882353,85,388.0,Tomatoes,10939109.0,110440.0,99050.2,Exact,1,1,1,0,1,1,10939109.0,0.0,1.0000004490312882,99.0502444766389,10.939109,8.353222222222225,3.089489164292562,18.250183719124596,50.39861921591188,2.5652473441349692,8.482258169934642,0.18248438728856567,43880.0,10939109.0,1.4921219394087838e-05,0.00017327499432994508,91.62751426217307,0,1,0
2020,11,New Jersey,109,Tomatoes,8.174255319148937,1.768300009432364,10.01,9.98,48049.0,511.1595744680851,57336.0,5.55372340425532,94,388.0,Tomatoes,10939109.0,110440.0,99050.2,Exact,1,1,1,0,1,1,10939109.0,0.0,1.0000004490312882,99.0502444766389,10.939109,8.306162790697677,-1.588067497261994,21.632551717463,47.1851355234173,0.06527660586811823,8.240209054923307,0.09327266762128536,50447.5,10939109.0,1.6286091084487998e-05,0.00019923638849812225,88.11845120505822,0,1,0
2020,12,Virginia,109,Tomatoes,8.106896551724137,1.943274813504751,10.21,9.99,56568.0,650.2068965517242,67482.0,5.715057471264368,87,388.0,Tomatoes,10939109.0,110440.0,99050.2,Exact,1,1,1,0,1,1,10939109.0,0.0,1.0000004490312882,99.0502444766389,10.939109,8.495119047619047,-4.569947680765206,23.970637852674514,41.85153154602682,-0.3200323143156473,8.301007799671591,0.27451475945645737,55822.5,10939109.0,1.9015588154437703e-05,0.00023456063652858077,88.71552338683844,0,1,0
2020,13,Washington,109,Tomatoes,8.113978494623655,1.7239761547484316,10.01,9.74,45261.0,486.6774193548387,52944.0,5.705483870967741,93,388.0,Tomatoes,10939109.0,110440.0,99050.2,Exact,1,1,1,0,1,1,10939109.0,0.0,1.0000004490312882,99.0502444766389,10.939109,8.218518518518518,-1.272005698585535,21.246989450252336,42.21367859633254,-0.27952183771788697,8.166248506571087,0.07392095980146138,41673.0,10939109.0,1.5227980241691613e-05,0.00018767587628906973,86.98365975052995,0,1,0
2020,14,Arizona,109,Tomatoes,8.135189873417723,1.8610665957300645,10.36,9.84,53489.0,677.0759493670886,63636.0,5.577848101265824,79,388.0,Tomatoes,10939109.0,110440.0,99050.2,Exact,1,1,1,0,1,1,10939109.0,0.0,1.0000004490312882,99.0502444766389,10.939109,8.260735294117646,-1.5197850582298977,22.87674442376845,45.84817882673323,-0.15818746995536404,8.197962583767683,0.08877401832383391,49826.5,10939109.0,1.8043321171596208e-05,0.00022179348549139545,88.56984594550529,0,1,0
2020,15,Massachusetts,109,Tomatoes,8.18021052631579,1.763051017803336,10.04,9.96,58761.0,618.5368421052632,70175.0,5.609684210526315,95,388.0,Tomatoes,10939109.0,110440.0,99050.2,Exact,1,1,1,0,1,1,10939109.0,0.0,1.0000004490312882,99.0502444766389,10.939109,8.165862068965518,0.1757127077225929,21.55263623266895,45.82301283494711,0.09934187354826632,8.173036297640653,0.01014589149194291,53856.0,10939109.0,1.9931407395295145e-05,0.00024365396625399406,89.82894229395609,0,1,0
2020,2,Texas,109,Tomatoes,8.033076923076923,1.6801889393145262,10.34,9.97,46730.0,513.5164835164835,57003.0,5.650879120879121,91,388.0,Tomatoes,10939109.0,110440.0,99050.2,Exact,1,1,1,0,1,1,10939109.0,0.0,1.0000004490312882,99.0502444766389,10.939109,7.957027027027026,0.9557576691845319,20.915882611403656,42.156233591972466,-0.7422989692715798,7.995051975051974,0.053775397205414036,40626.0,10939109.0,1.5565461944403496e-05,0.00019376712178229,86.37295274957678,0,1,0
2020,3,Florida,109,Tomatoes,8.183673469387752,1.7129527095229649,10.02,9.84,47344.0,483.1020408163265,56314.0,5.639897959183672,98,388.0,Tomatoes,10939109.0,110440.0,99050.2,Exact,1,1,1,0,1,1,10939109.0,0.0,1.0000004490312882,99.0502444766389,10.939109,8.374945054945057,-2.283854811015942,20.931342335816787,45.10321868611024,0.11915077009919259,8.279309262166404,0.13524943519587285,43809.5,10939109.0,1.6065622119592596e-05,0.0001963130882443984,88.0990166339481,0,1,0
2020,4,New York,109,Tomatoes,7.937971014492754,1.2980636933866772,10.06,9.95,33507.0,485.60869565217394,39975.0,5.434492753623187,69,388.0,Tomatoes,10939109.0,110440.0,99050.2,Exact,1,1,1,0,1,1,10858982.0,0.7378868479568342,1.0000004490312882,99.0502444766389,10.939109,8.113707865168537,-2.165925290830437,16.35258797262848,46.0664568777002,-1.286328445175711,8.025839439830646,0.12426471881721436,46644.0,10939109.0,1.1028827947700046e-05,0.00013893761929294223,82.71000249784508,0,1,0
2020,5,Illinois,109,Tomatoes,8.274024390243902,1.7369263755167268,10.06,9.97,43665.0,532.5,52522.0,5.557073170731708,82,388.0,Tomatoes,10939109.0,110440.0,99050.2,Exact,1,1,1,0,1,1,10939109.0,0.0,1.0000004490312882,99.0502444766389,10.939109,8.228024691358026,0.5590612645364257,20.992521820032074,48.891766151685374,0.6359805323355273,8.251024540800964,0.03252669901474185,46093.0,10939109.0,1.4980784908853654e-05,0.0001810580220976609,88.40236602574342,0,1,0
2020,6,Pennsylvania,109,Tomatoes,8.136477272727275,1.5867258559708004,10.14,9.95,48780.0,554.3181818181819,57281.0,5.680795454545457,88,388.0,Tomatoes,10939109.0,110440.0,99050.2,Exact,1,1,1,0,1,1,10939109.0,0.0,1.0000004490312882,99.0502444766389,10.939109,8.166756756756754,-0.37076510212488073,19.501386199275206,43.22778100058007,-0.15082322537706694,8.151617014742015,0.021410828488074914,47511.0,10939109.0,1.6457449037966466e-05,0.0002022674984065933,87.8340546584694,0,1,0
2020,7,Ohio,109,Tomatoes,8.584520547945203,1.8151239941544632,10.06,9.88,32720.0,448.2191780821918,39171.0,5.857945205479453,73,388.0,Tomatoes,10939109.0,110440.0,99050.2,Exact,1,1,1,0,1,1,10939109.0,0.0,1.0000004490312882,99.0502444766389,10.939109,8.173661971830988,5.026615702119358,21.144151080038274,46.544910319668816,2.41209585954458,8.379091259888096,0.2905208852790108,34357.0,10939109.0,1.1646988502950808e-05,0.00013567430397424626,89.24272137262832,0,1,0
2020,8,Georgia,109,Tomatoes,8.25689655172414,1.7103537716091775,10.05,9.85,46173.0,530.7241379310345,55966.0,5.698045977011494,87,388.0,Tomatoes,10939109.0,110440.0,99050.2,Exact,1,1,1,0,1,1,10939109.0,0.0,1.0000004490312882,99.0502444766389,10.939109,8.12946666666667,1.567506089667262,20.714244884805236,44.907510136566295,0.5380050316332715,8.193181609195404,0.0901065358499595,44123.0,10939109.0,1.5808448314603724e-05,0.00019145750725558903,88.6804903745067,0,1,0
2020,9,North Carolina,109,Tomatoes,8.291739130434783,1.5300778109027269,10.39,9.79,30844.0,447.0144927536232,36375.0,5.7550724637681165,69,388.0,Tomatoes,10939109.0,110440.0,99050.2,Exact,1,1,1,0,1,1,10939109.0,0.0,1.0000004490312882,99.0502444766389,10.939109,8.153536585365856,1.695001225811331,18.453038461938398,44.077058675396614,0.7373132567192461,8.22263785790032,0.09772395679547746,37097.5,10939109.0,1.0604754812680436e-05,0.00012789542273171307,85.70946813786423,0,1,0
2021,1,California,109,Tomatoes,8.115599999999999,1.500846824026086,10.38,9.75,30475.0,406.3333333333333,35988.0,5.583866666666667,75,388.0,Tomatoes,10445714.0,112180.0,93115.7,Exact,1,2,2,0,1,2,10445714.0,0.0,0.9999994996993614,93.11565341415582,10.445714,8.119863013698632,-0.052501054407461285,18.493356301765566,45.34014661286083,-0.27024642325415565,8.117731506849315,0.0030144058945947125,37395.333333333336,10692411.5,1.073970801009762e-05,0.00013233412206241832,83.79109285587693,0,1,0
2021,10,Michigan,109,Tomatoes,7.9566233766233765,1.7876223626794352,10.16,9.87,34163.0,443.6753246753247,40559.0,5.47896103896104,77,388.0,Tomatoes,10445714.0,112180.0,93115.7,Exact,1,2,2,0,1,2,10939109.0,-4.510376484958693,0.9999994996993614,93.11565341415582,10.445714,8.61129411764706,-7.602466389831826,22.46709788892967,45.22138996871146,-1.1796322898541285,8.283958747135218,0.46292212042226816,40641.0,10445714.0,1.1803557733118231e-05,0.0001483488305830483,83.0586164596218,0,1,0
2021,11,New Jersey,109,Tomatoes,8.06367816091954,1.707589838926749,10.17,9.9,43435.0,499.2528735632184,52033.0,5.48816091954023,87,388.0,Tomatoes,10445714.0,112180.0,93115.7,Exact,1,2,2,0,1,2,10445714.0,0.0,0.9999994996993614,93.11565341415582,10.445714,8.174255319148937,-1.352749013972683,21.17631439214117,46.92860284415774,-0.5672522699300415,8.118966740034239,0.07818985842834436,48110.0,10445714.0,1.5209016738567097e-05,0.00018861140580085775,86.11237282867279,0,1,0
2021,12,Virginia,109,Tomatoes,8.267613636363636,1.744666087551796,10.07,9.94,45640.0,518.6363636363636,54569.0,5.71181818181818,88,388.0,Tomatoes,10445714.0,112180.0,93115.7,Exact,1,2,2,0,1,2,10445714.0,0.0,0.9999994996993614,93.11565341415582,10.445714,8.106896551724137,1.982473608909175,21.102414363900497,44.74574247970719,0.5993094240358292,8.187255094043888,0.11364414040112203,52428.333333333336,10445714.0,1.638528255170866e-05,0.00019818636032580057,88.69960312805209,0,1,0
2021,13,Washington,109,Tomatoes,7.955822784810129,1.5927581363825014,10.01,9.94,36081.0,456.72151898734177,42793.0,5.601392405063292,79,388.0,Tomatoes,10445714.0,112180.0,93115.7,Exact,1,2,2,0,1,2,10445714.0,0.0,0.9999994996993614,93.11565341415582,10.445714,8.113978494623655,-1.9491758564349217,20.02003035341006,42.03294840794561,-1.184211874351642,8.034900639716891,0.11183297489251603,39809.0,10445714.0,1.2464985929167398e-05,0.00015667752118569698,83.4848194499312,0,1,0
2021,14,Arizona,109,Tomatoes,7.871204819277108,1.5566203208846805,10.22,9.98,42991.0,517.9638554216867,49401.0,5.482289156626507,83,388.0,Tomatoes,10445714.0,112180.0,93115.7,Exact,1,2,2,0,1,2,10445714.0,0.0,0.9999994996993614,93.11565341415582,10.445714,8.135189873417723,-3.244977170148215,19.77613791820552,43.575148891281856,-1.6682477047886397,8.003197346347415,0.18666562191472644,47548.0,10445714.0,1.4694231813120271e-05,0.00018668338774685566,83.97606857278383,0,1,0
2021,15,Massachusetts,109,Tomatoes,7.945769230769231,1.692131153946952,10.0,9.98,38231.0,490.14102564102564,44835.0,5.499487179487179,78,388.0,Tomatoes,10445714.0,112180.0,93115.7,Exact,1,2,2,0,1,2,10445714.0,0.0,0.9999994996993614,93.11565341415582,10.445714,8.18021052631579,-2.8659567475966536,21.2960017438505,44.482002983961216,-1.241720706529019,8.06298987854251,0.1657750298711315,48647.666666666664,10445714.0,1.3191061095112113e-05,0.0001660136446453918,83.83921305753456,0,1,0
2021,2,Texas,109,Tomatoes,8.217157894736843,1.6740527096851021,10.04,9.88,38849.0,408.93684210526317,46227.0,5.635684210526317,95,388.0,Tomatoes,10445714.0,112180.0,93115.7,Exact,1,2,2,0,1,2,10445714.0,0.0,0.9999994996993614,93.11565341415582,10.445714,8.033076923076923,2.291537519466594,20.372648683766275,45.80586114794822,0.3106900198135797,8.125117408906883,0.13016490334813832,40033.666666666664,10445714.0,1.386211835646577e-05,0.00016869723734217848,86.8345149414197,0,1,0
2021,3,Florida,109,Tomatoes,8.308421052631578,1.8209971057435916,10.12,9.94,43263.0,455.4,51568.0,5.744947368421053,95,388.0,Tomatoes,10445714.0,112180.0,93115.7,Exact,1,2,2,0,1,2,10445714.0,0.0,0.9999994996993614,93.11565341415582,10.445714,8.183673469387752,1.5243470271689448,21.9174870195922,44.62136064642614,0.83273800503301,8.246047261009664,0.08820986204834258,43627.333333333336,10445714.0,1.5608574991460847e-05,0.00018786451592408217,88.69302750122631,0,1,0
2021,4,New York,109,Tomatoes,8.463493975903615,1.806623608494073,10.0,9.88,56065.0,675.4819277108434,68180.0,5.678915662650601,83,388.0,Tomatoes,10445714.0,112180.0,93115.7,Exact,1,2,2,0,1,2,10445714.0,0.0,0.9999994996993614,93.11565341415582,10.445714,7.937971014492754,6.620368863169038,21.346073071449037,49.0336268165907,1.719793735118858,8.200732495198185,0.3716008496828566,49784.333333333336,10445714.0,2.0604858769908617e-05,0.00024345570314780914,92.54225393488623,0,1,0
2021,5,Illinois,109,Tomatoes,8.157037037037036,1.6445603093566112,10.2,9.98,48554.0,599.4320987654321,56677.0,5.620123456790125,81,388.0,Tomatoes,10445714.0,112180.0,93115.7,Exact,1,2,2,0,1,2,10445714.0,0.0,0.9999994996993614,93.11565341415582,10.445714,8.274024390243902,-1.4139111475766126,20.16124607365988,45.13981943193543,-0.033216254699185495,8.215530713640469,0.08272255076564101,46913.333333333336,10445714.0,1.7198302142097447e-05,0.00021084006440094045,88.0181203220543,0,1,0
2021,6,Pennsylvania,109,Tomatoes,8.144117647058824,1.608783015798818,10.09,9.9,36065.0,530.3676470588235,43803.0,5.645735294117649,68,388.0,Tomatoes,10445714.0,112180.0,93115.7,Exact,1,2,2,0,1,2,10445714.0,0.0,0.9999994996993614,93.11565341415582,10.445714,8.136477272727275,0.09390273057308249,19.753926521184475,44.252559193560955,-0.10711838195374286,8.140297459893048,0.0054025605006420615,43695.666666666664,10445714.0,1.2754343271369507e-05,0.00015660804305762485,85.45708870678801,0,1,0
2021,7,Ohio,109,Tomatoes,8.343809523809524,1.5383279177596714,10.13,9.82,48114.0,572.7857142857143,56297.0,5.726190476190476,84,388.0,Tomatoes,10445714.0,112180.0,93115.7,Exact,1,2,2,0,1,2,10445714.0,0.0,0.9999994996993614,93.11565341415582,10.445714,8.584520547945203,-2.804012440663283,18.436757375272855,45.71309771309772,1.0351688709444362,8.464165035877365,0.1702083974726976,38942.666666666664,10445714.0,1.743267250014797e-05,0.00020892941587895636,89.95752461666912,0,1,0
2021,8,Georgia,109,Tomatoes,8.155925925925924,1.696720202167831,10.14,9.89,45001.0,555.5679012345679,53855.0,5.664320987654322,81,388.0,Tomatoes,10445714.0,112180.0,93115.7,Exact,1,2,2,0,1,2,10445714.0,0.0,0.9999994996993614,93.11565341415582,10.445714,8.25689655172414,-1.2228641253490256,20.8035263877805,43.987707329831466,-0.03957208689140061,8.206411238825032,0.07139701420256736,44415.666666666664,10445714.0,1.5937623518590834e-05,0.00019541157758591919,87.38636013891127,0,1,0
2021,9,North Carolina,109,Tomatoes,7.801052631578944,1.5446747737873225,10.02,9.99,44998.0,473.66315789473686,52660.0,5.4914736842105265,95,388.0,Tomatoes,10445714.0,112180.0,93115.7,Exact,1,2,2,0,1,2,10445714.0,0.0,0.9999994996993614,93.11565341415582,10.445714,8.291739130434783,-5.91777540437538,19.80085056130019,42.05754375203659,-2.0695356844222537,8.046395881006863,0.3469677507776486,39731.0,10445714.0,1.5243143760925339e-05,0.00019539855043690567,83.58356357211119,0,1,0
2022,1,California,109,Tomatoes,8.123373493975901,1.6247508455208053,10.36,9.9,34693.0,417.9879518072289,40191.0,5.507469879518073,83,388.0,Tomatoes,10234317.0,110076.0,92975.0,Exact,1,3,3,1,1,3,10234317.0,0.0,1.0000000879394375,92.9750081761692,10.234317,8.115599999999999,0.09578458741069315,20.000937378118604,47.49737486874337,-0.22578010232193602,8.119486746987949,0.0054966903038732315,34228.0,10340015.5,1.2490668141037514e-05,0.00015376208111445686,84.92436255983455,0,1,0
2022,10,Michigan,109,Tomatoes,8.28467391304348,1.7115923124819052,10.04,9.87,34698.0,377.1521739130435,40572.0,5.577717391304348,92,388.0,Tomatoes,10234317.0,110076.0,92975.0,Exact,1,3,3,1,1,3,10234317.0,0.0,1.0000000879394375,92.9750081761692,10.234317,7.9566233766233765,4.1229868612848914,20.659742682052407,48.53161843515545,0.6968984541926796,8.120648644833429,0.23196675887454005,36883.0,10234317.0,1.2740522938280306e-05,0.00015378424150432147,86.6118429634758,0,1,0
2022,11,New Jersey,109,Tomatoes,7.825499999999998,1.6477586618176028,10.26,9.84,41789.0,522.3625,47643.0,5.460124999999999,80,388.0,Tomatoes,10234317.0,110076.0,92975.0,Exact,1,3,3,1,1,3,10445714.0,-2.023767834348136,1.0000000879394375,92.9750081761692,10.234317,8.06367816091954,-2.9537161102717113,21.056273232606266,43.32089466816236,-1.929690650319345,7.944589080459769,0.168417392716749,44424.333333333336,10234317.0,1.4493773387136898e-05,0.00018521210641028561,83.26654688751105,0,1,0
2022,12,Virginia,109,Tomatoes,8.2225,1.60484127478121,10.02,9.61,40468.0,459.8636363636364,48269.0,5.574545454545454,88,388.0,Tomatoes,10234317.0,110076.0,92975.0,Exact,1,3,3,1,1,3,10234317.0,0.0,1.0000000879394375,92.9750081761692,10.234317,8.267613636363636,-0.5456669644697938,19.517680447323926,47.50081539465102,0.34124819195877265,8.24505681818182,0.03190015819671117,47558.666666666664,10234317.0,1.474765657502777e-05,0.00017935733140806044,87.2266770881836,0,1,0
2022,13,Washington,109,Tomatoes,8.033763440860218,1.4988364428989391,10.04,9.86,43295.0,465.5376344086022,50105.0,5.563870967741935,93,388.0,Tomatoes,10234317.0,110076.0,92975.0,Exact,1,3,3,1,1,3,10234317.0,0.0,1.0000000879394375,92.9750081761692,10.234317,7.955822784810129,0.9796680765551884,18.65671616960694,44.39162028447749,-0.7383719166267435,7.994793112835174,0.05511236642314612,41545.666666666664,10234317.0,1.5415732858583905e-05,0.00019188681583750066,85.76697651407864,0,1,0
2022,14,Arizona,109,Tomatoes,7.989759036144581,1.9081481099539968,10.0,9.76,36766.0,442.96385542168673,44121.0,5.495783132530121,83,388.0,Tomatoes,10234317.0,110076.0,92975.0,Exact,1,3,3,1,1,3,10234317.0,0.0,1.0000000879394375,92.9750081761692,10.234317,7.871204819277108,1.5061762409882373,23.88242375423082,45.3798092732654,-0.9900880675085226,7.9304819277108445,0.08383049068525067,44415.333333333336,10234317.0,1.3019294672240823e-05,0.00016294977875231666,83.99119120406989,0,1,0
2022,15,Massachusetts,109,Tomatoes,8.19157894736842,1.6662790217353982,10.05,9.98,40598.0,427.34736842105264,47432.0,5.630315789473687,95,388.0,Tomatoes,10234317.0,110076.0,92975.0,Exact,1,3,3,1,1,3,10234317.0,0.0,1.0000000879394375,92.9750081761692,10.234317,7.945769230769231,3.093592444735428,20.341365595587618,45.49057732575522,0.16437207239912258,8.068674089068825,0.17381371748883018,45863.333333333336,10234317.0,1.4739394831785355e-05,0.00017993350154453985,86.92492947172903,0,1,0
2022,2,Texas,109,Tomatoes,7.939682539682542,1.849643355556615,10.12,9.84,31090.0,493.4920634920635,36545.0,5.577619047619047,63,388.0,Tomatoes,10234317.0,110076.0,92975.0,Exact,1,3,3,1,1,3,10234317.0,0.0,1.0000000879394375,92.9750081761692,10.234317,8.217157894736843,-3.376780130171609,23.296187804891385,42.34895699934551,-1.2765380949665759,8.078420217209693,0.1962047051710415,38889.666666666664,10234317.0,1.0940350912674861e-05,0.000137793304178032,82.13342489433012,0,1,0
2022,3,Florida,109,Tomatoes,7.820212765957448,1.6465121028348126,10.3,9.93,37514.0,399.0851063829787,43520.0,5.569893617021277,94,388.0,Tomatoes,10234317.0,110076.0,92975.0,Exact,1,3,3,1,1,3,10234317.0,0.0,1.0000000879394375,92.9750081761692,10.234317,8.308421052631578,-5.876065784117871,21.054569128890268,40.401474492427006,-1.9599349454212127,8.064316909294513,0.34521539013874325,42707.0,10234317.0,1.3002274649809726e-05,0.0001662649730760596,82.36636070870611,0,1,0
2022,4,New York,109,Tomatoes,8.279200000000001,1.6731131042040943,10.08,9.98,35014.0,466.85333333333335,41654.0,5.654133333333329,75,388.0,Tomatoes,10234317.0,110076.0,92975.0,Exact,1,3,3,1,1,3,10234317.0,0.0,1.0000000879394375,92.9750081761692,10.234317,8.463493975903615,-2.1775164775719924,20.208632527346772,46.42739235013927,0.6655863087274655,8.371346987951808,0.13031552009327577,41528.666666666664,10234317.0,1.2848058152078484e-05,0.0001551847781437637,86.62967264488597,0,1,0
2022,5,Illinois,109,Tomatoes,8.122638888888888,1.506003940154915,10.04,9.94,34747.0,482.59722222222223,40780.0,5.546111111111113,72,388.0,Tomatoes,10234317.0,110076.0,92975.0,Exact,1,3,3,1,1,3,10234317.0,0.0,1.0000000879394375,92.9750081761692,10.234317,8.157037037037036,-0.4216990555757271,18.540821040499615,46.4564760092156,-0.22998222631647708,8.139837962962961,0.024323163815814546,42322.0,10234317.0,1.2508978688174517e-05,0.00015400141332499447,84.92931553690242,0,1,0
2022,6,Pennsylvania,109,Tomatoes,8.379793814432986,1.7462185211797918,10.07,9.93,39462.0,406.82474226804123,45875.0,5.605154639175258,97,388.0,Tomatoes,10234317.0,110076.0,92975.0,Exact,1,3,3,1,1,3,10234317.0,0.0,1.0000000879394375,92.9750081761692,10.234317,8.144117647058824,2.8938207622685153,20.83844256611878,49.50156336214817,1.2410079724271672,8.261955730745905,0.16664821611432593,41435.666666666664,10234317.0,1.4656147173264308e-05,0.00017489866096730456,88.68435348314541,0,1,0
2022,7,Ohio,109,Tomatoes,8.09184210526316,1.6791273213796227,10.06,9.86,33583.0,441.88157894736844,39753.0,5.517236842105263,76,388.0,Tomatoes,10234317.0,110076.0,92975.0,Exact,1,3,3,1,1,3,10234317.0,0.0,1.0000000879394375,92.9750081761692,10.234317,8.343809523809524,-3.0198126866074935,20.750866113507968,46.66475877036086,-0.4061474962230284,8.217825814536342,0.17816787029220324,38139.0,10234317.0,1.2044098027327234e-05,0.00014884247456451748,84.33160085218836,0,1,0
2022,8,Georgia,109,Tomatoes,8.114942528735634,1.6777226213927812,10.01,9.96,34787.0,399.85057471264366,40843.0,5.566436781609197,87,388.0,Tomatoes,10234317.0,110076.0,92975.0,Exact,1,3,3,1,1,3,10234317.0,0.0,1.0000000879394375,92.9750081761692,10.234317,8.155925925925924,-0.5024983988637373,20.674485561072512,45.783431072933,-0.2740073225789105,8.13543422733078,0.028979638069315902,41987.0,10234317.0,1.2511512607977164e-05,0.0001541786964439112,84.8581794456209,0,1,0
2022,9,North Carolina,109,Tomatoes,8.234571428571432,1.4847189610747014,10.03,9.96,32447.0,463.5285714285714,38620.0,5.593285714285713,70,388.0,Tomatoes,10234317.0,110076.0,92975.0,Exact,1,3,3,1,1,3,10234317.0,0.0,1.0000000879394375,92.9750081761692,10.234317,7.801052631578944,5.5571833375099615,18.030312493534066,47.2224350624474,0.410299768847058,8.017812030075188,0.3065440811252221,36096.333333333336,10234317.0,1.1841942340421321e-05,0.00014380763398728222,85.53573856571735,0,1,0
2023,1,California,109,Tomatoes,8.4625,1.768618498264977,10.14,9.99,34822.0,435.275,41738.0,5.737499999999999,80,388.0,Tomatoes,12370057.0,122135.0,101281.8,Exact,1,4,4,1,1,4,12370057.0,0.0,1.0000003522216216,101.28183567363982,12.370057,8.123373493975901,4.174700403417218,20.899480038581707,47.49455337690635,1.7141079454770245,8.292936746987952,0.2397986520897412,33330.0,11302187.0,1.0805551787203801e-05,0.00012768746572766677,88.50110736816694,0,1,0
2023,10,Michigan,109,Tomatoes,8.120873786407765,1.5711661129562937,10.04,9.99,39788.0,386.29126213592235,46539.0,5.59631067961165,103,388.0,Tomatoes,12370057.0,122135.0,101281.8,Exact,1,4,4,1,1,4,12370057.0,0.0,1.0000003522216216,101.28183567363982,12.370057,8.28467391304348,-1.9771463349671097,19.347254424591824,45.111203636237434,-0.24007905197134746,8.202773849725624,0.1158241803033296,36216.333333333336,12370057.0,1.18481195126789e-05,0.0001458971020151745,86.01098223581398,0,1,0
2023,11,New Jersey,109,Tomatoes,8.068089887640449,1.6955475626719947,10.05,9.9,35782.0,402.0449438202247,41812.0,5.671797752808988,89,388.0,Tomatoes,12370057.0,122135.0,101281.8,Exact,1,4,4,1,1,4,12370057.0,0.0,1.0000003522216216,101.28183567363982,12.370057,7.825499999999998,3.0999921748188703,21.015476851211258,42.24925216426633,-0.5420160946856402,7.9467949438202234,0.1715369545978453,40335.333333333336,12370057.0,1.0585951397176565e-05,0.00013120765316947255,84.59576360414665,0,1,0
2023,12,Virginia,109,Tomatoes,7.9974193548387085,1.7581251768424815,10.07,9.84,44307.0,476.4193548387097,52563.0,5.551612903225806,93,388.0,Tomatoes,12370057.0,122135.0,101281.8,Exact,1,4,4,1,1,4,12370057.0,0.0,1.0000003522216216,101.28183567363982,12.370057,8.2225,-2.7373748271364144,21.983656212535067,44.055781522370715,-0.9462691373656427,8.109959677419354,0.15915605050739243,43471.666666666664,12370057.0,1.2993219368432467e-05,0.00016246765102509138,85.56375409560648,0,1,0
2023,13,Washington,109,Tomatoes,8.297857142857145,1.8133069513537645,10.1,9.97,29051.0,345.8452380952381,35113.0,5.636309523809522,84,388.0,Tomatoes,12370057.0,122135.0,101281.8,Exact,1,4,4,1,1,4,12370057.0,0.0,1.0000003522216216,101.28183567363982,12.370057,8.033763440860218,3.2872974657646785,21.852713539599463,47.221459499419254,0.772309810995022,8.165810291858682,0.18674244755068647,36142.333333333336,12370057.0,8.839375764325535e-06,0.00010652600559572822,85.27577183024046,0,1,0
2023,14,Arizona,109,Tomatoes,8.20764705882353,1.774264198302539,10.05,9.79,40061.0,471.3058823529412,47317.0,5.6658823529411775,85,388.0,Tomatoes,12370057.0,122135.0,101281.8,Exact,1,4,4,1,1,4,12370057.0,0.0,1.0000003522216216,101.28183567363982,12.370057,7.989759036144581,2.72709128890188,21.61720875162557,44.86088039867109,0.25628567044815176,8.098703047484056,0.15407009837561358,39939.333333333336,12370057.0,1.2056882124500835e-05,0.000146898155318938,86.98614990420467,0,1,0
2023,15,Massachusetts,109,Tomatoes,8.365360824742266,1.9653535845234855,10.01,9.89,38695.0,398.91752577319585,46260.0,5.588041237113401,97,388.0,Tomatoes,12370057.0,122135.0,101281.8,Exact,1,4,4,1,1,4,12370057.0,0.0,1.0000003522216216,101.28183567363982,12.370057,8.19157894736842,2.1214698471492435,23.493948745289625,49.70112906796545,1.1584476779716129,8.278469886055344,0.12288234393837587,39174.666666666664,12370057.0,1.186954538654995e-05,0.0001418892219382019,88.36741808791925,0,1,0
2023,2,Texas,109,Tomatoes,8.370779220779221,1.9092308772698074,10.37,9.99,29217.0,379.4415584415584,34334.0,5.708831168831169,77,388.0,Tomatoes,12370057.0,122135.0,101281.8,Exact,1,4,4,1,1,4,12370057.0,0.0,1.0000003522216216,101.28183567363982,12.370057,7.939682539682542,5.429646323288847,22.808281366810203,46.6286000272988,1.189442252337272,8.155230880230881,0.3048313865504767,33052.0,12370057.0,8.968009597111715e-06,0.00010713470467420711,86.07287415013148,0,1,0
2023,3,Florida,109,Tomatoes,8.127263157894737,1.6647301500736955,10.02,9.94,33558.0,353.2421052631579,40118.0,5.578736842105265,95,388.0,Tomatoes,12370057.0,122135.0,101281.8,Exact,1,4,4,1,1,4,12370057.0,0.0,1.0000003522216216,101.28183567363982,12.370057,7.820212765957448,3.926368771882069,20.483280997940795,45.68285595682851,-0.2035302562849305,7.973737961926092,0.21711741430484371,38111.666666666664,12370057.0,1.0000804744889288e-05,0.00012305255226262253,84.69469995245132,0,1,0
2023,4,New York,109,Tomatoes,8.17659090909091,1.7473111601804414,10.06,9.98,49517.0,562.6931818181819,58379.0,5.633068181818181,88,388.0,Tomatoes,12370057.0,122135.0,101281.8,Exact,1,4,4,1,1,4,10234317.0,20.868417501627125,1.0000003522216216,101.28183567363982,12.370057,8.279200000000001,-1.2393599732956213,21.369678141017708,45.15341631195663,0.07863676183502154,8.227895454545456,0.07255558399320523,46865.333333333336,12370057.0,1.4846399777974576e-05,0.00018157200162072473,88.3896960392304,0,1,0
2023,5,Illinois,109,Tomatoes,8.035185185185185,1.6548112514053617,10.27,9.98,42672.0,526.8148148148148,49918.0,5.574691358024692,81,388.0,Tomatoes,12370057.0,122135.0,101281.8,Exact,1,4,4,1,1,4,12370057.0,0.0,1.0000003522216216,101.28183567363982,12.370057,8.122638888888888,-1.076666153697081,20.594562704745226,44.13686192005312,-0.7302391851119947,8.078912037037036,0.0618391069287677,41991.0,12370057.0,1.2572841622764554e-05,0.00015647233178826597,85.66569402339799,0,1,0
2023,6,Pennsylvania,109,Tomatoes,7.764625,1.6899591364620015,10.18,9.86,30656.0,383.2,36923.0,5.493250000000001,80,388.0,Tomatoes,12370057.0,122135.0,101281.8,Exact,1,4,4,1,1,4,12370057.0,0.0,1.0000003522216216,101.28183567363982,12.370057,8.379793814432986,-7.3410972639141425,21.764851959521568,41.34847312610929,-2.2779108065502673,8.072209407216492,0.43499004026005367,35394.333333333336,12370057.0,8.728317375962376e-06,0.00011241131897499722,80.21336159056406,0,1,0
2023,7,Ohio,109,Tomatoes,8.181780821917808,1.7687796659983726,10.02,9.8,34176.0,468.16438356164383,39676.0,5.623287671232877,73,388.0,Tomatoes,12370057.0,122135.0,101281.8,Exact,1,4,4,1,1,4,12370057.0,0.0,1.0000003522216216,101.28183567363982,12.370057,8.09184210526316,1.1114739448036182,21.618516854668943,45.49817295980512,0.10832435535300755,8.136811463590483,0.0635962764377175,38624.333333333336,12370057.0,1.0253299147928325e-05,0.00012531867292828498,85.4121314791434,0,1,0
2023,8,Georgia,109,Tomatoes,8.39974358974359,1.5345171196642904,10.04,9.89,35101.0,450.0128205128205,41131.0,5.775384615384614,78,388.0,Tomatoes,12370057.0,122135.0,101281.8,Exact,1,4,4,1,1,4,12370057.0,0.0,1.0000003522216216,101.28183567363982,12.370057,8.114942528735634,3.5095881455654614,18.26861859852478,45.44041910850651,1.3551256541590835,8.257343059239613,0.20138476152784923,38296.333333333336,12370057.0,1.0811353670072214e-05,0.00012871052020294157,87.91182886507976,0,1,0
2023,9,North Carolina,109,Tomatoes,8.101489361702127,1.7771004276610642,10.14,9.6,44224.0,470.468085106383,51634.0,5.734361702127661,94,388.0,Tomatoes,12370057.0,122135.0,101281.8,Exact,1,4,4,1,1,4,12370057.0,0.0,1.0000003522216216,101.28183567363982,12.370057,8.234571428571432,-1.6161383506560019,21.935478136426195,41.27970613880485,-0.3509627874858294,8.168030395136778,0.09410323193760692,40556.333333333336,12370057.0,1.313764261846124e-05,0.00016216330148585193,86.66200047404864,0,1,0
2019,1,California,110,Lettuce,13.502151898734182,3.186196056422815,10.05,9.96,31667.0,400.8481012658228,36846.0,9.253544303797469,79,372.0,Lettuce and chicory,3714083.0,105700.0,35138.0,Approximate,1,4,0,0,0,0,3714083.0,0.0,0.9999990307172697,35.137965941343424,3.714083,,,23.597690800097716,45.913300411747855,0.552565078460271,13.502151898734182,,31667.0,3714083.0,5.22185206058757e-05,0.00038674220966786156,139.9236370749034,0,1,0
2019,10,Michigan,110,Lettuce,13.612947368421052,2.802118071868102,10.01,9.83,42255.0,444.7894736842105,50366.0,9.235684210526314,95,372.0,Lettuce and chicory,3714083.0,105700.0,35138.0,Approximate,1,4,0,0,0,0,3714083.0,0.0,0.9999990307172697,35.137965941343424,3.714083,,,20.584212926352595,47.395115057158186,0.8848156989019071,13.612947368421052,,42255.0,3714083.0,7.024977274386424e-05,0.0005160511595514412,144.9983311456018,0,1,0
2019,11,New Jersey,110,Lettuce,13.29024691358025,2.5932947071768773,10.0,9.93,49997.0,617.2469135802469,57766.0,9.28506172839506,81,372.0,Lettuce and chicory,3714083.0,105700.0,35138.0,Approximate,1,4,0,0,0,0,3714083.0,0.0,0.9999990307172697,35.137965941343424,3.714083,,,19.51276544401139,43.13579491816144,-0.08289017066723965,13.29024691358025,,49997.0,3714083.0,8.11505836426248e-05,0.0006106025280817278,143.79699332949735,0,1,0
2019,12,Virginia,110,Lettuce,13.109270833333326,2.615809120990318,10.0,9.85,44354.0,462.0208333333333,52105.0,9.12395833333333,96,372.0,Lettuce and chicory,3714083.0,105700.0,35138.0,Approximate,1,4,0,0,0,0,3714083.0,0.0,0.9999990307172697,35.137965941343424,3.714083,,,19.953887247023864,43.679643794953726,-0.6255966108951033,13.109270833333326,,44354.0,3714083.0,7.101105750727427e-05,0.0005416857917582446,140.26894518244018,0,1,0
2019,13,Washington,110,Lettuce,13.378493150684935,2.9179262381359874,10.11,9.96,35366.0,484.4657534246575,41107.0,9.159315068493145,73,372.0,Lettuce and chicory,3714083.0,105700.0,35138.0,Approximate,1,4,0,0,0,0,3714083.0,0.0,0.9999990307172697,35.137965941343424,3.714083,,,21.81057466839305,46.06434051717705,0.18174038789743208,13.378493150684935,,35366.0,3714083.0,5.7784025755019815e-05,0.0004319172952004797,140.12010904941917,0,1,0
2019,14,Arizona,110,Lettuce,13.759342105263158,3.143568815015324,10.04,9.7,36802.0,484.2368421052632,42769.0,9.42171052631579,76,372.0,Lettuce and chicory,3714083.0,105700.0,35138.0,Approximate,1,4,0,0,0,0,3714083.0,0.0,0.9999990307172697,35.137965941343424,3.714083,,,22.84679595118767,46.038684449409956,1.323820491089217,13.759342105263158,,36802.0,3714083.0,6.184203070369465e-05,0.0004494548520603986,144.65656801428247,0,1,0
2019,15,Massachusetts,110,Lettuce,13.352337662337666,3.2284886867191305,10.09,9.92,35856.0,465.6623376623377,42346.0,9.269350649350645,77,372.0,Lettuce and chicory,3714083.0,105700.0,35138.0,Approximate,1,4,0,0,0,0,3714083.0,0.0,0.9999990307172697,35.137965941343424,3.714083,,,24.179201937242663,44.048252865189106,0.10330597847713356,13.352337662337666,,35856.0,3714083.0,5.8470094790528184e-05,0.00043790155903151057,140.02989178698198,0,1,0
2019,2,Texas,110,Lettuce,13.1493670886076,2.98449855848007,10.09,9.91,35865.0,453.9873417721519,42735.0,8.884177215189872,79,372.0,Lettuce and chicory,3714083.0,105700.0,35138.0,Approximate,1,4,0,0,0,0,3714083.0,0.0,0.9999990307172697,35.137965941343424,3.714083,,,22.6968989333775,48.00883379639531,-0.5053569862072527,13.1493670886076,,35865.0,3714083.0,5.759573661719359e-05,0.00043801147408146823,137.9045797274443,0,1,0
2019,3,Florida,110,Lettuce,13.64244186046511,2.7876479379562604,10.06,9.82,37438.0,435.3255813953488,44536.0,9.272674418604653,86,372.0,Lettuce and chicory,3714083.0,105700.0,35138.0,Approximate,1,4,0,0,0,0,3714083.0,0.0,0.9999990307172697,35.137965941343424,3.714083,,,20.433643525611632,47.125211612013196,0.9732630271992178,13.64244186046511,,37438.0,3714083.0,6.237627038761697e-05,0.0004572221822574099,143.66130046619125,0,1,0
2019,4,New York,110,Lettuce,13.085531914893616,2.8332350205668053,10.17,9.71,47676.0,507.1914893617021,57085.0,8.871382978723407,94,372.0,Lettuce and chicory,3714083.0,105700.0,35138.0,Approximate,1,4,0,0,0,0,3714083.0,0.0,0.9999990307172697,35.137965941343424,3.714083,,,21.651661078768146,47.50272811214635,-0.6967842722904471,13.085531914893616,,47676.0,3714083.0,7.619138080603822e-05,0.0005822566579759676,140.9600242121284,0,1,0
2019,5,Illinois,110,Lettuce,12.482048192771082,2.576795021536441,10.14,9.88,49936.0,601.6385542168674,58786.0,9.010602409638553,83,372.0,Lettuce and chicory,3714083.0,105700.0,35138.0,Approximate,1,4,0,0,0,0,,,0.9999990307172697,35.137965941343424,3.714083,,,20.644007952387007,38.52623415521206,-2.506495821583163,12.482048192771082,,49936.0,3714083.0,7.612271308589356e-05,0.0006098575482986811,135.0372566838036,0,1,0
2019,6,Pennsylvania,110,Lettuce,13.215148514851487,2.5091813859748706,10.08,9.95,43171.0,427.43564356435644,50075.0,9.3429702970297,101,372.0,Lettuce and chicory,3714083.0,105700.0,35138.0,Approximate,1,4,0,0,0,0,3714083.0,0.0,0.9999990307172697,35.137965941343424,3.714083,,,18.987159948713366,41.44483065575862,-0.30809332782088994,13.215148514851487,,43171.0,3714083.0,6.967529385581941e-05,0.0005272380690804703,141.0445851929167,0,1,0
2019,7,Ohio,110,Lettuce,13.606265060240963,2.8009953417483637,10.15,9.79,45746.0,551.156626506024,52505.0,9.327710843373492,83,372.0,Lettuce and chicory,3714083.0,105700.0,35138.0,Approximate,1,4,0,0,0,0,3714083.0,0.0,0.9999990307172697,35.137965941343424,3.714083,,,20.58607067661196,45.86928442262984,0.8647769640593045,13.606265060240963,,45746.0,3714083.0,7.60162961302219e-05,0.0005586859861517034,146.0072179480539,0,1,0
2019,8,Georgia,110,Lettuce,13.556621621621625,2.8081682602999845,10.32,9.58,38766.0,523.8648648648649,46604.0,9.256486486486486,74,372.0,Lettuce and chicory,3714083.0,105700.0,35138.0,Approximate,1,4,0,0,0,0,3714083.0,0.0,0.9999990307172697,35.137965941343424,3.714083,,,20.714366297730123,46.4553709597361,0.7159074901652297,13.556621621621625,,38766.0,3714083.0,6.418257223479841e-05,0.0004734407585178363,143.2301085659715,0,1,0
2019,9,North Carolina,110,Lettuce,13.251445783132532,2.125199062429567,10.3,9.93,36806.0,443.4457831325301,42661.0,9.270963855421686,83,372.0,Lettuce and chicory,3714083.0,105700.0,35138.0,Approximate,1,4,0,0,0,0,3714083.0,0.0,0.9999990307172697,35.137965941343424,3.714083,,,16.037488265127156,42.934930928277204,-0.1992460081534255,13.251445783132532,,36806.0,3714083.0,5.956573952188787e-05,0.000449503703193713,139.3183241948575,0,1,0
2020,1,California,110,Lettuce,13.455113636363638,2.8081159038520975,10.01,9.99,35877.0,407.6931818181818,42121.0,9.163181818181819,88,372.0,Lettuce and chicory,3827618.0,105665.0,36224.1,Approximate,1,1,1,0,0,1,3827618.0,0.0,0.9999996011881563,36.224085553399895,3.827618,13.502151898734182,-0.3483760420067075,20.870250372787005,46.83888089686989,0.4115079404628531,13.478632767548909,0.03326107429744342,33772.0,3770850.5,5.720594436290038e-05,0.0004251613617613473,141.1156114626973,0,1,0
2020,10,Michigan,110,Lettuce,13.175368421052635,2.8196917028271304,10.0,9.86,44494.0,468.3578947368421,51922.0,9.255578947368422,95,372.0,Lettuce and chicory,3827618.0,105665.0,36224.1,Approximate,1,1,1,0,0,1,3827618.0,0.0,0.9999996011881563,36.224085553399895,3.827618,13.612947368421052,-3.2144320809136504,21.401236099945457,42.35055954872171,-0.42738485556339323,13.394157894736843,0.30941504098867895,43374.5,3827618.0,6.947073399303729e-05,0.0005272773540209434,141.01770870687906,0,1,0
2020,11,New Jersey,110,Lettuce,13.097228915662653,2.810458826030409,10.07,9.9,46437.0,559.4819277108434,53431.0,9.061927710843374,83,372.0,Lettuce and chicory,3827618.0,105665.0,36224.1,Approximate,1,1,1,0,0,1,3827618.0,0.0,0.9999996011881563,36.224085553399895,3.827618,13.29024691358025,-1.4523281559228745,21.458423336171904,44.53027361927302,-0.6617076055837476,13.193737914621451,0.13648433521858358,48217.0,3827618.0,7.207443423989236e-05,0.0005503029282301107,140.74116340678353,0,1,0
2020,12,Virginia,110,Lettuce,13.235454545454546,2.753798594408203,10.03,9.79,36224.0,470.4415584415584,43481.0,9.31025974025974,77,372.0,Lettuce and chicory,3827618.0,105665.0,36224.1,Approximate,1,1,1,0,0,1,3827618.0,0.0,0.9999996011881563,36.224085553399895,3.827618,13.109270833333326,0.9625532474343952,20.806226072182312,42.159885059074625,-0.247200122659697,13.172362689393935,0.08922535851620576,40289.0,3827618.0,5.681629826334985e-05,0.0004292734946746675,138.93924718682086,0,1,0
2020,13,Washington,110,Lettuce,13.353505154639173,2.646708664091558,10.05,9.9,38334.0,395.1958762886598,46110.0,9.350927835051547,97,372.0,Lettuce and chicory,3827618.0,105665.0,36224.1,Approximate,1,1,1,0,0,1,3827618.0,0.0,0.9999996011881563,36.224085553399895,3.827618,13.378493150684935,-0.18677735799030046,19.820329070469253,42.804065972834685,0.10680702452741661,13.365999152662054,0.017669181452221388,36850.0,3827618.0,6.0662050423180235e-05,0.0004542781069141647,140.9344770742656,0,1,0
2020,14,Arizona,110,Lettuce,13.288285714285712,2.778930547827353,10.33,9.88,35718.0,510.25714285714287,42191.0,9.229428571428572,70,372.0,Lettuce and chicory,3827618.0,105665.0,36224.1,Approximate,1,1,1,0,0,1,3827618.0,0.0,0.9999996011881563,36.224085553399895,3.827618,13.759342105263158,-3.4235386210599454,20.912633936218235,43.97733956598454,-0.08877136494586386,13.523813909774436,0.3330871683814142,36260.0,3827618.0,5.624627412495814e-05,0.0004232771279480392,139.30691993127743,0,1,0
2020,15,Massachusetts,110,Lettuce,12.871866666666666,2.7239169399039125,10.04,9.86,38136.0,508.48,44782.0,8.9196,75,372.0,Lettuce and chicory,3827618.0,105665.0,36224.1,Approximate,1,1,1,0,0,1,3827618.0,0.0,0.9999996011881563,36.224085553399895,3.827618,13.352337662337666,-3.598403574126522,21.16178647932892,44.3099092634946,-1.33751815329527,13.112102164502165,0.3397442992024166,36996.0,3827618.0,5.817204617571552e-05,0.0004519317025428754,135.78455196695577,0,1,0
2020,2,Texas,110,Lettuce,13.241578947368419,2.440861079008296,10.03,9.39,25215.0,331.7763157894737,29877.0,9.105394736842106,76,372.0,Lettuce and chicory,3827618.0,105665.0,36224.1,Approximate,1,1,1,0,0,1,3827618.0,0.0,0.9999996011881563,36.224085553399895,3.827618,13.1493670886076,0.7012646170682275,18.433308359297918,45.425644138090455,-0.22883442285744898,13.195473017988009,0.0652036306355917,30540.0,3827618.0,3.956729996706032e-05,0.00029881104152555595,134.20650106382772,0,1,0
2020,3,Florida,110,Lettuce,13.207466666666665,3.162394787624213,10.28,9.81,24721.0,329.61333333333334,30398.0,8.999600000000001,75,372.0,Lettuce and chicory,3827618.0,105665.0,36224.1,Approximate,1,1,1,0,0,1,3827618.0,0.0,0.9999996011881563,36.224085553399895,3.827618,13.64244186046511,-3.1883969031891177,23.94399219348813,46.75615212527961,-0.3311294576622885,13.424954263565887,0.30757390918281347,31079.5,3827618.0,3.86921824222194e-05,0.0002929568811244604,133.59945303519174,0,1,0
2020,4,New York,110,Lettuce,12.812934782608691,2.3671912869699705,10.03,9.83,39462.0,428.9347826086956,45330.0,9.032391304347824,92,372.0,Lettuce and chicory,3827618.0,105665.0,36224.1,Approximate,1,1,1,0,0,1,3827618.0,0.0,0.9999996011881563,36.224085553399895,3.827618,13.085531914893616,-2.0831948907989166,18.47501237720352,41.85539964860765,-1.5142415797800712,12.949233348751154,0.1927552807706771,43569.0,3827618.0,5.9919113122822545e-05,0.0004676455015142372,135.60081101998398,0,1,0
2020,5,Illinois,110,Lettuce,13.726875000000001,2.9379854433250476,10.2,9.8,48495.0,606.1875,55804.0,9.466750000000001,80,372.0,Lettuce and chicory,3827618.0,105665.0,36224.1,Approximate,1,1,1,0,0,1,3714083.0,3.056878373477383,0.9999996011881563,36.224085553399895,3.827618,12.482048192771082,9.972937037287322,21.403163089377934,45.00092428763831,1.2264589663074317,13.10446159638554,0.8802254767943685,49215.5,3827618.0,7.8887158179463e-05,0.0005746913130589663,148.10250214398306,0,1,0
2020,6,Pennsylvania,110,Lettuce,13.880857142857144,2.8776433306989864,10.25,9.99,28673.0,409.6142857142857,34627.0,9.357714285714286,70,372.0,Lettuce and chicory,3827618.0,105665.0,36224.1,Approximate,1,1,1,0,0,1,3827618.0,0.0,0.9999996011881563,36.224085553399895,3.827618,13.215148514851487,5.037466111391168,20.731020433992246,48.33597948216904,1.6882166775731378,13.548002828854315,0.4707270851571927,35922.0,3827618.0,4.7165787296574484e-05,0.00033979016433322495,142.4695929177798,0,1,0
2020,7,Ohio,110,Lettuce,13.525692307692308,2.779029714459015,10.01,9.95,35441.0,545.2461538461539,41874.0,9.035076923076923,65,372.0,Lettuce and chicory,3827618.0,105665.0,36224.1,Approximate,1,1,1,0,0,1,3827618.0,0.0,0.9999996011881563,36.224085553399895,3.827618,13.606265060240963,-0.5921739154126671,20.546302926605318,49.70201607410435,0.6231574546999492,13.565978683966636,0.056973539706019344,40593.5,3827618.0,5.680716809847932e-05,0.00041999453193365975,141.6904569891805,0,1,0
2020,8,Georgia,110,Lettuce,13.556292134831462,3.092784264153665,10.04,9.99,41458.0,465.82022471910113,48302.0,9.215168539325843,89,372.0,Lettuce and chicory,3827618.0,105665.0,36224.1,Approximate,1,1,1,0,0,1,3827618.0,0.0,0.9999996011881563,36.224085553399895,3.827618,13.556621621621625,-0.0024304491145282457,22.814381937130747,47.10845577028594,0.7149194336068863,13.556456878226545,0.00023298234363539706,40112.0,3827618.0,6.660194852626325e-05,0.0004912991536611739,144.13673747877186,0,1,0
2020,9,North Carolina,110,Lettuce,12.842933333333331,2.8990948136855987,10.35,9.84,34582.0,461.0933333333333,40443.0,9.1212,75,372.0,Lettuce and chicory,3827618.0,105665.0,36224.1,Approximate,1,1,1,0,0,1,3827618.0,0.0,0.9999996011881563,36.224085553399895,3.827618,13.251445783132532,-3.08277644933798,22.573463074522948,40.803110701808215,-1.4242826932048316,13.047189558232931,0.2888619234521438,35694.0,3827618.0,5.263225813833449e-05,0.00040981492913094497,134.22300545034736,0,1,0
2021,1,California,110,Lettuce,13.688082191780826,3.254627328697748,10.11,9.95,26814.0,367.3150684931507,30762.0,9.326164383561641,73,372.0,Lettuce and chicory,4470653.0,139213.0,32113.8,Approximate,1,2,2,0,0,2,4470653.0,0.0,0.9999987833112117,32.113760927499584,4.470653,13.455113636363638,1.731449928357121,23.777087857143552,46.77075836136375,1.1101280853073214,13.571597914072232,0.1647336453387272,31452.666666666668,4149135.5,3.723912809475475e-05,0.0002720551175322094,139.57349643218132,0,1,0
2021,10,Michigan,110,Lettuce,13.498292682926827,2.7134265180458983,10.03,9.94,44391.0,541.3536585365854,52337.0,9.199634146341465,82,372.0,Lettuce and chicory,4470653.0,139213.0,32113.8,Approximate,1,2,2,0,0,2,4470653.0,0.0,0.9999987833112117,32.113760927499584,4.470653,13.175368421052635,2.450969502744215,20.1019979473252,46.726407465832374,0.5409921608126855,13.336830551989731,0.22834193538090172,43713.333333333336,4470653.0,6.0795168131341155e-05,0.00045039153883688767,144.44272676869593,0,1,0
2021,11,New Jersey,110,Lettuce,13.26955056179775,2.882257602404579,10.0,9.92,45328.0,509.30337078651684,54554.0,9.086292134831462,89,372.0,Lettuce and chicory,4470653.0,139213.0,32113.8,Approximate,1,2,2,0,0,2,4470653.0,0.0,0.9999987833112117,32.113760927499584,4.470653,13.097228915662653,1.3157107296874258,21.720838162389825,46.03922441509616,-0.14495386099724772,13.183389738730202,0.12184980452735612,47254.0,4470653.0,6.102644413858016e-05,0.0004598983503953154,142.27217055607437,0,1,0
2021,12,Virginia,110,Lettuce,13.479605263157898,2.588961923649181,10.13,9.88,33226.0,437.1842105263158,39562.0,9.217236842105265,76,372.0,Lettuce and chicory,4470653.0,139213.0,32113.8,Approximate,1,2,2,0,0,2,4470653.0,0.0,0.9999987833112117,32.113760927499584,4.470653,13.235454545454546,1.8446719518764156,19.206511415621815,46.24345119984012,0.4849528044181733,13.357529904306222,0.1726406281196028,37934.666666666664,4470653.0,4.544127724749543e-05,0.00033711133494164204,140.33776203155455,0,1,0
2021,13,Washington,110,Lettuce,12.912873563218389,2.5704654849675084,10.07,9.97,34241.0,393.57471264367814,41010.0,8.867586206896556,87,372.0,Lettuce and chicory,4470653.0,139213.0,32113.8,Approximate,1,2,2,0,0,2,4470653.0,0.0,0.9999987833112117,32.113760927499584,4.470653,13.353505154639173,-3.2997447959774306,19.90622360223009,45.6188105978119,-1.2145477208380437,13.133189358928782,0.3115735862986566,35980.333333333336,4470653.0,4.4860554039305435e-05,0.0003474095352957552,134.8260018473164,0,1,0
2021,14,Arizona,110,Lettuce,13.090886075949367,2.684490683620388,10.08,9.88,35805.0,453.2278481012658,42345.0,8.939240506329115,79,372.0,Lettuce and chicory,4470653.0,139213.0,32113.8,Approximate,1,2,2,0,0,2,4470653.0,0.0,0.9999987833112117,32.113760927499584,4.470653,13.288285714285712,-1.4855162101468664,20.5065621077579,46.44293401302745,-0.6807283510714193,13.189585895117538,0.13958262287140122,36108.333333333336,4470653.0,4.755629540631961e-05,0.00036327789525027063,137.269339475381,0,1,0
2021,15,Massachusetts,110,Lettuce,13.355287356321835,2.7373692340352864,10.16,9.27,39414.0,453.0344827586207,46009.0,9.2583908045977,87,372.0,Lettuce and chicory,4470653.0,139213.0,32113.8,Approximate,1,2,2,0,0,2,4470653.0,0.0,0.9999987833112117,32.113760927499584,4.470653,12.871866666666666,3.7556377965524494,20.496520673810366,44.25063316283454,0.11215144534615676,13.11357701149425,0.3418300478210476,37802.0,4470653.0,5.340710581523903e-05,0.0003998948460660289,141.32433842717265,0,1,0
2021,2,Texas,110,Lettuce,13.090000000000005,2.5435470171733465,10.09,9.97,27358.0,385.32394366197184,32105.0,9.011408450704227,71,372.0,Lettuce and chicory,4470653.0,139213.0,32113.8,Approximate,1,2,2,0,0,2,4470653.0,0.0,0.9999987833112117,32.113760927499584,4.470653,13.241578947368419,-1.1447195834492074,19.43122243829905,45.26031165502261,-0.6833854929632847,13.165789473684212,0.10718250156932412,29479.333333333332,4470653.0,3.6334508212982245e-05,0.00027757454708160603,133.73792275161458,0,1,0
2021,3,Florida,110,Lettuce,13.27576923076923,2.788685637073061,10.26,9.78,30486.0,390.84615384615387,36572.0,9.063717948717946,78,372.0,Lettuce and chicory,4470653.0,139213.0,32113.8,Approximate,1,2,2,0,0,2,4470653.0,0.0,0.9999987833112117,32.113760927499584,4.470653,13.207466666666665,0.5171511375073046,21.005830913433844,46.47156173529291,-0.12630547555392038,13.241617948717948,0.04829720624935239,30881.666666666668,4470653.0,4.106345001044542e-05,0.0003093112669906368,137.07305600104004,0,1,0
2021,4,New York,110,Lettuce,13.078043478260868,2.5145411130219926,10.7,9.97,44159.0,479.9891304347826,51402.0,8.968260869565219,92,372.0,Lettuce and chicory,4470653.0,139213.0,32113.8,Approximate,1,2,2,0,0,2,4470653.0,0.0,0.9999987833112117,32.113760927499584,4.470653,12.812934782608691,2.069070826864863,19.22719646254287,45.825859310612266,-0.7192404045167929,12.94548913043478,0.18746015644717517,43765.666666666664,4470653.0,5.859456055840165e-05,0.00044803766447023326,139.87719070246297,0,1,0
2021,5,Illinois,110,Lettuce,13.454698795180725,2.8273823700917857,10.3,9.2,42295.0,509.578313253012,48849.0,9.259156626506025,83,372.0,Lettuce and chicory,4470653.0,139213.0,32113.8,Approximate,1,2,2,0,0,2,4470653.0,0.0,0.9999987833112117,32.113760927499584,4.470653,13.726875000000001,-1.982798013526576,21.01408893006592,45.31235767914538,0.4102639253348243,13.590786897590363,0.19245764010532887,46908.666666666664,4470653.0,5.773754367413144e-05,0.0004291255014553888,143.32547655233637,0,1,0
2021,6,Pennsylvania,110,Lettuce,13.256551724137928,2.9441640451270863,10.12,9.98,39665.0,455.91954022988506,48088.0,9.246436781609198,87,372.0,Lettuce and chicory,4470653.0,139213.0,32113.8,Approximate,1,2,2,0,0,2,4470653.0,0.0,0.9999987833112117,32.113760927499584,4.470653,13.880857142857144,-4.497599912556355,22.209124260921214,43.369300382874975,-0.183934442872138,13.568704433497537,0.44145059510786416,37169.666666666664,4470653.0,5.33498648945563e-05,0.0004024414946265042,140.36367950542598,0,1,0
2021,7,Ohio,110,Lettuce,13.182531645569622,2.5915971060107235,10.25,9.88,40190.0,508.73417721518985,47864.0,8.91670886075949,79,372.0,Lettuce and chicory,4470653.0,139213.0,32113.8,Approximate,1,2,2,0,0,2,4470653.0,0.0,0.9999987833112117,32.113760927499584,4.470653,13.525692307692308,-2.5371023849738537,19.659327780803817,47.840776809289984,-0.4059039611111395,13.354111976630964,0.2426512312234173,40459.0,4470653.0,5.375416541194151e-05,0.0004077681499820801,139.7532694859089,0,1,0
2021,8,Georgia,110,Lettuce,13.53576923076923,2.7166205702448254,10.07,9.94,38308.0,491.12820512820514,46900.0,9.1824358974359,78,372.0,Lettuce and chicory,4470653.0,139213.0,32113.8,Approximate,1,2,2,0,0,2,4470653.0,0.0,0.9999987833112117,32.113760927499584,4.470653,13.556292134831462,-0.15139024637497556,20.06993857482041,47.40935174455128,0.6533758738637655,13.546030682800346,0.014511884632045745,39510.666666666664,4470653.0,5.260992890642997e-05,0.0003886733587836159,142.84893025144927,0,1,0
2021,9,North Carolina,110,Lettuce,12.784657534246575,2.8420591528521184,10.0,9.99,38464.0,526.9041095890411,43542.0,9.058493150684935,73,372.0,Lettuce and chicory,4470653.0,139213.0,32113.8,Approximate,1,2,2,0,0,2,3827618.0,16.799873968614424,0.9999987833112117,32.113760927499584,4.470653,12.842933333333331,-0.4537577014084733,22.23023295883386,41.13448364510708,-1.5990386688600466,12.813795433789952,0.041207212713309946,36617.333333333336,4470653.0,4.989291054192437e-05,0.000390256136374987,134.97407325962536,0,1,0
2022,1,California,110,Lettuce,13.638850574712638,2.787772481327164,10.17,9.34,34775.0,399.71264367816093,40646.0,9.46402298850575,87,372.0,Lettuce and chicory,4450627.0,137312.0,32412.5,Approximate,1,3,3,1,0,3,4450627.0,0.0,1.0000004044375608,32.41251310883244,4.450627,13.688082191780826,-0.3596677487643169,20.43993711974442,44.11261036957858,0.962493571346786,13.663466383246732,0.03481201027769473,32488.666666666668,4460640.0,4.8338143736470816e-05,0.0003544150841134153,142.61713384359928,0,1,0
2022,10,Michigan,110,Lettuce,13.607714285714286,2.952986781493784,10.02,9.29,28878.0,412.54285714285714,34360.0,9.53971428571429,70,372.0,Lettuce and chicory,4450627.0,137312.0,32412.5,Approximate,1,3,3,1,0,3,4450627.0,0.0,1.0000004044375608,32.41251310883244,4.450627,13.498292682926827,0.8106329100854298,21.700828805568783,42.64278654646734,0.8691228643387303,13.553003484320556,0.07737275733931265,39254.333333333336,4450627.0,4.0049523459075174e-05,0.00029431484684477947,139.76306396806626,0,1,0
2022,11,New Jersey,110,Lettuce,13.009651162790696,2.6049624351697838,10.18,9.96,29497.0,342.98837209302326,35913.0,9.200348837209301,86,372.0,Lettuce and chicory,4450627.0,137312.0,32412.5,Approximate,1,3,3,1,0,3,4450627.0,0.0,1.0000004044375608,32.41251310883244,4.450627,13.26955056179775,-1.9586149342185628,20.02330733217749,41.403890145722485,-0.9243335307305768,13.139600862294223,0.1837766274641961,40420.666666666664,4450627.0,3.9110066881090696e-05,0.00030062348630031374,133.89634118220906,0,1,0
2022,12,Virginia,110,Lettuce,13.134155844155849,2.7426808584271156,10.06,9.82,27474.0,356.8051948051948,32362.0,9.01844155844156,77,372.0,Lettuce and chicory,4450627.0,137312.0,32412.5,Approximate,1,3,3,1,0,3,4450627.0,0.0,1.0000004044375608,32.41251310883244,4.450627,13.479605263157898,-2.5627561954371365,20.88204899477795,45.63664640995365,-0.550972076978264,13.306880553656875,0.2442696267333021,32308.0,4450627.0,3.677639182189449e-05,0.00028000575186001354,134.24462427702565,0,1,0
2022,13,Washington,110,Lettuce,12.943369565217388,2.6635501704064692,10.06,9.8,36465.0,396.35869565217394,42811.0,9.114347826086957,92,372.0,Lettuce and chicory,4450627.0,137312.0,32412.5,Approximate,1,3,3,1,0,3,4450627.0,0.0,1.0000004044375608,32.41251310883244,4.450627,12.912873563218389,0.23616743283126135,20.578491226613867,42.01092400896813,-1.1230970901056423,12.92812156421789,0.021563929812571048,36346.666666666664,4450627.0,4.8102608538074574e-05,0.0003716389947432261,135.9589090158248,0,1,0
2022,14,Arizona,110,Lettuce,13.930833333333332,2.8652491718699458,10.21,9.33,36161.0,502.2361111111111,41678.0,9.584027777777777,72,372.0,Lettuce and chicory,4450627.0,137312.0,32412.5,Approximate,1,3,3,1,0,3,4450627.0,0.0,1.0000004044375608,32.41251310883244,4.450627,13.090886075949367,6.416275052054115,20.567679644935904,45.35468444315629,1.8380839992240228,13.51085970464135,0.5939324015352442,35894.666666666664,4450627.0,5.1340794745076355e-05,0.0003685407291624791,146.21474069946785,0,1,0
2022,15,Massachusetts,110,Lettuce,13.263289473684209,2.730986824407566,10.0,9.4,27728.0,364.8421052631579,32561.0,9.179210526315787,76,372.0,Lettuce and chicory,4450627.0,137312.0,32412.5,Approximate,1,3,3,1,0,3,4450627.0,0.0,1.0000004044375608,32.41251310883244,4.450627,13.355287356321835,-0.6888498928035289,20.59056940456692,44.49270376422697,-0.1637294518787446,13.30928841500302,0.06505232666786963,35092.666666666664,4450627.0,3.748131785587678e-05,0.0002825944342860325,135.68655593264617,0,1,0
2022,2,Texas,110,Lettuce,13.375168539325841,2.5592564227096886,10.04,9.99,40090.0,450.44943820224717,47428.0,9.203033707865163,89,372.0,Lettuce and chicory,4450627.0,137312.0,32412.5,Approximate,1,3,3,1,0,3,4470653.0,-0.44794351071308824,1.0000004044375608,32.41251310883244,4.450627,13.090000000000005,2.178522072771856,19.134386345749064,45.334342608079965,0.17177062839455565,13.232584269662922,0.20164460793836134,30887.666666666668,4450627.0,5.464876832474813e-05,0.0004085837734610157,141.7621694532388,0,1,0
2022,3,Florida,110,Lettuce,12.65230769230769,2.862520675101687,10.05,9.99,28643.0,314.75824175824175,33826.0,8.8767032967033,91,372.0,Lettuce and chicory,4450627.0,137312.0,32412.5,Approximate,1,3,3,1,0,3,4450627.0,0.0,1.0000004044375608,32.41251310883244,4.450627,13.27576923076923,-4.696236637019446,22.624494635409736,42.533858228725585,-1.995925989468227,12.964038461538461,0.4408538816551519,27950.0,4450627.0,3.6934592072129086e-05,0.00029191980601755724,129.84682899518006,0,1,0
2022,4,New York,110,Lettuce,14.13153846153847,2.509865250650636,10.23,8.81,31339.0,401.78205128205127,36467.0,9.305384615384616,78,372.0,Lettuce and chicory,4450627.0,137312.0,32412.5,Approximate,1,3,3,1,0,3,4450627.0,0.0,1.0000004044375608,32.41251310883244,4.450627,13.078043478260868,8.055447934767816,17.760736083206275,51.8640985368274,2.439953403816453,13.60479096989967,0.744933446621601,38320.0,4450627.0,4.513564344227134e-05,0.0003193965297204981,146.29887894444843,0,1,0
2022,5,Illinois,110,Lettuce,13.279780219780223,2.682402728078764,10.13,9.98,41110.0,451.75824175824175,47703.0,9.1789010989011,91,372.0,Lettuce and chicory,4450627.0,137312.0,32412.5,Approximate,1,3,3,1,0,3,4450627.0,0.0,1.0000004044375608,32.41251310883244,4.450627,13.454698795180725,-1.3000556761861923,20.199150013667598,44.67723398141942,-0.11427742430549473,13.367239507480473,0.12368611082118557,43966.666666666664,4450627.0,5.563952619819993e-05,0.0004189792698174695,141.08479678892454,0,1,0
2022,6,Pennsylvania,110,Lettuce,13.334487179487178,2.725811042147976,10.04,9.81,31882.0,408.7435897435897,36940.0,9.31166666666667,78,372.0,Lettuce and chicory,4450627.0,137312.0,32412.5,Approximate,1,3,3,1,0,3,4450627.0,0.0,1.0000004044375608,32.41251310883244,4.450627,13.256551724137928,0.5879014163792137,20.44181381299139,43.20193856617692,0.04977640710549683,13.295519451812552,0.05510868897231603,33406.666666666664,4450627.0,4.3327829570042265e-05,0.0003249306027808456,138.27634160458842,0,1,0
2022,7,Ohio,110,Lettuce,13.15295918367347,2.819168631265737,10.01,9.91,36003.0,367.3775510204082,41540.0,9.169897959183672,98,372.0,Lettuce and chicory,4450627.0,137312.0,32412.5,Approximate,1,3,3,1,0,3,4450627.0,0.0,1.0000004044375608,32.41251310883244,4.450627,13.182531645569622,-0.22433067252366642,21.433721430270385,43.43626550937521,-0.494585103406503,13.167745414621546,0.020910888343149497,37211.333333333336,4450627.0,4.826221184661294e-05,0.0003669304463935382,137.9927629254153,0,1,0
2022,8,Georgia,110,Lettuce,13.341931818181818,2.54672873696152,10.14,9.85,29438.0,334.52272727272725,34812.0,9.271931818181818,88,372.0,Lettuce and chicory,4450627.0,137312.0,32412.5,Approximate,1,3,3,1,0,3,4450627.0,0.0,1.0000004044375608,32.41251310883244,4.450627,13.53576923076923,-1.432038396065326,19.088155835805924,43.89592244432733,0.07210119919535807,13.438850524475523,0.13706374888821338,36401.333333333336,4450627.0,4.0028754451897315e-05,0.00030002217817773455,137.28948712417298,0,1,0
2022,9,North Carolina,110,Lettuce,13.168522727272729,2.7905779650079436,10.01,9.98,37589.0,427.14772727272725,44884.0,9.132954545454549,88,372.0,Lettuce and chicory,4450627.0,137312.0,32412.5,Approximate,1,3,3,1,0,3,4450627.0,0.0,1.0000004044375608,32.41251310883244,4.450627,12.784657534246575,3.002545762355263,21.191275762682967,44.1868856538509,-0.4479135469634619,12.976590130759652,0.2714336810502761,36878.333333333336,4450627.0,5.04478762994551e-05,0.00038309442406151453,138.72371492277009,0,1,0
2023,1,California,110,Lettuce,13.887129629629632,3.2094131559319408,10.09,9.96,38103.0,352.80555555555554,45208.0,9.31425925925926,108,372.0,Lettuce and chicory,4712305.0,134358.0,35072.8,Approximate,1,4,4,1,0,4,4712305.0,0.0,0.9999986710555284,35.07275339019634,4.712305,13.638850574712638,1.8203810765206279,23.110702078306556,49.09537348151979,1.7070264504615154,13.762990102171134,0.17555980335839352,33230.666666666664,4581466.0,5.0933617814541864e-05,0.00036676850560874515,146.4824785144257,0,1,0
2023,10,Michigan,110,Lettuce,13.228028169014085,2.319335877677247,10.02,9.99,25369.0,357.3098591549296,30648.0,9.085352112676057,71,372.0,Lettuce and chicory,4712305.0,134358.0,35072.8,Approximate,1,4,4,1,0,4,4712305.0,0.0,0.9999986710555284,35.07275339019634,4.712305,13.607714285714286,-2.7902269898391743,17.533496663623392,45.59730877747805,-0.26947015036886174,13.417871227364184,0.268478627841099,32879.333333333336,4712305.0,3.23021421919894e-05,0.0002441946885753945,134.14970171956517,0,1,0
2023,11,New Jersey,110,Lettuce,13.73974683544304,2.2622520970198314,10.01,9.71,39733.0,502.9493670886076,46747.0,9.32886075949367,79,372.0,Lettuce and chicory,4712305.0,134358.0,35072.8,Approximate,1,4,4,1,0,4,4712305.0,0.0,0.9999986710555284,35.07275339019634,4.712305,13.009651162790696,5.61195426008433,16.46502023737532,47.28215148307962,1.2650586971832403,13.374698999116868,0.5162556010474256,38186.0,4712305.0,5.254881813991155e-05,0.00038245841622319167,145.5034040673564,0,1,0
2023,12,Virginia,110,Lettuce,13.294653465346537,2.8498265085286985,10.17,9.88,42877.0,424.5247524752475,50203.0,9.115841584158416,101,372.0,Lettuce and chicory,4712305.0,134358.0,35072.8,Approximate,1,4,4,1,0,4,4712305.0,0.0,0.9999986710555284,35.07275339019634,4.712305,13.134155844155849,1.2219865752704802,21.435884101507234,45.841207776691675,-0.06967591594640225,13.214404654751192,0.11348895630824497,34525.666666666664,4712305.0,5.486991378957668e-05,0.0004127216548562099,141.80229148418007,0,1,0
2023,13,Washington,110,Lettuce,12.854342105263163,2.472622001318339,10.54,9.58,35748.0,470.36842105263156,41690.0,8.943289473684208,76,372.0,Lettuce and chicory,4712305.0,134358.0,35072.8,Approximate,1,4,4,1,0,4,4712305.0,0.0,0.9999986710555284,35.07275339019634,4.712305,12.943369565217388,-0.6878229004097073,19.235694686435437,43.731701216731246,-1.390070359768487,12.898855835240276,0.06295192064544669,35484.666666666664,4712305.0,4.423178524165869e-05,0.0003440999537700817,134.76849068462494,0,1,0
2023,14,Arizona,110,Lettuce,13.560217391304347,2.710447016479896,10.18,9.85,37985.0,412.8804347826087,45757.0,9.171195652173912,92,372.0,Lettuce and chicory,4712305.0,134358.0,35072.8,Approximate,1,4,4,1,0,4,4712305.0,0.0,0.9999986710555284,35.07275339019634,4.712305,13.930833333333332,-2.660400373480783,19.98822687177569,47.8565925925926,0.7266903923129979,13.74552536231884,0.26206504582453594,36650.333333333336,4712305.0,4.958058512107566e-05,0.0003656326715888037,142.99212558433464,0,1,0
2023,15,Massachusetts,110,Lettuce,13.721232876712326,2.7724342218454283,10.32,9.99,31684.0,434.027397260274,37895.0,9.45109589041096,73,372.0,Lettuce and chicory,4712305.0,134358.0,35072.8,Approximate,1,4,4,1,0,4,4450627.0,5.879576068720205,0.9999986710555284,35.07275339019634,4.712305,13.263289473684209,3.452713626862527,20.205430858555015,45.18139521400718,1.2095395113131413,13.492261175198268,0.3238148856808262,32942.0,4712305.0,4.184716148156743e-05,0.0003049810600663329,142.2013506787605,0,1,0
2023,2,Texas,110,Lettuce,12.798169014084506,2.546794236940211,10.09,9.98,23474.0,330.61971830985914,27870.0,8.98281690140845,71,372.0,Lettuce and chicory,4712305.0,134358.0,35072.8,Approximate,1,4,4,1,0,4,4712305.0,0.0,0.9999986710555284,35.07275339019634,4.712305,13.375168539325841,-4.313960781464803,19.899676540741414,42.4738938191853,-1.5585207887344021,13.086668776705174,0.40800027703956687,30307.333333333332,4712305.0,2.8917970241566998e-05,0.0002259539642720963,128.7968222151431,0,1,0
2023,3,Florida,110,Lettuce,12.909325842696628,2.989961157300455,10.06,9.99,27542.0,309.46067415730334,31703.0,9.015280898876407,89,372.0,Lettuce and chicory,4712305.0,134358.0,35072.8,Approximate,1,4,4,1,0,4,4712305.0,0.0,0.9999986710555284,35.07275339019634,4.712305,12.65230769230769,2.031393455165482,23.16124942335395,43.19382820678992,-1.225186534390979,12.78081676750216,0.18173927702804143,28890.333333333332,4712305.0,3.4224089414774585e-05,0.00026511136082397866,131.97854050197586,0,1,0
2023,4,New York,110,Lettuce,13.16634146341463,2.6589186106873526,10.23,9.9,48394.0,590.170731707317,56445.0,9.135853658536584,82,372.0,Lettuce and chicory,4712305.0,134358.0,35072.8,Approximate,1,4,4,1,0,4,4712305.0,0.0,0.9999986710555284,35.07275339019634,4.712305,14.13153846153847,-6.830091435202175,20.194817353595916,44.11725445177134,-0.45445466522622374,13.64893996247655,0.6824973425542668,41297.333333333336,4712305.0,6.133233502208783e-05,0.0004658267081444929,142.02732377400574,0,1,0
2023,5,Illinois,110,Lettuce,14.104347826086958,2.9989887895073557,10.1,8.81,31242.0,452.7826086956522,36637.0,9.379565217391303,69,372.0,Lettuce and chicory,4712305.0,134358.0,35072.8,Approximate,1,4,4,1,0,4,4712305.0,0.0,0.9999986710555284,35.07275339019634,4.712305,13.279780219780223,6.209196181413769,21.26286749650714,50.373151624716115,2.3584148217381458,13.69206402293359,0.5830573459662515,38215.666666666664,4712305.0,4.241551090902232e-05,0.00030072649534756886,145.9736619302442,0,1,0
2023,6,Pennsylvania,110,Lettuce,13.213604651162786,2.4255662348217837,10.02,9.81,36050.0,419.1860465116279,42131.0,9.110232558139533,86,372.0,Lettuce and chicory,4712305.0,134358.0,35072.8,Approximate,1,4,4,1,0,4,4712305.0,0.0,0.9999986710555284,35.07275339019634,4.712305,13.334487179487178,-0.9065405118117268,18.35658246826944,45.04135395925867,-0.3127230267598255,13.274045915324983,0.0854768555051526,35865.666666666664,4712305.0,4.5852122362964387e-05,0.0003470069188041693,138.6462558224464,0,1,0
2023,7,Ohio,110,Lettuce,12.824117647058824,2.4760508007797704,10.1,9.79,27162.0,399.44117647058823,31731.0,9.129999999999999,68,372.0,Lettuce and chicory,4712305.0,134358.0,35072.8,Approximate,1,4,4,1,0,4,4712305.0,0.0,0.9999986710555284,35.07275339019634,4.712305,13.15295918367347,-2.500133483443267,19.307767356202053,40.46131048257202,-1.4807066919153233,12.988538415366147,0.232526080476021,34451.666666666664,4712305.0,3.352911600628399e-05,0.0002614535902512856,130.92925300670007,0,1,0
2023,8,Georgia,110,Lettuce,13.611176470588234,2.768502763315016,10.13,9.96,25819.0,379.69117647058823,29671.0,9.283823529411762,68,372.0,Lettuce and chicory,4712305.0,134358.0,35072.8,Approximate,1,4,4,1,0,4,4712305.0,0.0,0.9999986710555284,35.07275339019634,4.712305,13.341931818181818,2.0180334907685586,20.339922631209333,46.61175352447333,0.8795051757789353,13.476554144385027,0.19038471951479136,31188.333333333332,4712305.0,3.3827347686938004e-05,0.00024852625899042573,138.27464413503895,0,1,0
2023,9,North Carolina,110,Lettuce,13.746913580246913,2.6267735161102626,10.36,9.98,37792.0,466.5679012345679,43942.0,9.206296296296296,81,372.0,Lettuce and chicory,4712305.0,134358.0,35072.8,Approximate,1,4,4,1,0,4,4712305.0,0.0,0.9999986710555284,35.07275339019634,4.712305,13.168522727272729,4.39222276448903,19.108096524915247,49.320781537058636,1.2865501481817643,13.45771815375982,0.40898409431431715,37948.333333333336,4712305.0,5.0007822389720794e-05,0.0003637749091663569,144.89080822371793,0,1,0
2019,1,California,111,Potatoes,6.192528735632184,1.4885604239642298,10.14,9.74,40091.0,460.81609195402297,46611.0,4.27126436781609,87,116.0,Potatoes,19251320.0,379320.0,50752.2,Exact,1,4,0,0,1,0,19251320.0,0.0,0.9999997660420715,50.75218812612042,19.25132,,,24.038005918308677,44.98116254036605,-1.1634655064805923,6.192528735632184,,40091.0,19251320.0,5.849525838583044e-06,9.44610205024083e-05,65.63419154762055,0,1,0
2019,10,Michigan,111,Potatoes,6.637179487179488,1.243070034319511,11.55,8.91,40369.0,517.5512820512821,47230.0,4.413846153846156,78,116.0,Potatoes,19251320.0,379320.0,50752.2,Exact,1,4,0,0,1,0,19251320.0,0.0,0.9999997660420715,50.75218812612042,19.25132,,,18.728889835217664,50.37179040316017,1.8890718629223213,6.637179487179488,,40369.0,19251320.0,6.31302192675053e-06,9.511603443819613e-05,70.39287838600751,0,1,0
2019,11,New Jersey,111,Potatoes,6.313139534883723,1.2368339672946802,3.6,9.42,46344.0,538.8837209302326,53578.0,4.345581395348834,86,116.0,Potatoes,19251320.0,379320.0,50752.2,Exact,1,4,0,0,1,0,19251320.0,0.0,0.9999997660420715,50.75218812612042,19.25132,,,19.59142452753439,45.27721288665326,-0.335469667976521,6.313139534883723,,46344.0,19251320.0,6.893577268526457e-06,0.00010919412172716098,67.82754218639504,0,1,0
2019,12,Virginia,111,Potatoes,6.706025641025643,1.382218562738236,10.47,9.33,38921.0,498.9871794871795,45682.0,4.532820512820512,78,116.0,Potatoes,19251320.0,379320.0,50752.2,Exact,1,4,0,0,1,0,19251320.0,0.0,0.9999997660420715,50.75218812612042,19.25132,,,20.61159078012166,47.94377191990049,2.361702251207392,6.706025641025643,,38921.0,19251320.0,6.149714353116062e-06,9.170430717553151e-05,70.87809687796504,0,1,0
2019,13,Washington,111,Potatoes,6.230410958904112,1.3093440240103316,3.83,9.33,36176.0,495.56164383561645,42183.0,4.405890410958903,73,116.0,Potatoes,19251320.0,379320.0,50752.2,Exact,1,4,0,0,1,0,19251320.0,0.0,0.9999997660420715,50.75218812612042,19.25132,,,21.01537174107431,41.41093803438743,-0.903403195169459,6.230410958904112,,36176.0,19251320.0,5.310592560873657e-06,8.523663360093594e-05,65.39550765123983,0,1,0
2019,14,Arizona,111,Potatoes,6.2881318681318685,1.3272979336380377,4.04,9.47,49086.0,539.4065934065934,58664.0,4.34021978021978,91,116.0,Potatoes,19251320.0,379320.0,50752.2,Exact,1,4,0,0,1,0,,,0.9999997660420715,50.75218812612042,19.25132,,,21.107985033913778,44.88049422726355,-0.5071478603915148,6.2881318681318685,,49086.0,19251320.0,7.272521733291867e-06,0.00011565472680604658,67.92031009116027,0,1,0
2019,15,Massachusetts,111,Potatoes,6.38230769230769,1.208381908837946,4.43,9.87,47296.0,519.7362637362637,55448.0,4.4531868131868135,91,116.0,Potatoes,19251320.0,379320.0,50752.2,Exact,1,4,0,0,1,0,19251320.0,0.0,0.9999997660420715,50.75218812612042,19.25132,,,18.93330699637616,43.32000789655507,0.1393712820830062,6.38230769230769,,47296.0,19251320.0,7.112264415355593e-06,0.00011143719103244875,68.70045016768098,0,1,0
2019,2,Texas,111,Potatoes,6.265285714285715,1.257172721036214,4.04,9.88,32573.0,465.3285714285714,38266.0,4.3671428571428565,70,116.0,Potatoes,19251320.0,379320.0,50752.2,Exact,1,4,0,0,1,0,19251320.0,0.0,0.9999997660420715,50.75218812612042,19.25132,,,20.065688595329135,43.4641805691855,-0.6639872182916983,6.265285714285715,,32573.0,19251320.0,4.808442024569805e-06,7.67473702532974e-05,65.10427362433232,0,1,0
2019,3,Florida,111,Potatoes,6.515675675675676,1.5744641019855987,10.23,9.24,35749.0,483.0945945945946,41257.0,4.431486486486486,74,116.0,Potatoes,19251320.0,379320.0,50752.2,Exact,1,4,0,0,1,0,19251320.0,0.0,0.9999997660420715,50.75218812612042,19.25132,,,24.164249117914032,47.031378647882185,1.0549454753032177,6.515675675675676,,35749.0,19251320.0,5.488189525919334e-06,8.423055104488774e-05,68.31233463625105,0,1,0
2019,4,New York,111,Potatoes,6.438059701492536,1.1788839596504492,4.19,9.9,27502.0,410.4776119402985,33260.0,4.4044776119402975,67,116.0,Potatoes,19251320.0,379320.0,50752.2,Exact,1,4,0,0,1,0,19251320.0,0.0,0.9999997660420715,50.75218812612042,19.25132,,,18.311168493469367,46.17078956286005,0.5221100739636522,6.438059701492536,,27502.0,19251320.0,4.171814809180448e-06,6.479925633826129e-05,65.81017054479926,0,1,0
2019,5,Illinois,111,Potatoes,6.051323529411766,1.1885032659481618,3.02,8.18,33446.0,491.8529411764706,38740.0,4.1935294117647075,68,116.0,Potatoes,19251320.0,379320.0,50752.2,Exact,1,4,0,0,1,0,19251320.0,0.0,0.9999997660420715,50.75218812612042,19.25132,,,19.640385449093532,44.301444802917636,-2.132842410133965,6.051323529411766,,33446.0,19251320.0,4.768703299667239e-06,7.880430250489009e-05,63.04097827673572,0,1,0
2019,6,Pennsylvania,111,Potatoes,6.266785714285713,1.3278455788378567,3.39,9.58,50854.0,605.4047619047619,60550.0,4.445714285714284,84,116.0,Potatoes,19251320.0,379320.0,50752.2,Exact,1,4,0,0,1,0,19251320.0,0.0,0.9999997660420715,50.75218812612042,19.25132,,,21.188622674793407,40.96240359897175,-0.6536896846922031,6.266785714285713,,50854.0,19251320.0,7.508889398550202e-06,0.0001198204269444382,67.9114880977223,0,1,0
2019,7,Ohio,111,Potatoes,6.272790697674417,1.1841250442343652,4.1,9.23,45976.0,534.6046511627907,53390.0,4.371511627906977,86,116.0,Potatoes,19251320.0,379320.0,50752.2,Exact,1,4,0,0,1,0,19251320.0,0.0,0.9999997660420715,50.75218812612042,19.25132,,,18.87716490641668,43.492485702885986,-0.6124653392190921,6.272790697674417,,45976.0,19251320.0,6.795129298635304e-06,0.00010832705292007493,67.34403201272934,0,1,0
2019,8,Georgia,111,Potatoes,6.225698924731182,1.3173552208624728,10.13,9.93,46324.0,498.10752688172045,55094.0,4.3244086021505375,93,116.0,Potatoes,19251320.0,379320.0,50752.2,Exact,1,4,0,0,1,0,19251320.0,0.0,0.9999997660420715,50.75218812612042,19.25132,,,21.159957087378018,43.96648183603947,-0.9357514153146391,6.225698924731182,,46324.0,19251320.0,6.795163507161462e-06,0.00010914699842242804,66.88540449728386,0,1,0
2019,9,North Carolina,111,Potatoes,6.331449275362318,1.267018588658754,3.88,9.58,37587.0,544.7391304347826,44086.0,4.4195652173913045,69,116.0,Potatoes,19251320.0,379320.0,50752.2,Exact,1,4,0,0,1,0,19251320.0,0.0,0.9999997660420715,50.75218812612042,19.25132,,,20.011509743734756,43.25955074602391,-0.20977288945879655,6.331449275362318,,37587.0,19251320.0,5.607206363467336e-06,8.856118274984463e-05,66.69827332428922,0,1,0
2020,1,California,111,Potatoes,6.512023809523809,1.3728773581023659,4.33,9.92,37458.0,445.92857142857144,44074.0,4.447142857142857,84,116.0,Potatoes,19051790.0,368960.0,51636.5,Exact,1,1,1,0,1,1,19051790.0,0.0,0.9999993155503459,51.63646465741544,19.05179,6.192528735632184,5.159363606231348,21.082191930787143,46.4316307955884,1.0298753323700482,6.352276272577996,0.2259171333044652,38774.5,19151555.0,5.807524308695254e-06,8.918155827688734e-05,68.5781375887673,0,1,0
2020,10,Michigan,111,Potatoes,6.069195402298851,1.3274238193801124,3.53,9.33,33377.0,383.64367816091954,40529.0,4.297931034482758,87,116.0,Potatoes,19051790.0,368960.0,51636.5,Exact,1,1,1,0,1,1,19051790.0,0.0,0.9999993155503459,51.63646465741544,19.05179,6.637179487179488,-8.557612250471252,21.871495830852954,41.21202396234491,-2.01015160244005,6.353187444739169,0.40162539802513386,36873.0,19051790.0,4.822907028863166e-06,7.946534440193466e-05,63.214628925491425,0,1,0
2020,11,New Jersey,111,Potatoes,6.071044776119402,1.2719361694585318,3.76,8.82,27315.0,407.6865671641791,31872.0,4.367611940298508,67,116.0,Potatoes,19051790.0,368960.0,51636.5,Exact,1,1,1,0,1,1,19051790.0,0.0,0.9999993155503459,51.63646465741544,19.05179,6.313139534883723,-3.8347759846999723,20.950861282751905,39.001469432389,-1.9974556097365987,6.1920921555015624,0.1711868456119724,36829.5,19051790.0,3.948163343781505e-06,6.503268365457786e-05,62.017105918945354,0,1,0
2020,12,Virginia,111,Potatoes,6.5282191780821925,1.5227326883542787,10.4,9.87,38246.0,523.917808219178,44292.0,4.475342465753425,73,116.0,Potatoes,19051790.0,368960.0,51636.5,Exact,1,1,1,0,1,1,19051790.0,0.0,0.9999993155503459,51.63646465741544,19.05179,6.706025641025643,-2.651443231228919,23.32539160858283,45.870829507193164,1.1410569002942834,6.617122409553918,0.12572815568610818,38583.5,19051790.0,5.944443709637641e-06,9.105766132355793e-05,68.88459633033504,0,1,0
2020,13,Washington,111,Potatoes,6.342345679012348,1.3553821154981889,3.83,9.77,36517.0,450.82716049382714,43143.0,4.385432098765432,81,116.0,Potatoes,19051790.0,368960.0,51636.5,Exact,1,1,1,0,1,1,19051790.0,0.0,0.9999993155503459,51.63646465741544,19.05179,6.230410958904112,1.7965864667123739,21.370360180513746,44.62305050391311,-0.13496883432548307,6.28637831895823,0.07914979963875181,36346.5,19051790.0,5.514110584723157e-06,8.694118649145964e-05,66.62989667847587,0,1,0
2020,14,Arizona,111,Potatoes,6.557872340425533,1.3206514133452503,10.01,9.28,40798.0,434.02127659574467,49274.0,4.518829787234043,94,116.0,Potatoes,19051790.0,368960.0,51636.5,Exact,1,1,1,0,1,1,19051790.0,0.0,0.9999993155503459,51.63646465741544,19.05179,6.2881318681318685,4.289675820265535,20.13841296062123,45.12324316689033,1.3446265240024033,6.423002104278701,0.19073531711931205,44942.0,19051790.0,6.369895431921973e-06,9.713356865236931e-05,69.62108018544161,0,1,0
2020,15,Massachusetts,111,Potatoes,6.321505376344087,1.2338865304716946,10.47,9.05,46651.0,501.6236559139785,54340.0,4.474408602150536,93,116.0,Potatoes,19051790.0,368960.0,51636.5,Exact,1,1,1,0,1,1,19051790.0,0.0,0.9999993155503459,51.63646465741544,19.05179,6.38230769230769,-0.952669769226041,19.518871803685588,41.28136114582339,-0.27803797895902327,6.351906534325888,0.04299372992971112,46973.5,19051790.0,7.021209640719971e-06,0.00011106863354090103,67.95916071661347,0,1,0
2020,2,Texas,111,Potatoes,6.3228947368421045,1.1788534721380473,3.82,9.61,33521.0,441.0657894736842,39779.0,4.345000000000001,76,116.0,Potatoes,19051790.0,368960.0,51636.5,Exact,1,1,1,0,1,1,19051790.0,0.0,0.9999993155503459,51.63646465741544,19.05179,6.265285714285715,0.9194955375304493,18.644205244618888,45.521167706377526,-0.268499988018913,6.2940902255639095,0.04073573050715206,33047.0,19051790.0,5.046187564837105e-06,7.98081855678237e-05,65.88429265615721,0,1,0
2020,3,Florida,111,Potatoes,6.222469135802469,1.232209936317872,3.71,9.38,32722.0,403.9753086419753,38832.0,4.352345679012346,81,116.0,Potatoes,19051790.0,368960.0,51636.5,Exact,1,1,1,0,1,1,19051790.0,0.0,0.9999993155503459,51.63646465741544,19.05179,6.515675675675676,-4.500017411360819,19.802588159546772,42.9681738242469,-0.9579239886564623,6.369072405739073,0.20732833263258857,34235.5,19051790.0,4.847670163412314e-06,7.790589326542548e-05,64.68775293013971,0,1,0
2020,4,New York,111,Potatoes,6.425697674418605,1.1764268340016872,4.16,9.93,43842.0,509.7906976744186,50965.0,4.481976744186047,86,116.0,Potatoes,19051790.0,368960.0,51636.5,Exact,1,1,1,0,1,1,19051790.0,0.0,0.9999993155503459,51.63646465741544,19.05179,6.438059701492536,-0.19201479400797092,18.30815724003277,43.367492541185605,0.4372444811957723,6.431878687955571,0.008741273173188362,35672.0,19051790.0,6.70719784871592e-06,0.00010438084996463492,68.68023650091855,0,1,0
2020,5,Illinois,111,Potatoes,6.598192771084337,1.3536753443850138,3.72,9.55,45665.0,550.1807228915662,53922.0,4.484578313253013,83,116.0,Potatoes,19051790.0,368960.0,51636.5,Exact,1,1,1,0,1,1,19051790.0,0.0,0.9999993155503459,51.63646465741544,19.05179,6.051323529411766,9.037183998088608,20.515850193363672,47.13072913868139,1.6214271836394865,6.324758150248051,0.38669494920901976,39555.5,19051790.0,7.173629337226383e-06,0.000108721123891133,70.79273153887206,0,1,0
2020,6,Pennsylvania,111,Potatoes,6.583373493975903,1.338208009195218,3.86,9.55,40595.0,489.09638554216866,47375.0,4.4390361445783135,83,116.0,Potatoes,19051790.0,368960.0,51636.5,Exact,1,1,1,0,1,1,19051790.0,0.0,0.9999993155503459,51.63646465741544,19.05179,6.266785714285713,5.0518366850888015,20.32708626390013,48.30637281511233,1.5196925143431503,6.425079604130808,0.22386136585972605,45724.5,19051790.0,6.362847456637689e-06,9.665025784212296e-05,69.8589728838833,0,1,0
2020,7,Ohio,111,Potatoes,6.232650602409639,1.1265510547114959,4.09,8.87,42549.0,512.6385542168674,49542.0,4.317590361445784,83,116.0,Potatoes,19051790.0,368960.0,51636.5,Exact,1,1,1,0,1,1,19251320.0,-1.036448409771382,0.9999993155503459,51.63646465741544,19.05179,6.272790697674417,-0.6399080919384086,18.07499130909013,44.354838709677416,-0.888027992336735,6.252720650042028,0.0283833335591988,44262.5,19051790.0,6.3138260147844424e-06,0.00010130242199592288,66.43030215867864,0,1,0
2020,8,Georgia,111,Potatoes,6.5888636363636355,1.3382132811285814,11.08,9.66,46833.0,532.1931818181819,55533.0,4.4951136363636355,88,116.0,Potatoes,19051790.0,368960.0,51636.5,Exact,1,1,1,0,1,1,19051790.0,0.0,0.9999993155503459,51.63646465741544,19.05179,6.225698924731182,5.8333163235665895,20.310228819170636,46.57835528477894,1.5573824648123202,6.407281280547409,0.25679623028296505,46578.5,19051790.0,7.34671121871001e-06,0.00011150194668112191,70.85904259535727,0,1,0
2020,9,North Carolina,111,Potatoes,6.341594202898551,1.3402344210977837,10.14,8.58,32679.0,473.60869565217394,39674.0,4.39927536231884,69,116.0,Potatoes,19051790.0,368960.0,51636.5,Exact,1,1,1,0,1,1,19051790.0,0.0,0.9999993155503459,51.63646465741544,19.05179,6.331449275362318,0.16023073225446538,21.134029996514172,44.150881238675694,-0.14012773467951437,6.3365217391304345,0.007173547055516548,35133.0,19051790.0,4.933983329046622e-06,7.780351708394471e-05,65.91781857209459,0,1,0
2021,1,California,111,Potatoes,6.4688421052631595,1.4319127686181485,10.01,9.94,43785.0,460.89473684210526,52103.0,4.474526315789474,95,116.0,Potatoes,18717000.0,376200.0,49752.8,Exact,1,2,2,0,1,2,18717000.0,0.0,0.9999998204840842,49.75279106858054,18.717,6.512023809523809,-0.6631072846738739,22.135534386488118,44.57043380069637,0.7334319653647082,6.490432957393484,0.030534075905897285,40444.666666666664,18884395.0,6.864073441104794e-06,0.00010610976940556438,69.13296458494756,0,1,0
2021,10,Michigan,111,Potatoes,6.368481012658228,1.31921799738893,3.62,9.82,40919.0,517.9620253164557,47248.0,4.4177215189873404,79,116.0,Potatoes,18717000.0,376200.0,49752.8,Exact,1,2,2,0,1,2,18717000.0,0.0,0.9999998204840842,49.75279106858054,18.717,6.069195402298851,4.9312238364580585,20.71479831323676,44.157593123209224,0.044450816576370816,6.218838207478539,0.21162688459667067,38221.666666666664,18717000.0,6.315254931643942e-06,9.91642264315699e-05,67.62928308679982,0,1,0
2021,11,New Jersey,111,Potatoes,6.556404494382022,1.5237224508591776,10.5,9.35,43635.0,490.2808988764045,52363.0,4.453146067415729,89,116.0,Potatoes,18717000.0,376200.0,49752.8,Exact,1,2,2,0,1,2,18717000.0,0.0,0.9999998204840842,49.75279106858054,18.717,6.071044776119402,7.994665435046596,23.240214238837883,47.230842984381724,1.3345497280344336,6.313724635250712,0.3432011480982908,39098.0,18717000.0,6.933152234682614e-06,0.00010574625529317806,70.04625073562114,0,1,0
2021,12,Virginia,111,Potatoes,6.1535714285714285,1.411627733201235,3.69,9.56,34379.0,491.12857142857143,39853.0,4.248714285714286,70,116.0,Potatoes,18717000.0,376200.0,49752.8,Exact,1,2,2,0,1,2,18717000.0,0.0,0.9999998204840842,49.75279106858054,18.717,6.5282191780821925,-5.738896616225821,22.93997477053661,44.833731212803876,-1.4309082920835507,6.3408953033268105,0.2649159642353403,37182.0,18717000.0,5.126848720700734e-06,8.331501113152673e-05,64.27547060931491,0,1,0
2021,13,Washington,111,Potatoes,6.329056603773583,1.3974054381854468,3.13,9.78,48151.0,454.25471698113205,56095.0,4.384528301886793,106,116.0,Potatoes,18717000.0,376200.0,49752.8,Exact,1,2,2,0,1,2,18717000.0,0.0,0.9999998204840842,49.75279106858054,18.717,6.342345679012348,-0.2095293431062922,22.079205885949413,44.3497719252947,-0.22619863351052108,6.335701141392965,0.009396795217028886,40281.333333333336,18717000.0,7.385404853431669e-06,0.00011669045350342196,68.24063483454088,0,1,0
2021,14,Arizona,111,Potatoes,6.519240506329112,1.4593393062087698,10.8,9.87,41655.0,527.2784810126582,47446.0,4.366708860759494,79,116.0,Potatoes,18717000.0,376200.0,49752.8,Exact,1,2,2,0,1,2,18717000.0,0.0,0.9999998204840842,49.75279106858054,18.717,6.557872340425533,-0.5890909748010454,22.38511226563878,49.29414151955237,1.0794181175900888,6.538556423377322,0.0273168318592529,43846.333333333336,18717000.0,6.58103436675503e-06,0.00010094786900967875,69.34646964377093,0,1,0
2021,15,Massachusetts,111,Potatoes,6.417411764705884,1.3994685666021813,10.43,9.98,45854.0,539.4588235294118,53259.0,4.367764705882354,85,116.0,Potatoes,18717000.0,376200.0,49752.8,Exact,1,2,2,0,1,2,18717000.0,0.0,0.9999998204840842,49.75279106858054,18.717,6.321505376344087,1.5171447725203504,21.807367485734652,46.92668210957282,0.38036152541628854,6.369458570524985,0.0678160575697374,46600.333333333336,18717000.0,7.131274428340981e-06,0.00011112384072907956,68.87961758826172,0,1,0
2021,2,Texas,111,Potatoes,6.555098039215686,1.4211303164846503,10.26,9.74,48212.0,472.6666666666667,56839.0,4.526470588235294,102,116.0,Potatoes,18717000.0,376200.0,49752.8,Exact,1,2,2,0,1,2,18717000.0,0.0,0.9999998204840842,49.75279106858054,18.717,6.3228947368421045,3.67242081416577,21.679772109933047,44.816980723413465,1.3255808840533694,6.438996388028896,0.16419252972226978,38102.0,18717000.0,7.65886397017905e-06,0.0001168382825757924,70.68613913894579,0,1,0
2021,3,Florida,111,Potatoes,6.433866666666668,1.4929273740353697,10.14,9.42,30033.0,400.44,34868.0,4.422666666666667,75,116.0,Potatoes,18717000.0,376200.0,49752.8,Exact,1,2,2,0,1,2,18717000.0,0.0,0.9999998204840842,49.75279106858054,18.717,6.222469135802469,3.39732550295625,23.204201320647556,45.474826650587886,0.4933247959614644,6.328167901234568,0.14948062760016734,32834.666666666664,18717000.0,4.682748024017622e-06,7.278279558198733e-05,66.33371447826666,0,1,0
2021,4,New York,111,Potatoes,6.259154929577464,1.4698471703634202,10.0,9.09,30837.0,434.32394366197184,36119.0,4.380704225352112,71,116.0,Potatoes,18717000.0,376200.0,49752.8,Exact,1,2,2,0,1,2,19051790.0,-1.757262703399523,0.9999998204840842,49.75279106858054,18.717,6.425697674418605,-2.5918235385422057,23.483156862241863,42.88010802816451,-0.7060751926413975,6.342426301998035,0.11776350423459137,34060.333333333336,18717000.0,4.677543543114586e-06,7.473123122437794e-05,64.69777354888153,0,1,0
2021,5,Illinois,111,Potatoes,6.294823529411765,1.3489251556814605,3.57,9.6,40804.0,480.0470588235294,49183.0,4.35635294117647,85,116.0,Potatoes,18717000.0,376200.0,49752.8,Exact,1,2,2,0,1,2,18717000.0,0.0,0.9999998204840842,49.75279106858054,18.717,6.598192771084337,-4.597762632853731,21.42911789947373,44.49755596964543,-0.4612094558140115,6.446508150248051,0.21451444799009603,39971.666666666664,18717000.0,6.224669753066217e-06,9.888553227874041e-05,66.82937107191063,0,1,0
2021,6,Pennsylvania,111,Potatoes,6.464190476190474,1.4225125259367264,4.01,9.9,52279.0,497.8952380952381,62532.0,4.4576190476190485,105,116.0,Potatoes,18717000.0,376200.0,49752.8,Exact,1,2,2,0,1,2,18717000.0,0.0,0.9999998204840842,49.75279106858054,18.717,6.583373493975903,-1.8103639098478432,22.006042847534594,45.01442153616059,0.7014984275857603,6.523781985083188,0.08427512007835355,47909.333333333336,18717000.0,8.189764874277642e-06,0.00012669436187629326,70.22935170391042,0,1,0
2021,7,Ohio,111,Potatoes,6.202553191489362,1.2241054984492927,4.02,9.99,43295.0,460.5851063829787,50699.0,4.358297872340426,94,116.0,Potatoes,18717000.0,376200.0,49752.8,Exact,1,2,2,0,1,2,18717000.0,0.0,0.9999998204840842,49.75279106858054,18.717,6.232650602409639,-0.48289905595928695,19.73550988855542,42.31595391525092,-1.0946473924765476,6.217601896949501,0.021282083357885884,43940.0,18717000.0,6.507860845227686e-06,0.0001049222899717691,66.21731369337286,0,1,0
2021,8,Georgia,111,Potatoes,6.420985915492959,1.4929770402306712,11.54,9.44,35380.0,498.3098591549296,42034.0,4.44169014084507,71,116.0,Potatoes,18717000.0,376200.0,49752.8,Exact,1,2,2,0,1,2,18717000.0,0.0,0.9999998204840842,49.75279106858054,18.717,6.5888636363636355,-2.547900975582001,23.251523362297405,44.5617706747844,0.40489815062935974,6.504924775928297,0.11870747483779794,42845.666666666664,18717000.0,5.505408671227465e-06,8.574086197485138e-05,67.25295849869694,0,1,0
2021,9,North Carolina,111,Potatoes,6.480515463917527,1.486771089709467,10.16,9.83,37239.0,383.9072164948454,44793.0,4.417216494845363,97,116.0,Potatoes,18717000.0,376200.0,49752.8,Exact,1,2,2,0,1,2,18717000.0,0.0,0.9999998204840842,49.75279106858054,18.717,6.341594202898551,2.190636243414619,22.94217331919923,46.710388125189596,0.8135698340063384,6.4110548334080395,0.09823216571750436,35835.0,18717000.0,5.848406863095278e-06,9.024601354102574e-05,68.2083243086567,0,1,0
2022,1,California,111,Potatoes,6.24441860465116,1.338427175852896,3.81,9.71,31791.0,369.66279069767444,37754.0,4.270116279069768,86,116.0,Potatoes,18236860.0,371590.0,49077.9,Exact,1,3,3,1,1,3,18236860.0,0.0,1.0000001721239589,49.07790844748244,18.23686,6.4688421052631595,-3.469299404129912,21.433975852547228,46.2353293576232,-0.8072403933493131,6.35663035495716,0.15869137914036827,37678.0,18476930.0,4.937560055142229e-06,7.907157363640684e-05,64.73570012200445,0,1,0
2022,10,Michigan,111,Potatoes,6.338571428571428,1.3800626552192574,3.86,9.93,28928.0,375.68831168831167,33959.0,4.299870129870131,77,116.0,Potatoes,18236860.0,371590.0,49077.9,Exact,1,3,3,1,1,3,18236860.0,0.0,1.0000001721239589,49.07790844748244,18.23686,6.368481012658228,-0.46965020430069315,21.772455682972286,47.41309009634838,-0.1608791481443647,6.353526220614828,0.02114926973024569,34408.0,18236860.0,4.560642083481486e-06,7.195063012028489e-05,65.11360778705568,0,1,0
2022,11,New Jersey,111,Potatoes,6.398217821782176,1.2744303794555465,10.37,9.99,43151.0,427.23762376237624,50947.0,4.412079207920794,101,116.0,Potatoes,18236860.0,371590.0,49077.9,Exact,1,3,3,1,1,3,18236860.0,0.0,1.0000001721239589,49.07790844748244,18.23686,6.556404494382022,-2.4127045964810585,19.918521296928326,45.01593285759157,0.24859467730702378,6.477311158082099,0.11185486888868716,38033.666666666664,18236860.0,6.8669846844328326e-06,0.0001073265224115187,68.28487762183312,0,1,0
2022,12,Virginia,111,Potatoes,6.3330769230769235,1.2579702345004478,10.14,9.36,38772.0,497.0769230769231,46530.0,4.41846153846154,78,116.0,Potatoes,18236860.0,371590.0,49077.9,Exact,1,3,3,1,1,3,18236860.0,0.0,1.0000001721239589,49.07790844748244,18.23686,6.1535714285714285,2.9170945131479167,19.863492103128653,43.33217270194982,-0.19859905143925566,6.243324175824176,0.12692955242508008,37132.333333333336,18236860.0,6.107298682888553e-06,9.643493608350683e-05,66.91199381427612,0,1,0
2022,13,Washington,111,Potatoes,6.54164383561644,1.2784582877854507,3.95,9.67,34626.0,474.32876712328766,41173.0,4.415616438356164,73,116.0,Potatoes,18236860.0,371590.0,49077.9,Exact,1,3,3,1,1,3,18236860.0,0.0,1.0000001721239589,49.07790844748244,18.23686,6.329056603773583,3.3589086834221993,19.54337961392509,48.14791834708698,1.233217474974806,6.435350219695011,0.15032187322976093,39764.666666666664,18236860.0,5.633851722112018e-06,8.61228746731535e-05,68.37580609256635,0,1,0
2022,14,Arizona,111,Potatoes,6.351182795698926,1.5040502199224004,10.1,9.84,42444.0,456.38709677419354,49977.0,4.465161290322582,93,116.0,Potatoes,18236860.0,371590.0,49077.9,Exact,1,3,3,1,1,3,18236860.0,0.0,1.0000001721239589,49.07790844748244,18.23686,6.519240506329112,-2.577872536947049,23.681419167166087,42.23859750517746,-0.07430183032361352,6.4352116510140185,0.118834746817291,41632.333333333336,18236860.0,6.7048198171156665e-06,0.00010556804980729299,67.67797776360189,0,1,0
2022,15,Massachusetts,111,Potatoes,6.43835164835165,1.1823998794694945,4.03,9.27,41646.0,457.64835164835165,48729.0,4.351758241758239,91,116.0,Potatoes,18236860.0,371590.0,49077.9,Exact,1,3,3,1,1,3,18236860.0,0.0,1.0000001721239589,49.07790844748244,18.23686,6.417411764705884,0.32629795957506874,18.364947179798936,47.948284134239145,0.5241142956909807,6.427881706528767,0.01480673372317822,44717.0,18236860.0,6.669053184914424e-06,0.00010358323914509765,68.48464743713329,0,1,0
2022,2,Texas,111,Potatoes,6.596904761904759,1.3608537152074496,10.26,9.62,29570.0,352.0238095238095,34759.0,4.46452380952381,84,116.0,Potatoes,18236860.0,371590.0,49077.9,Exact,1,3,3,1,1,3,18236860.0,0.0,1.0000001721239589,49.07790844748244,18.23686,6.555098039215686,0.63777417879894,20.628670025160755,47.76278598474742,1.6125849717707033,6.576001400560223,0.0295618171126292,37101.0,18236860.0,4.851854088930366e-06,7.354743268310371e-05,67.9121621586313,0,1,0
2022,3,Florida,111,Potatoes,6.31635294117647,1.2687243753535462,3.58,9.98,26591.0,312.83529411764704,31144.0,4.299882352941176,85,116.0,Potatoes,18236860.0,371590.0,49077.9,Exact,1,3,3,1,1,3,18717000.0,-2.565261526954106,1.0000001721239589,49.07790844748244,18.23686,6.433866666666668,-1.8264868014599427,20.086343926139698,46.89594790555146,-0.3134095617975642,6.3751098039215695,0.08309475217661307,29782.0,18236860.0,4.177507633785276e-06,6.613797032385563e-05,64.35331364016572,0,1,0
2022,4,New York,111,Potatoes,6.29548387096774,1.3008797325430872,10.63,9.1,37826.0,406.73118279569894,44772.0,4.346559139784946,93,116.0,Potatoes,18236860.0,371590.0,49077.9,Exact,1,3,3,1,1,3,18236860.0,0.0,1.0000001721239589,49.07790844748244,18.23686,6.259154929577464,0.5804128799976462,20.663697329798993,44.8383346114835,-0.4566761962408128,6.277319400272602,0.02568844081039224,37501.666666666664,18236860.0,5.922918090709284e-06,9.408201517318501e-05,66.35930048233982,0,1,0
2022,5,Illinois,111,Potatoes,6.4863513513513515,1.302222099109483,4.02,9.54,33112.0,447.4594594594595,38978.0,4.457027027027029,74,116.0,Potatoes,18236860.0,371590.0,49077.9,Exact,1,3,3,1,1,3,18236860.0,0.0,1.0000001721239589,49.07790844748244,18.23686,6.294823529411765,3.042624166423362,20.0763422850688,45.53089564004604,0.8536333319615035,6.390587440381559,0.13543062167937117,39860.333333333336,18236860.0,5.34197776533693e-06,8.23572063240761e-05,67.50787723337324,0,1,0
2022,6,Pennsylvania,111,Potatoes,6.338421052631582,1.228546081221299,3.52,9.05,30238.0,397.86842105263156,35089.0,4.402236842105263,76,116.0,Potatoes,18236860.0,371590.0,49077.9,Exact,1,3,3,1,1,3,18236860.0,0.0,1.0000001721239589,49.07790844748244,18.23686,6.464190476190474,-1.945633007290518,19.382525569380277,43.98182742027087,-0.1619114823397792,6.401305764411028,0.08893241226441564,41037.333333333336,18236860.0,4.767056957842689e-06,7.520890326248529e-05,65.39277858172889,0,1,0
2022,7,Ohio,111,Potatoes,6.287012987012985,1.279547684201299,3.48,9.29,31774.0,412.64935064935065,37447.0,4.3509090909090915,77,116.0,Potatoes,18236860.0,371590.0,49077.9,Exact,1,3,3,1,1,3,18236860.0,0.0,1.0000001721239589,49.07790844748244,18.23686,6.202553191489362,1.361694013999133,20.352235423156383,44.49883589039453,-0.5148290043352199,6.2447830892511735,0.0597220941523829,39206.0,18236860.0,4.968581770010447e-06,7.902929070250042e-05,65.17391207794168,0,1,0
2022,8,Georgia,111,Potatoes,6.22453488372093,1.1574806891813076,3.83,8.81,30443.0,353.98837209302326,35621.0,4.365581395348838,86,116.0,Potatoes,18236860.0,371590.0,49077.9,Exact,1,3,3,1,1,3,18236860.0,0.0,1.0000001721239589,49.07790844748244,18.23686,6.420985915492959,-3.0595150706999643,18.595456701648104,42.582037076496874,-0.9437425829241568,6.322760399606944,0.13891185673709572,37552.0,18236860.0,4.713142229474234e-06,7.571878570076856e-05,64.25988350845472,0,1,0
2022,9,North Carolina,111,Potatoes,6.348631578947369,1.368455885937913,10.36,9.19,39818.0,419.13684210526316,46661.0,4.509368421052631,95,116.0,Potatoes,18236860.0,371590.0,49077.9,Exact,1,3,3,1,1,3,18236860.0,0.0,1.0000001721239589,49.07790844748244,18.23686,6.480515463917527,-2.0350832538625387,21.5551315101641,40.7876000840356,-0.09181599046946672,6.414573521432448,0.09325598939162517,36578.666666666664,18236860.0,6.287467601125504e-06,9.903658013445463e-05,67.24533714637039,0,1,0
2023,1,California,111,Potatoes,6.206190476190476,1.1914481984223273,3.93,9.69,41110.0,391.5238095238095,48379.0,4.298285714285714,105,116.0,Potatoes,19992090.0,388580.0,51449.1,Exact,1,4,4,1,1,4,19992090.0,0.0,0.9999999360747216,51.44909671110196,19.99209,6.24441860465116,-0.6121967613159337,19.197738177602144,44.38757422671275,-1.0696773515294205,6.225304540420818,0.027031368866620126,38895.333333333336,19114475.0,5.788694579620921e-06,9.327291197118036e-05,65.93476003936328,0,1,0
2023,10,Michigan,111,Potatoes,6.389565217391304,1.409848171615537,10.22,9.78,26583.0,385.2608695652174,31054.0,4.437391304347825,69,116.0,Potatoes,19992090.0,388580.0,51449.1,Exact,1,4,4,1,1,4,19992090.0,0.0,0.9999999360747216,51.44909671110196,19.99209,6.338571428571428,0.8044997109288552,22.064852985273102,43.9937291789144,0.1891943543481925,6.364068322981366,0.03605805387292918,32143.333333333332,19992090.0,3.8537483996270474e-06,6.031315541060295e-05,65.09730454272433,0,1,0
2023,11,New Jersey,111,Potatoes,6.5608749999999985,1.4755476938531815,10.02,9.03,37580.0,469.75,43952.0,4.554875000000001,80,116.0,Potatoes,19992090.0,388580.0,51449.1,Exact,1,4,4,1,1,4,19992090.0,0.0,0.9999999360747216,51.44909671110196,19.99209,6.398217821782176,2.542226331589867,22.490105265733334,44.04072559620181,1.3652398492396975,6.479546410891087,0.1150159937264908,41455.333333333336,19992090.0,5.594053275514651e-06,8.526382952753485e-05,69.11392294142787,0,1,0
2023,12,Virginia,111,Potatoes,6.339166666666666,1.361767285758565,10.16,9.7,39128.0,465.8095238095238,47037.0,4.3409523809523805,84,116.0,Potatoes,19992090.0,388580.0,51449.1,Exact,1,4,4,1,1,4,19992090.0,0.0,0.9999999360747216,51.44909671110196,19.99209,6.3330769230769235,0.09615773917971301,21.481802851456262,46.03170250109698,-0.15679282528741598,6.336121794871795,0.004306098987994515,37426.333333333336,19992090.0,5.627660357277361e-06,8.87760277209522e-05,67.03427328567088,0,1,0
2023,13,Washington,111,Potatoes,6.122333333333331,1.3472677719882573,10.15,9.89,33976.0,377.5111111111111,39330.0,4.289222222222222,90,116.0,Potatoes,19992090.0,388580.0,51449.1,Exact,1,4,4,1,1,4,19992090.0,0.0,0.9999999360747216,51.44909671110196,19.99209,6.54164383561644,-6.40986444416529,22.005789274050056,42.73761106649739,-1.6453585156161552,6.331988584474885,0.2964972995871235,38917.666666666664,19992090.0,4.719513993039694e-06,7.708685130461746e-05,63.87699200833852,0,1,0
2023,14,Arizona,111,Potatoes,6.434456521739131,1.2962722242675528,10.02,8.99,41049.0,446.1847826086956,47918.0,4.417934782608696,92,116.0,Potatoes,19992090.0,388580.0,51449.1,Exact,1,4,4,1,1,4,19992090.0,0.0,0.9999999360747216,51.44909671110196,19.99209,6.351182795698926,1.3111530358817363,20.145791954425878,45.64399065075656,0.49737416424648423,6.392819658719029,0.05888341637769974,41716.0,19992090.0,5.992699642533935e-06,9.313451139637515e-05,68.35031112636798,0,1,0
2023,15,Massachusetts,111,Potatoes,6.203939393939394,1.3073565563767084,3.71,9.8,26016.0,394.1818181818182,30345.0,4.364242424242424,66,116.0,Potatoes,19992090.0,388580.0,51449.1,Exact,1,4,4,1,1,4,19992090.0,0.0,0.9999999360747216,51.44909671110196,19.99209,6.43835164835165,-3.640873739356407,21.07300657472348,42.153867518400226,-1.0851310816065989,6.321145521145522,0.16575449468813208,37838.666666666664,19992090.0,3.661981359520572e-06,5.902671072347916e-05,63.07238365681039,0,1,0
2023,2,Texas,111,Potatoes,6.265,1.245408434480311,3.4,9.45,39906.0,475.07142857142856,47015.0,4.391071428571429,84,116.0,Potatoes,19992090.0,388580.0,51449.1,Exact,1,4,4,1,1,4,19992090.0,0.0,0.9999999360747216,51.44909671110196,19.99209,6.596904761904759,-5.031219547406758,19.878825769837366,42.675884505896676,-0.665948653263037,6.430952380952379,0.23469210785096192,39229.333333333336,19992090.0,5.6724063219140956e-06,9.054120226518908e-05,66.37333351843439,0,1,0
2023,3,Florida,111,Potatoes,6.244749999999999,1.4560993280558017,10.56,9.7,25087.0,313.5875,29826.0,4.32775,80,116.0,Potatoes,19992090.0,388580.0,51449.1,Exact,1,4,4,1,1,4,18236860.0,9.624628362558028,0.9999999360747216,51.44909671110196,19.99209,6.31635294117647,-1.1336120993127208,23.31717567646106,44.295534631159356,-0.8049653568563859,6.280551470588234,0.05063092525878437,27237.0,19992090.0,3.5544453829439296e-06,5.691893803505233e-05,63.260222508841785,0,1,0
2023,4,New York,111,Potatoes,6.129493670886077,1.3606040313359484,10.23,9.34,30972.0,392.0506329113924,36823.0,4.312151898734178,79,116.0,Potatoes,19992090.0,388580.0,51449.1,Exact,1,4,4,1,1,4,19992090.0,0.0,0.9999999360747216,51.44909671110196,19.99209,6.29548387096774,-2.636655156041981,22.197657822840362,42.1446603651735,-1.596202637927343,6.2124887709269085,0.11737279608825515,33211.666666666664,19992090.0,4.3072681564353685e-06,7.02711902109316e-05,63.384304180863445,0,1,0
2023,5,Illinois,111,Potatoes,6.315616438356164,1.2421788499574378,4.04,9.4,27881.0,381.93150684931504,33145.0,4.272739726027396,73,116.0,Potatoes,19992090.0,388580.0,51449.1,Exact,1,4,4,1,1,4,19992090.0,0.0,0.9999999360747216,51.44909671110196,19.99209,6.4863513513513515,-2.6322180798858033,19.66837065046264,47.81186880831012,-0.3184656701563868,6.400983894853757,0.1207278147641922,33932.333333333336,19992090.0,3.995141370557827e-06,6.325813813350717e-05,64.64498631898961,0,1,0
2023,6,Pennsylvania,111,Potatoes,6.425194805194807,1.273371623093186,3.83,9.1,32440.0,421.2987012987013,38467.0,4.464675324675325,77,116.0,Potatoes,19992090.0,388580.0,51449.1,Exact,1,4,4,1,1,4,19992090.0,0.0,0.9999999360747216,51.44909671110196,19.99209,6.338421052631582,1.3690121221467038,19.818412697209702,43.911804060736564,0.43379227271029486,6.381807928913195,0.06135830886646,38319.0,19992090.0,4.729064135190321e-06,7.360187945378474e-05,66.73964427157293,0,1,0
2023,7,Ohio,111,Potatoes,6.426190476190476,1.1775652896865079,10.71,8.91,40018.0,476.4047619047619,46879.0,4.479404761904762,84,116.0,Potatoes,19992090.0,388580.0,51449.1,Exact,1,4,4,1,1,4,19992090.0,0.0,0.9999999360747216,51.44909671110196,19.99209,6.287012987012985,2.213729945603549,18.324469124428802,43.460812714274304,0.4406275763982617,6.35660173160173,0.09841334638592095,38362.333333333336,19992090.0,5.834679872246362e-06,9.079531479597897e-05,68.09904491724225,0,1,0
2023,8,Georgia,111,Potatoes,6.223703703703704,1.5558618547644618,3.41,9.67,36436.0,449.82716049382714,43252.0,4.341358024691358,81,116.0,Potatoes,19992090.0,388580.0,51449.1,Exact,1,4,4,1,1,4,19992090.0,0.0,0.9999999360747216,51.44909671110196,19.99209,6.22453488372093,-0.013353287157239808,24.998970530016944,43.35845300725153,-0.9494486523605712,6.224119293712317,0.0005877330265671278,34086.333333333336,19992090.0,5.1450270325376996e-06,8.266825153446673e-05,65.36967618915897,0,1,0
2023,9,North Carolina,111,Potatoes,6.56588888888889,1.39690821881227,10.91,9.96,32872.0,365.24444444444447,39177.0,4.467555555555556,90,116.0,Potatoes,19992090.0,388580.0,51449.1,Exact,1,4,4,1,1,4,19992090.0,0.0,0.9999999360747216,51.44909671110196,19.99209,6.348631578947369,3.422112422808801,21.275233901325755,46.96826502188619,1.3996603087713995,6.457260233918129,0.15362411712199667,36643.0,19992090.0,4.89697307556359e-06,7.458202778683144e-05,68.28791630901337,0,1,0
2019,1,California,112,Carrots,13.927373737373735,2.7355664211657067,10.09,9.99,50163.0,506.6969696969697,59492.0,9.796666666666665,99,426.0,Carrots and turnips,1510304.0,29178.0,51762.0,Approximate,1,4,0,0,1,0,1510304.0,0.0,0.9999949440898037,51.76173829597642,1.510304,,,19.641652997541723,42.16441378741481,-0.7640306535682232,13.927373737373735,,50163.0,1510304.0,0.00020982373619248828,0.0015065563698447462,150.73670295365122,0,1,0
2019,10,Michigan,112,Carrots,13.74384615384616,2.7983005831836865,10.17,9.95,31890.0,350.43956043956047,37348.0,9.71010989010989,91,426.0,Carrots and turnips,1510304.0,29178.0,51762.0,Approximate,1,4,0,0,1,0,1510304.0,0.0,0.9999949440898037,51.76173829597642,1.510304,,,20.360389310677736,41.541612910527206,-1.351023692617515,13.74384615384616,,31890.0,1510304.0,0.0001316329725752375,0.000957759357182564,142.52477199145093,0,1,0
2019,11,New Jersey,112,Carrots,14.308333333333334,3.1988555713398714,10.16,9.81,53693.0,596.5888888888888,61813.0,9.905555555555555,90,426.0,Carrots and turnips,1510304.0,29178.0,51762.0,Approximate,1,4,0,0,1,0,1510304.0,0.0,0.9999949440898037,51.76173829597642,1.510304,,,22.356591063528512,44.447560291643306,0.4544272299232622,14.308333333333334,,53693.0,1510304.0,0.00023073241069471685,0.0016125736332769961,155.83286736099615,0,1,0
2019,12,Virginia,112,Carrots,14.431797752808992,3.097335204288061,10.14,9.04,46218.0,519.3033707865169,54976.0,9.588988764044947,89,426.0,Carrots and turnips,1510304.0,29178.0,51762.0,Approximate,1,4,0,0,1,0,1510304.0,0.0,0.9999949440898037,51.76173829597642,1.510304,,,21.461880614874875,50.503855077218695,0.8493147634998389,14.431797752808992,,46218.0,1510304.0,0.00020032422290903727,0.0013880753204849087,155.0140502835953,0,1,0
2019,13,Washington,112,Carrots,14.221777777777788,3.3563887019535965,10.2,9.94,40891.0,454.34444444444443,47976.0,9.89177777777778,90,426.0,Carrots and turnips,1510304.0,29178.0,51762.0,Approximate,1,4,0,0,1,0,1510304.0,0.0,0.9999949440898037,51.76173829597642,1.510304,,,23.600345571410315,43.77372902298213,0.17758868813253648,14.221777777777788,,40891.0,1510304.0,0.00017465599780464757,0.0012280883623252499,151.01664554414992,0,1,0
2019,14,Arizona,112,Carrots,14.14601851851852,2.8265681909289953,10.1,9.92,57882.0,535.9444444444445,68746.0,9.674814814814807,108,426.0,Carrots and turnips,1510304.0,29178.0,51762.0,Approximate,1,4,0,0,1,0,1510304.0,0.0,0.9999949440898037,51.76173829597642,1.510304,,,19.981369225755934,46.21487634943739,-0.06471907277164056,14.14601851851852,,57882.0,1510304.0,0.00024591195112706363,0.0017383827880978729,155.12777136384736,0,1,0
2019,15,Massachusetts,112,Carrots,13.921666666666667,3.1151429329900338,10.01,9.89,34429.0,478.18055555555554,40356.0,9.74777777777778,72,426.0,Carrots and turnips,1510304.0,29178.0,51762.0,Approximate,1,4,0,0,1,0,1510304.0,0.0,0.9999949440898037,51.76173829597642,1.510304,,,22.376221235412668,42.81887609711613,-0.7822840992575336,13.921666666666667,,34429.0,1510304.0,0.00014395194066906382,0.001034013700484117,145.43524624340992,0,1,0
2019,2,Texas,112,Carrots,14.265058823529413,3.30803121693446,10.51,9.94,44793.0,526.9764705882353,53131.0,9.953764705882351,85,426.0,Carrots and turnips,1510304.0,29178.0,51762.0,Approximate,1,4,0,0,1,0,1510304.0,0.0,0.9999949440898037,51.76173829597642,1.510304,,,23.18974816618385,43.313201035375364,0.3160184112872616,14.265058823529413,,44793.0,1510304.0,0.00019190469565255337,0.0013452779832636747,152.77634753447185,0,1,0
2019,3,Florida,112,Carrots,13.99385416666667,2.5836259179246377,10.1,9.66,46853.0,488.0520833333333,55386.0,9.78270833333333,96,426.0,Carrots and turnips,1510304.0,29178.0,51762.0,Approximate,1,4,0,0,1,0,1510304.0,0.0,0.9999949440898037,51.76173829597642,1.510304,,,18.462575693255605,43.046830078582616,-0.5514002223388013,13.99385416666667,,46853.0,1510304.0,0.000196914017172712,0.0014071464146150727,150.5009861233754,0,1,0
2019,4,New York,112,Carrots,14.18338235294117,2.9647745932764717,10.08,9.87,30546.0,449.20588235294116,37189.0,9.810441176470588,68,426.0,Carrots and turnips,1510304.0,29178.0,51762.0,Approximate,1,4,0,0,1,0,1510304.0,0.0,0.9999949440898037,51.76173829597642,1.510304,,,20.903156380478414,44.574358051895416,0.05478509274247763,14.18338235294117,,30546.0,1510304.0,0.00013011759950546522,0.0009173947107086421,146.47209819071512,0,1,0
2019,5,Illinois,112,Carrots,13.842207792207795,2.6518015839170164,10.01,9.53,50657.0,657.8831168831168,60297.0,9.595974025974026,77,426.0,Carrots and turnips,1510304.0,29178.0,51762.0,Approximate,1,4,0,0,1,0,1510304.0,0.0,0.9999949440898037,51.76173829597642,1.510304,,,19.15736003767981,44.25015902231728,-1.0364246774831591,13.842207792207795,,50657.0,1510304.0,0.00021059434995451996,0.0015213927800814405,149.95059451075596,0,1,0
2019,6,Pennsylvania,112,Carrots,14.211481481481485,3.364276709454467,10.01,9.9,37382.0,461.5061728395062,43502.0,9.866419753086419,81,426.0,Carrots and turnips,1510304.0,29178.0,51762.0,Approximate,1,4,0,0,1,0,1510304.0,0.0,0.9999949440898037,51.76173829597642,1.510304,,,23.67294862142519,44.03888986210872,0.14465710293019002,14.211481481481485,,37382.0,1510304.0,0.0001595525579010268,0.001122701796494155,149.6322811408733,0,1,0
2019,7,Ohio,112,Carrots,14.323896103896098,3.05214642154292,10.02,9.7,30439.0,395.31168831168833,36265.0,9.846493506493507,77,426.0,Carrots and turnips,1510304.0,29178.0,51762.0,Approximate,1,4,0,0,1,0,,,0.9999949440898037,51.76173829597642,1.510304,,,21.30807427954421,45.47205149173013,0.5042030609622603,14.323896103896098,,30439.0,1510304.0,0.0001309463590247462,0.0009141811562646617,147.87292494597907,0,1,0
2019,8,Georgia,112,Carrots,13.948478260869562,3.125975165574089,10.25,9.85,41541.0,451.5326086956522,48664.0,9.701956521739133,92,426.0,Carrots and turnips,1510304.0,29178.0,51762.0,Approximate,1,4,0,0,1,0,1510304.0,0.0,0.9999949440898037,51.76173829597642,1.510304,,,22.410868821035194,43.76974612919843,-0.6965301277813646,13.948478260869562,,41541.0,1510304.0,0.00017402260331762591,0.001247609954741953,148.33453751049066,0,1,0
2019,9,North Carolina,112,Carrots,14.596746987951809,2.797236488355892,10.14,9.69,44331.0,534.1084337349398,52281.0,9.958674698795182,83,426.0,Carrots and turnips,1510304.0,29178.0,51762.0,Approximate,1,4,0,0,1,0,1510304.0,0.0,0.9999949440898037,51.76173829597642,1.510304,,,19.163423813982238,46.57318799375733,1.3768869734330176,14.596746987951809,,44331.0,1510304.0,0.0001943414741734263,0.001331402636038264,156.17734034734022,0,1,0
2020,1,California,112,Carrots,14.103229166666665,3.1718686157139104,10.08,9.73,40990.0,426.9791666666667,48982.0,9.639583333333333,96,426.0,Carrots and turnips,1395024.0,28005.0,49813.4,Approximate,1,1,1,0,1,1,1395024.0,0.0,0.99999980860548,49.81339046598821,1.395024,13.927373737373735,1.2626603738006044,22.490371376866662,46.305381456667384,-0.2015761664013627,14.0153014520202,0.12434856656150252,45576.5,1452664.0,0.000187966761509824,0.001332792364702462,149.79191743977057,0,1,0
2020,10,Michigan,112,Carrots,14.406933333333336,2.795728389029454,10.43,9.31,36968.0,492.9066666666667,43312.0,9.871333333333332,75,426.0,Carrots and turnips,1395024.0,28005.0,49813.4,Approximate,1,1,1,0,1,1,1395024.0,0.0,0.99999980860548,49.81339046598821,1.395024,13.74384615384616,4.8246114811290575,19.405437120757508,45.947187141217036,0.7697886188643744,14.07538974358975,0.46887344113324364,34429.0,1395024.0,0.00017317375729631034,0.0012020167879561018,151.52974769354788,0,1,0
2020,11,New Jersey,112,Carrots,13.630641025641026,2.874630338626096,10.04,9.96,41392.0,530.6666666666666,51038.0,9.321410256410255,78,426.0,Carrots and turnips,1395024.0,28005.0,49813.4,Approximate,1,1,1,0,1,1,1395024.0,0.0,0.99999980860548,49.81339046598821,1.395024,14.308333333333334,-4.736346937861207,21.089472851779593,46.22938644147059,-1.7130979975467926,13.96948717948718,0.47920082632719097,47542.5,1395024.0,0.00018344981138903742,0.0013458634193648283,144.9055327324043,0,1,0
2020,12,Virginia,112,Carrots,14.186702127659574,2.7854863432410726,10.04,9.91,55725.0,592.8191489361702,64803.0,9.692340425531913,94,426.0,Carrots and turnips,1395024.0,28005.0,49813.4,Approximate,1,1,1,0,1,1,1395024.0,0.0,0.99999980860548,49.81339046598821,1.395024,14.431797752808992,-1.6983027987744106,19.634488115530786,46.370241910699406,0.06540303154742252,14.309249940234283,0.17330877858230934,50971.5,1395024.0,0.0002570491103154538,0.0018119017936824762,155.03514803123102,0,1,0
2020,13,Washington,112,Carrots,14.394545454545455,3.1231953535283283,10.03,9.9,42604.0,484.1363636363636,50878.0,9.7825,88,426.0,Carrots and turnips,1395024.0,28005.0,49813.4,Approximate,1,1,1,0,1,1,1395024.0,0.0,0.99999980860548,49.81339046598821,1.395024,14.221777777777788,1.2148106901067182,21.69707521081951,47.14587737843551,0.7301673342743087,14.308161616161621,0.12216519581226234,41747.5,1395024.0,0.00019940356074257115,0.0013852716737200216,153.4419233412849,0,1,0
2020,14,Arizona,112,Carrots,14.109886363636365,3.281592511605562,10.06,9.8,45451.0,516.4886363636364,52734.0,9.806704545454545,88,426.0,Carrots and turnips,1395024.0,28005.0,49813.4,Approximate,1,1,1,0,1,1,1395024.0,0.0,0.99999980860548,49.81339046598821,1.395024,14.14601851851852,-0.2554227879375024,23.257398585879457,43.87999860948564,-0.1802838450745977,14.127952441077444,0.025549291736054684,51666.5,1395024.0,0.00020852183436610456,0.0014778420533811075,151.32023609067124,0,1,0
2020,15,Massachusetts,112,Carrots,14.235930232558141,3.049691740606302,10.1,9.91,38679.0,449.75581395348837,46873.0,9.82186046511628,86,426.0,Carrots and turnips,1395024.0,28005.0,49813.4,Approximate,1,1,1,0,1,1,1395024.0,0.0,0.99999980860548,49.81339046598821,1.395024,13.921666666666667,2.2573702805565032,21.422497095634363,44.94127953781313,0.22285377734610953,14.078798449612403,0.22221789852172705,36554.0,1395024.0,0.0001790381848158633,0.0012576500579245312,150.3752407311124,0,1,0
2020,2,Texas,112,Carrots,14.03766666666667,2.3755288234435796,10.47,9.93,46555.0,517.2777777777778,55040.0,9.693888888888889,90,426.0,Carrots and turnips,1395024.0,28005.0,49813.4,Approximate,1,1,1,0,1,1,1395024.0,0.0,0.99999980860548,49.81339046598821,1.395024,14.265058823529413,-1.594049906668963,16.922533351532156,44.809444667316214,-0.4112707005032847,14.15136274509804,0.1607905361062809,45674.0,1395024.0,0.0002124935902587011,0.0015137386811105908,150.88261317352985,0,1,0
2020,3,Florida,112,Carrots,13.70056818181818,2.8034229315657737,10.06,9.75,44764.0,508.6818181818182,52702.0,9.818749999999996,88,426.0,Carrots and turnips,1395024.0,28005.0,49813.4,Approximate,1,1,1,0,1,1,1395024.0,0.0,0.99999980860548,49.81339046598821,1.395024,13.99385416666667,-2.0958199317747392,20.46209247939187,39.53474914646147,-1.4894435848010632,13.847211174242425,0.20738450871334224,45808.5,1395024.0,0.00019941234616435192,0.001455504206234228,146.7218762864573,0,1,0
2020,4,New York,112,Carrots,14.040394736842108,3.2508187443737815,10.09,9.87,37061.0,487.64473684210526,43322.0,9.53092105263158,76,426.0,Carrots and turnips,1395024.0,28005.0,49813.4,Approximate,1,1,1,0,1,1,1395024.0,0.0,0.99999980860548,49.81339046598821,1.395024,14.18338235294117,-1.0081348196145212,23.15332870124803,47.31414371505489,-0.4025452644013071,14.111888544891638,0.101107512969345,33803.5,1395024.0,0.00016919246942764563,0.0012050406886615747,147.7098311762685,0,1,0
2020,5,Illinois,112,Carrots,14.661976744186045,3.2155584346286767,10.25,9.83,38206.0,444.25581395348837,45298.0,9.922209302325584,86,426.0,Carrots and turnips,1395024.0,28005.0,49813.4,Approximate,1,1,1,0,1,1,1395024.0,0.0,0.99999980860548,49.81339046598821,1.395024,13.842207792207795,5.922241338117493,21.931274961977763,47.769274941111625,1.5855172627465917,14.25209226819692,0.5796641849500104,44431.5,1395024.0,0.0001821414021192516,0.0012422704339063737,154.69520337129742,0,1,0
2020,6,Pennsylvania,112,Carrots,13.728313253012049,2.56153289628001,10.21,9.58,37651.0,453.6265060240964,45088.0,9.887469879518072,83,426.0,Carrots and turnips,1395024.0,28005.0,49813.4,Approximate,1,1,1,0,1,1,1510304.0,-7.632900396211624,0.99999980860548,49.81339046598821,1.395024,14.211481481481485,-3.3998441970954043,18.658759084754998,38.84556332707822,-1.4007039885742072,13.969897367246766,0.3416515308046295,37516.5,1395024.0,0.00016806538455680422,0.0012242245748575848,144.64344896742818,0,1,0
2020,7,Ohio,112,Carrots,14.427631578947368,3.0154919476054967,10.24,9.98,58740.0,515.2631578947369,68637.0,9.935701754385965,114,426.0,Carrots and turnips,1395024.0,28005.0,49813.4,Approximate,1,1,1,0,1,1,1395024.0,0.0,0.99999980860548,49.81339046598821,1.395024,14.323896103896098,0.7242127023181476,20.900810580758574,45.20999055329442,0.8359897089808563,14.375763841421733,0.07335205785836078,44589.5,1395024.0,0.00027555834244111433,0.0019099347036502226,158.42828191262495,0,1,0
2020,8,Georgia,112,Carrots,14.019397590361447,2.8954448453025736,10.18,9.62,34931.0,420.855421686747,41525.0,9.565060240963854,83,426.0,Carrots and turnips,1395024.0,28005.0,49813.4,Approximate,1,1,1,0,1,1,1395024.0,0.0,0.99999980860548,49.81339046598821,1.395024,13.948478260869562,0.5084377533199325,20.653133108181745,46.568837385061116,-0.4697023564696771,13.983937925615503,0.05014753880091457,38236.0,1395024.0,0.00015923001976996803,0.0011357836079878435,146.6591415785742,0,1,0
2020,9,North Carolina,112,Carrots,14.143571428571425,2.9454873153617505,10.29,9.95,37985.0,452.20238095238096,45510.0,9.835714285714289,84,426.0,Carrots and turnips,1395024.0,28005.0,49813.4,Approximate,1,1,1,0,1,1,1395024.0,0.0,0.99999980860548,49.81339046598821,1.395024,14.596746987951809,-3.104633928055586,20.82562618810389,43.79811183732744,-0.07254582413654675,14.370159208261617,0.3204435111058762,41158.0,1395024.0,0.0001746850733607132,0.0012350846053482073,149.14357812745638,0,1,0
2021,1,California,112,Carrots,13.873896103896097,2.800494860332327,10.27,9.69,37554.0,487.7142857142857,44696.0,9.697402597402593,77,426.0,Carrots and turnips,1288815.0,25779.0,49994.8,Approximate,1,2,2,0,1,2,1288815.0,0.0,0.9999992635100452,49.99476317933201,1.288815,14.103229166666665,-1.626103214096544,20.185352689399817,43.06816659970536,-0.9350730548947036,13.988562635281381,0.1621629638353487,42902.333333333336,1341919.5,0.0001833708570741885,0.0013216969170087264,146.14154207433077,0,1,0
2021,10,Michigan,112,Carrots,14.0446052631579,2.804303569297007,10.23,9.98,32075.0,422.0394736842105,38082.0,9.84552631578947,76,426.0,Carrots and turnips,1288815.0,25779.0,49994.8,Approximate,1,2,2,0,1,2,1288815.0,0.0,0.9999992635100452,49.99476317933201,1.288815,14.406933333333336,-2.5149562491353934,19.967122726142502,42.649613770614586,-0.38907835337573865,14.225769298245618,0.2562046354352866,33644.333333333336,1288815.0,0.0001585447543862756,0.0011288658628389756,145.72490523890446,0,1,0
2021,11,New Jersey,112,Carrots,14.711770833333334,3.120852445892803,10.14,9.98,41736.0,434.75,50499.0,9.88427083333333,96,426.0,Carrots and turnips,1288815.0,25779.0,49994.8,Approximate,1,2,2,0,1,2,1288815.0,0.0,0.9999992635100452,49.99476317933201,1.288815,13.630641025641026,7.9316138225528885,21.213302472206145,48.84022384048736,1.7447782476811369,14.17120592948718,0.7644742183621392,45607.0,1288815.0,0.00021609834955153557,0.0014688806126717845,156.52063815946659,0,1,0
2021,12,Virginia,112,Carrots,13.99033707865169,2.6490643500189583,10.3,9.94,39162.0,440.02247191011236,47087.0,9.825393258426969,89,426.0,Carrots and turnips,1288815.0,25779.0,49994.8,Approximate,1,2,2,0,1,2,1288815.0,0.0,0.9999992635100452,49.99476317933201,1.288815,14.186702127659574,-1.3841486713464892,18.93495728606319,42.38958900349931,-0.56264924628842,14.088519603155632,0.13885105774150358,47035.0,1288815.0,0.0001928273871327256,0.001378289787077162,147.95463772903543,0,1,0
2021,13,Washington,112,Carrots,14.539504950495045,2.9423899728749836,10.11,9.81,45177.0,447.2970297029703,52775.0,9.94950495049505,101,426.0,Carrots and turnips,1288815.0,25779.0,49994.8,Approximate,1,2,2,0,1,2,1288815.0,0.0,0.9999992635100452,49.99476317933201,1.288815,14.394545454545455,1.007044622613047,20.237208783197257,46.132948552094675,1.1938045349118862,14.46702520252025,0.10250184258333951,42890.666666666664,1288815.0,0.00023117596687309672,0.0015899851312697242,155.83972856349595,0,1,0
2021,14,Arizona,112,Carrots,13.815517241379307,3.227509572922121,10.29,9.98,51750.0,594.8275862068965,61519.0,9.517816091954025,87,426.0,Carrots and turnips,1288815.0,25779.0,49994.8,Approximate,1,2,2,0,1,2,1288815.0,0.0,0.9999992635100452,49.99476317933201,1.288815,14.109886363636365,-2.086261467106482,23.361481995442787,45.15427812330168,-1.1217915048753986,13.962701802507837,0.2081504025198972,51694.333333333336,1288815.0,0.0002516246468269738,0.0018213190460457363,149.95637390405042,0,1,0
2021,15,Massachusetts,112,Carrots,13.754461538461538,3.260257864978451,10.27,9.89,27308.0,420.12307692307695,32527.0,9.503076923076922,65,426.0,Carrots and turnips,1288815.0,25779.0,49994.8,Approximate,1,2,2,0,1,2,1395024.0,-7.613417403571551,0.9999992635100452,49.99476317933201,1.288815,14.235930232558141,-3.382066968798889,23.703275158113655,44.7369273109924,-1.3170715380896303,13.99519588550984,0.34044977852473995,33472.0,1288815.0,0.00013219321423601382,0.0009610933431771394,140.50143394979855,0,1,0
2021,2,Texas,112,Carrots,14.41240506329114,3.0041967291884104,10.17,9.87,34705.0,439.30379746835445,40315.0,9.718481012658232,79,426.0,Carrots and turnips,1288815.0,25779.0,49994.8,Approximate,1,2,2,0,1,2,1288815.0,0.0,0.9999992635100452,49.99476317933201,1.288815,14.03766666666667,2.6695205515479943,20.844520508518016,48.29894758778778,0.7872893527325618,14.225035864978905,0.2649800614241361,42017.666666666664,1288815.0,0.00017603709101938388,0.001221427584406131,150.67690802427808,0,1,0
2021,3,Florida,112,Carrots,14.408777777777775,3.2180417758958217,10.24,9.62,36698.0,407.75555555555553,42740.0,9.880111111111114,90,426.0,Carrots and turnips,1288815.0,25779.0,49994.8,Approximate,1,2,2,0,1,2,1288815.0,0.0,0.9999992635100452,49.99476317933201,1.288815,13.70056818181818,5.16919872636705,22.333898305093655,45.83619167575706,0.7756878740552761,14.054672979797978,0.5007798078044143,42771.666666666664,1288815.0,0.00018609950363356547,0.0012915703642857282,151.44352778963764,0,1,0
2021,4,New York,112,Carrots,13.876164383561642,3.1078143579875954,10.11,9.98,27120.0,371.5068493150685,32309.0,9.699863013698634,73,426.0,Carrots and turnips,1288815.0,25779.0,49994.8,Approximate,1,2,2,0,1,2,1288815.0,0.0,0.9999992635100452,49.99476317933201,1.288815,14.040394736842108,-1.1696989746985127,22.39678251195452,43.05526133683564,-0.9278182087909197,13.958279560201875,0.11612839648127993,31575.666666666668,1288815.0,0.0001324447647534461,0.0009544767638407801,141.64876875308485,0,1,0
2021,5,Illinois,112,Carrots,13.967419354838713,3.2494142961281787,10.17,9.91,51248.0,551.0537634408602,59162.0,9.487096774193544,93,426.0,Carrots and turnips,1288815.0,25779.0,49994.8,Approximate,1,2,2,0,1,2,1288815.0,0.0,0.9999992635100452,49.99476317933201,1.288815,14.661976744186045,-4.7371333447432145,23.264242402820738,47.225433526011656,-0.6359490963191408,14.31469804951238,0.4911262399307241,46703.666666666664,1288815.0,0.0002519235507476008,0.0018036513714348192,151.46900016208136,0,1,0
2021,6,Pennsylvania,112,Carrots,14.159130434782604,3.0394217421829137,10.11,9.7,31313.0,453.81159420289856,37409.0,9.852463768115937,69,426.0,Carrots and turnips,1288815.0,25779.0,49994.8,Approximate,1,2,2,0,1,2,1288815.0,0.0,0.9999992635100452,49.99476317933201,1.288815,13.728313253012049,3.1381654383216544,21.46616104839619,43.71157070989381,-0.02278203296716959,13.943721843897325,0.3046337506816371,35448.666666666664,1288815.0,0.00015604035710682981,0.0011020475997841573,146.57277755884354,0,1,0
2021,7,Ohio,112,Carrots,14.131149425287354,3.0649384171086163,10.08,9.86,40725.0,468.1034482758621,48338.0,9.738620689655168,87,426.0,Carrots and turnips,1288815.0,25779.0,49994.8,Approximate,1,2,2,0,1,2,1288815.0,0.0,0.9999992635100452,49.99476317933201,1.288815,14.427631578947368,-2.054960663762977,21.689236486481292,45.10421830370848,-0.11227625222067947,14.279390502117362,0.20964454135378768,43301.333333333336,1288815.0,0.0002025416094753798,0.001433298901453384,149.99680940692966,0,1,0
2021,8,Georgia,112,Carrots,13.962282608695647,2.5443845099825757,10.07,9.34,40362.0,438.7173913043478,47130.0,9.794891304347825,92,426.0,Carrots and turnips,1288815.0,25779.0,49994.8,Approximate,1,2,2,0,1,2,1288815.0,0.0,0.9999992635100452,49.99476317933201,1.288815,14.019397590361447,-0.4073996853122068,18.223270372696398,42.54658040460308,-0.652378420845663,13.990840099528548,0.04038639084323226,38944.666666666664,1288815.0,0.00019833747378725426,0.00142052327220286,148.07934507788644,0,1,0
2021,9,North Carolina,112,Carrots,13.967682926829267,3.3469626174220943,10.05,9.98,42063.0,512.9634146341464,49180.0,9.628414634146342,82,426.0,Carrots and turnips,1288815.0,25779.0,49994.8,Approximate,1,2,2,0,1,2,1288815.0,0.0,0.9999992635100452,49.99476317933201,1.288815,14.143571428571425,-1.2435932651836814,23.962189254691733,45.06731853127809,-0.6351060899395532,14.055627177700346,0.12437195231462154,41459.666666666664,1288815.0,0.0002067760747585432,0.0014803892373685373,148.71318747465492,0,1,0
2022,1,California,112,Carrots,14.448809523809526,2.4606735314425476,10.49,9.98,31729.0,377.7261904761905,37793.0,9.91940476190476,84,426.0,Carrots and turnips,1454807.0,30149.0,48253.9,Approximate,1,3,3,1,1,3,1454807.0,0.0,1.0000001160978875,48.25390560217586,1.454807,13.873896103896097,4.143849828542255,17.03028562586916,45.66206209569992,0.9037250650320557,14.161352813852812,0.4065251778159347,36757.666666666664,1371811.0,0.00014293853464903905,0.0009892755137611664,149.76216912513573,0,1,0
2022,10,Michigan,112,Carrots,14.557078651685394,2.7777562897250823,10.21,8.3,33967.0,381.65168539325845,39595.0,9.797528089887638,89,426.0,Carrots and turnips,1454807.0,30149.0,48253.9,Approximate,1,3,3,1,1,3,1454807.0,0.0,1.0000001160978875,48.25390560217586,1.454807,14.0446052631579,3.648898483973953,19.08182511196007,48.579095850822306,1.2500121091129446,14.300841957421646,0.3623734082054397,34336.666666666664,1454807.0,0.00015416731002553444,0.0010590539057620959,151.87653718239238,0,1,0
2022,11,New Jersey,112,Carrots,14.744487179487177,3.124092241116182,10.03,9.91,33947.0,435.21794871794873,40200.0,9.964871794871794,78,426.0,Carrots and turnips,1454807.0,30149.0,48253.9,Approximate,1,3,3,1,1,3,1454807.0,0.0,1.0000001160978875,48.25390560217586,1.454807,14.711770833333334,0.22238210834357786,21.188205483758573,47.96464503512337,1.8494179268307678,14.728129006410256,0.02313395022102826,39025.0,1454807.0,0.00015606012396250158,0.0010584303276387633,153.82311904126252,0,1,0
2022,12,Virginia,112,Carrots,14.063837209302328,2.6658079753468185,10.08,8.58,40622.0,472.3488372093023,48283.0,9.702093023255811,86,426.0,Carrots and turnips,1454807.0,30149.0,48253.9,Approximate,1,3,3,1,1,3,1454807.0,0.0,1.0000001160978875,48.25390560217586,1.454807,13.99033707865169,0.5253635436904106,18.955054269140412,44.95673434166693,-0.3275670628265769,14.02708714397701,0.051972440801163325,45169.666666666664,1454807.0,0.00017812546355416986,0.001266549526301053,149.24670181763872,0,1,0
2022,13,Washington,112,Carrots,14.624374999999995,2.9446892096007753,10.17,9.37,25484.0,318.55,29861.0,9.998000000000001,80,426.0,Carrots and turnips,1454807.0,30149.0,48253.9,Approximate,1,3,3,1,1,3,1288815.0,12.879428001691476,1.0000001160978875,48.25390560217586,1.454807,14.539504950495045,0.583720352198513,20.13548756511493,46.27300460092012,1.4652521686987134,14.58193997524752,0.060012187524588076,37755.0,1454807.0,0.00011619990852448529,0.00079456324475053,148.37664669224506,0,1,0
2022,14,Arizona,112,Carrots,14.446891891891886,3.0774085903545783,10.3,9.75,35688.0,482.27027027027026,42615.0,9.928918918918917,74,426.0,Carrots and turnips,1454807.0,30149.0,48253.9,Approximate,1,3,3,1,1,3,1454807.0,0.0,1.0000001160978875,48.25390560217586,1.454807,13.815517241379307,4.570039901376456,21.30152709235493,45.5031711898086,0.8975917276585778,14.131204566635596,0.4464492968467305,44296.333333333336,1454807.0,0.00016075241575636083,0.001112712803274875,151.44095712000225,0,1,0
2022,15,Massachusetts,112,Carrots,14.433214285714278,3.1942030175591247,10.23,9.49,31432.0,374.1904761904762,37316.0,9.814285714285713,84,426.0,Carrots and turnips,1454807.0,30149.0,48253.9,Approximate,1,3,3,1,1,3,1454807.0,0.0,1.0000001160978875,48.25390560217586,1.454807,13.754461538461538,4.934782400276068,22.13091938031216,47.063318777292515,0.8538453901174052,14.093837912087908,0.4799506703314118,32473.0,1454807.0,0.00014144771963057527,0.0009800153786296759,149.46478979442554,0,1,0
2022,2,Texas,112,Carrots,14.527093023255818,3.186100646938408,10.23,9.96,31336.0,364.3720930232558,36957.0,9.758372093023254,86,426.0,Carrots and turnips,1454807.0,30149.0,48253.9,Approximate,1,3,3,1,1,3,1454807.0,0.0,1.0000001160978875,48.25390560217586,1.454807,14.41240506329114,0.7957586500034775,21.93212807158261,48.86799647291538,1.1541063339626083,14.469749043273477,0.08109663421147537,37532.0,1454807.0,0.0001419329243803095,0.000977022203637679,150.3925264193072,0,1,0
2022,3,Florida,112,Carrots,13.417000000000002,2.7529006106563125,10.16,9.57,31749.0,396.8625,37418.0,9.384875000000005,80,426.0,Carrots and turnips,1454807.0,30149.0,48253.9,Approximate,1,3,3,1,1,3,1454807.0,0.0,1.0000001160978875,48.25390560217586,1.454807,14.408777777777775,-6.883149931754535,20.518004104168682,42.96407783801058,-2.3964056099297055,13.912888888888888,0.7012927920967885,37737.0,1454807.0,0.00013281476115814327,0.0009898990918844992,139.07589927397268,0,1,0
2022,4,New York,112,Carrots,14.074868421052633,2.7193266291105,10.07,9.8,32155.0,423.0921052631579,37888.0,9.940394736842107,76,426.0,Carrots and turnips,1454807.0,30149.0,48253.9,Approximate,1,3,3,1,1,3,1454807.0,0.0,1.0000001160978875,48.25390560217586,1.454807,13.876164383561642,1.4319809999252036,19.320440857855825,41.59265093253206,-0.2922849303795212,13.975516402307138,0.14050497235902568,32112.0,1454807.0,0.00014110868103127757,0.0010025577277881532,146.07397172663937,0,1,0
2022,5,Illinois,112,Carrots,14.159782608695648,2.920248739315615,10.02,9.79,37588.0,408.5652173913044,44353.0,9.724347826086957,92,426.0,Carrots and turnips,1454807.0,30149.0,48253.9,Approximate,1,3,3,1,1,3,1454807.0,0.0,1.0000001160978875,48.25390560217586,1.454807,13.967419354838713,1.3772283123316953,20.623542182930578,45.611642671912676,-0.02069612555288085,14.06360098176718,0.13602136125334857,42347.333333333336,1454807.0,0.0001659459581354786,0.001171952724991482,149.16575884326016,0,1,0
2022,6,Pennsylvania,112,Carrots,13.920204081632649,2.814547254281069,10.19,9.57,38561.0,393.4795918367347,45166.0,9.590714285714286,98,426.0,Carrots and turnips,1454807.0,30149.0,48253.9,Approximate,1,3,3,1,1,3,1454807.0,0.0,1.0000001160978875,48.25390560217586,1.454807,14.159130434782604,-1.6874366279091575,20.219152232076766,45.142516677483485,-0.7869620186061371,14.039667258207626,0.16894644451650487,35841.666666666664,1454807.0,0.0001673611939089276,0.0012022898006916177,146.99766990187882,0,1,0
2022,7,Ohio,112,Carrots,14.114078947368428,2.3799289499935803,10.02,9.49,31945.0,420.32894736842104,36309.0,9.799342105263158,76,426.0,Carrots and turnips,1454807.0,30149.0,48253.9,Approximate,1,3,3,1,1,3,1454807.0,0.0,1.0000001160978875,48.25390560217586,1.454807,14.131149425287354,-0.12080034967558208,16.862091808245967,44.030882846592895,-0.16687432145395506,14.12261418632789,0.012070650694567892,43803.333333333336,1454807.0,0.00014057765995239318,0.0009960101574931597,146.38843587261653,0,1,0
2022,8,Georgia,112,Carrots,13.987368421052635,2.9413155190248026,10.03,9.87,35940.0,472.89473684210526,41714.0,9.627236842105262,76,426.0,Carrots and turnips,1454807.0,30149.0,48253.9,Approximate,1,3,3,1,1,3,1454807.0,0.0,1.0000001160978875,48.25390560217586,1.454807,13.962282608695647,0.17966841855331284,21.02836952945185,45.28954310003149,-0.5721441751294811,13.97482551487414,0.017738348029199293,37077.666666666664,1454807.0,0.00015673823859802514,0.001120569887628867,146.72237513762644,0,1,0
2022,9,North Carolina,112,Carrots,14.491025641025644,3.1736232682353225,10.11,9.88,35541.0,455.65384615384613,42734.0,9.915897435897437,78,426.0,Carrots and turnips,1454807.0,30149.0,48253.9,Approximate,1,3,3,1,1,3,1454807.0,0.0,1.0000001160978875,48.25390560217586,1.454807,13.967682926829267,3.7468112423366526,21.900611777612593,46.13932561026067,1.0387487299506686,14.229354283927456,0.3700591820928309,38529.666666666664,1454807.0,0.00016057933057031921,0.0011081295040683797,151.84378287916363,0,1,0
2023,1,California,112,Carrots,13.93579545454545,3.111491390044962,10.03,9.94,30675.0,348.57954545454544,36164.0,9.80034090909091,88,426.0,Carrots and turnips,1331702.0,26629.0,50009.5,Approximate,1,4,4,1,1,4,1331702.0,0.0,0.9999992674792969,50.00946336700589,1.331702,14.448809523809526,-3.5505628918334295,22.327332517140842,42.197047876349345,-0.7370947060576603,14.19230248917749,0.36275572722073296,33319.333333333336,1393254.5,0.00014560474889994002,0.001044825531307924,143.97398986144103,0,1,0
2023,10,Michigan,112,Carrots,14.3810843373494,2.7748759638498597,10.27,9.98,33127.0,399.12048192771084,38711.0,10.01409638554217,83,426.0,Carrots and turnips,1331702.0,26629.0,50009.5,Approximate,1,4,4,1,1,4,1331702.0,0.0,0.9999992674792969,50.00946336700589,1.331702,14.557078651685394,-1.2089947340884803,19.2953180633478,43.60840742567707,0.6871134132231234,14.469081494517397,0.12444677311725871,33056.333333333336,1331702.0,0.00016226802337927676,0.0011283434515285279,149.68025464931085,0,1,0
2023,11,New Jersey,112,Carrots,14.744021739130435,3.1353770335287208,10.53,9.73,39340.0,427.60869565217394,46850.0,9.925978260869567,92,426.0,Carrots and turnips,1331702.0,26629.0,50009.5,Approximate,1,4,4,1,1,4,1331702.0,0.0,0.9999992674792969,50.00946336700589,1.331702,14.744487179487177,-0.003156707663519035,21.265412443115654,48.53973433787053,1.8479292664111813,14.744254459308806,0.00032911603248976745,38341.0,1331702.0,0.00019756477909012155,0.0013399653268672772,155.9920819032693,0,1,0
2023,12,Virginia,112,Carrots,13.95761904761905,3.0667799837719807,10.01,9.99,49040.0,467.04761904761904,57487.0,9.577428571428573,105,426.0,Carrots and turnips,1331702.0,26629.0,50009.5,Approximate,1,4,4,1,1,4,1454807.0,-8.461947186121597,0.9999992674792969,50.00946336700589,1.331702,14.063837209302328,-0.7552573319962915,21.972085448879803,45.73451468233843,-0.6672943143398562,14.010728128460688,0.07510758241141531,42941.333333333336,1331702.0,0.00023314226281772625,0.0016703584044120811,150.7480357218177,0,1,0
2023,13,Washington,112,Carrots,14.858750000000002,2.8988817355838106,10.35,9.8,28306.0,393.1388888888889,32255.0,10.034444444444444,72,426.0,Carrots and turnips,1331702.0,26629.0,50009.5,Approximate,1,4,4,1,1,4,1331702.0,0.0,0.9999992674792969,50.00946336700589,1.331702,14.624374999999995,1.6026325911364225,19.5095935767397,48.077455431292236,2.2148751457075697,14.741562499999999,0.1657281518406021,32989.0,1331702.0,0.00014325836263738605,0.0009641346858745589,152.31503144612572,0,1,0
2023,14,Arizona,112,Carrots,14.518522727272728,3.0158903070743674,10.38,9.69,37448.0,425.54545454545456,44102.0,10.083295454545453,88,426.0,Carrots and turnips,1331702.0,26629.0,50009.5,Approximate,1,4,4,1,1,4,1331702.0,0.0,0.9999992674792969,50.00946336700589,1.331702,14.446891891891886,0.49582177202450295,20.772707827974006,43.985890255034796,1.1266951732641965,14.482707309582306,0.050650649439851064,41628.666666666664,1331702.0,0.0001851869000912054,0.001275521646175033,152.8907195893176,0,1,0
2023,15,Massachusetts,112,Carrots,13.936097560975607,2.837311262487937,10.04,9.9,31526.0,384.4634146341463,38022.0,9.792682926829269,82,426.0,Carrots and turnips,1331702.0,26629.0,50009.5,Approximate,1,4,4,1,1,4,1331702.0,0.0,0.9999992674792969,50.00946336700589,1.331702,14.433214285714278,-3.4442551388619487,20.359438860654105,42.3113325031133,-0.7361284514590573,14.184655923344943,0.3515146071039606,30088.666666666668,1331702.0,0.000149647427063381,0.0010738115631626277,144.35845462812068,0,1,0
2023,2,Texas,112,Carrots,13.837123287671233,3.3693267046878033,10.25,9.97,29553.0,404.83561643835617,34244.0,9.595479452054795,73,426.0,Carrots and turnips,1331702.0,26629.0,50009.5,Approximate,1,4,4,1,1,4,1331702.0,0.0,0.9999992674792969,50.00946336700589,1.331702,14.527093023255818,-4.749537532939598,24.349907380603067,44.20460547917826,-1.0526869129063592,14.182108155463524,0.4878822788453491,31864.666666666668,1331702.0,0.0001392857186642661,0.0010066089299671744,142.43899258109226,0,1,0
2023,3,Florida,112,Carrots,14.791777777777778,3.0563827403779777,10.24,9.89,38434.0,427.0444444444444,44214.0,10.087666666666665,90,426.0,Carrots and turnips,1331702.0,26629.0,50009.5,Approximate,1,4,4,1,1,4,1331702.0,0.0,0.9999992674792969,50.00946336700589,1.331702,13.417000000000002,10.246536317938258,20.662714017849105,46.63230126997766,2.0006717682179866,14.10438888888889,0.9721146892912381,35627.0,1331702.0,0.0001936400403669894,0.0013091059322017523,156.1527122415194,0,1,0
2023,4,New York,112,Carrots,13.521648351648352,2.990238661503,10.04,9.94,35323.0,388.16483516483515,42200.0,9.56934065934066,91,426.0,Carrots and turnips,1331702.0,26629.0,50009.5,Approximate,1,4,4,1,1,4,1331702.0,0.0,0.9999992674792969,50.00946336700589,1.331702,14.074868421052633,-3.9305523352303333,22.114453680038764,41.30177650693032,-2.061699225282436,13.798258386350494,0.3911856625642596,31532.666666666668,1331702.0,0.0001626845924683392,0.0012031417193933103,141.60300005138933,0,1,0
2023,5,Illinois,112,Carrots,14.239607843137255,2.8712562957662766,10.09,9.41,47507.0,465.7549019607843,56753.0,9.74892156862745,102,426.0,Carrots and turnips,1331702.0,26629.0,50009.5,Approximate,1,4,4,1,1,4,1331702.0,0.0,0.9999992674792969,50.00946336700589,1.331702,14.159782608695648,0.5637461862767983,20.163871978750254,46.06341576242723,0.2346162152793135,14.199695225916452,0.056444964583466296,45447.666666666664,1331702.0,0.00023041717107779122,0.0016181426737031962,153.3414013704403,0,1,0
2023,6,Pennsylvania,112,Carrots,14.115662650602408,2.8633045009735385,10.05,9.93,36394.0,438.48192771084337,43336.0,9.670240963855422,83,426.0,Carrots and turnips,1331702.0,26629.0,50009.5,Approximate,1,4,4,1,1,4,1331702.0,0.0,0.9999992674792969,50.00946336700589,1.331702,13.920204081632649,1.4041358001903241,20.284591463025244,45.97012321991451,-0.16180901870001665,14.017933366117528,0.13821007955953493,35422.666666666664,1331702.0,0.00017498074708901268,0.0012396212024912985,148.24532429044265,0,1,0
2023,7,Ohio,112,Carrots,13.821358024691355,3.2034792621017623,10.08,9.94,35313.0,435.962962962963,41152.0,9.583827160493826,81,426.0,Carrots and turnips,1331702.0,26629.0,50009.5,Approximate,1,4,4,1,1,4,1331702.0,0.0,0.9999992674792969,50.00946336700589,1.331702,14.114078947368428,-2.0739640451823558,23.177746038984466,44.21543495343234,-1.1031103939444529,13.967718486029892,0.2069849494201417,35994.333333333336,1331702.0,0.00016624344745792502,0.001202801107973161,144.7377417321825,0,1,0
2023,8,Georgia,112,Carrots,14.30868131868132,3.0166494322863895,10.15,9.55,29911.0,328.6923076923077,36341.0,9.972417582417583,91,426.0,Carrots and turnips,1331702.0,26629.0,50009.5,Approximate,1,4,4,1,1,4,1331702.0,0.0,0.9999992674792969,50.00946336700589,1.331702,13.987368421052635,2.297164755774012,21.08265160918688,43.48257281071968,0.45554022325664967,14.148024869866976,0.2272025287959421,35404.333333333336,1331702.0,0.00014577724860905322,0.0010188028188085187,147.46548453888846,0,1,0
2023,9,North Carolina,112,Carrots,13.982727272727276,2.819466465189001,10.33,9.43,28245.0,366.8181818181818,33047.0,9.836233766233766,77,426.0,Carrots and turnips,1331702.0,26629.0,50009.5,Approximate,1,4,4,1,1,4,1331702.0,0.0,0.9999992674792969,50.00946336700589,1.331702,14.491025641025644,-3.507676964281401,20.163923748182174,42.155296478696606,-0.5869883838735659,14.236876456876459,0.35942122308983304,35283.0,1331702.0,0.00013452180039537606,0.0009620569562116483,143.30487674758893,0,1,0
2019,1,California,113,Spinach,11.749418604651165,2.2698947136252623,10.03,9.95,51086.0,594.0232558139535,59303.0,8.008604651162788,86,373.0,Spinach,429371.0,26466.0,16223.2,Exact,1,4,0,0,0,0,429371.0,0.0,1.000018140352496,16.223494294566613,0.429371,,,19.319208805163296,46.709934082527596,-0.04757960715015572,11.749418604651165,,51086.0,429371.0,0.0006340913437969681,0.005396789110449726,127.37879968029043,0,1,0
2019,10,Michigan,113,Spinach,12.054615384615383,2.6504964946839045,10.01,9.88,48424.0,620.8205128205128,57470.0,8.187692307692307,78,373.0,Spinach,429371.0,26466.0,16223.2,Exact,1,4,0,0,0,0,429371.0,0.0,1.000018140352496,16.223494294566613,0.429371,,,21.987399930375062,47.22848553175496,1.0062385835489087,12.054615384615383,,48424.0,429371.0,0.0006166625403956384,0.005115572091853296,130.04243614827737,0,1,0
2019,11,New Jersey,113,Spinach,11.418095238095239,2.3548286593543932,10.05,9.93,56492.0,672.5238095238095,65406.0,8.101547619047619,84,373.0,Spinach,429371.0,26466.0,16223.2,Exact,1,4,0,0,0,0,429371.0,0.0,1.000018140352496,16.223494294566613,0.429371,,,20.62365578715583,40.93721070342235,-1.1916106507320205,11.418095238095239,,56492.0,429371.0,0.0006814188764074042,0.005967885730484396,124.93533675778365,0,1,0
2019,12,Virginia,113,Spinach,12.167100000000003,2.557215695069759,10.02,9.96,73153.0,731.53,85679.0,8.443599999999998,100,373.0,Spinach,429371.0,26466.0,16223.2,Exact,1,4,0,0,0,0,429371.0,0.0,1.000018140352496,16.223494294566613,0.429371,,,21.017462625192184,44.09848879624811,1.3946382707277776,12.167100000000003,,73153.0,429371.0,0.0009402704056093998,0.007727974666185036,136.27543886611505,0,1,0
2019,13,Washington,113,Spinach,11.6026582278481,2.4169973472401765,10.08,9.95,39482.0,499.7721518987342,47367.0,7.961518987341771,79,373.0,Spinach,429371.0,26466.0,16223.2,Exact,1,4,0,0,0,0,429371.0,0.0,1.000018140352496,16.223494294566613,0.429371,,,20.831410352491677,45.73422793182396,-0.5543305458954861,11.6026582278481,,39482.0,429371.0,0.0004839385204307026,0.004170927997078966,122.79818923860904,0,1,0
2019,14,Arizona,113,Spinach,11.461882352941174,2.304157987988985,10.05,9.9,60645.0,713.4705882352941,71880.0,8.088470588235294,85,373.0,Spinach,429371.0,26466.0,16223.2,Exact,1,4,0,0,0,0,429371.0,0.0,1.000018140352496,16.223494294566613,0.429371,,,20.102788678490725,41.70642308587384,-1.040417515115433,11.461882352941174,,60645.0,429371.0,0.0007343185433310762,0.0064066138590459926,126.22752067508073,0,1,0
2019,15,Massachusetts,113,Spinach,12.009999999999998,2.7157003091309773,10.14,9.94,43033.0,597.6805555555555,49984.0,8.076944444444443,72,373.0,Spinach,429371.0,26466.0,16223.2,Exact,1,4,0,0,0,0,429371.0,0.0,1.000018140352496,16.223494294566613,0.429371,,,22.61199258227292,48.69484472263301,0.8521855037679217,12.009999999999998,,43033.0,429371.0,0.0005459818168848013,0.004546060090631152,128.14364681675988,0,1,0
2019,2,Texas,113,Spinach,11.652976190476188,2.3116836714863553,10.0,9.91,61619.0,733.5595238095239,71541.0,8.191666666666665,84,373.0,Spinach,429371.0,26466.0,16223.2,Exact,1,4,0,0,0,0,429371.0,0.0,1.000018140352496,16.223494294566613,0.429371,,,19.837710415779117,42.254032844063374,-0.38058695547289806,11.652976190476188,,61619.0,429371.0,0.0007585514687008631,0.006509508440606069,128.51766528178177,0,1,0
2019,3,Florida,113,Spinach,11.48047058823529,2.3836036672603584,10.12,9.93,51209.0,602.4588235294118,60045.0,7.988941176470591,85,373.0,Spinach,429371.0,26466.0,16223.2,Exact,1,4,0,0,0,0,429371.0,0.0,1.000018140352496,16.223494294566613,0.429371,,,20.762247060699554,43.70453273642968,-0.9762339398882289,11.48047058823529,,51209.0,429371.0,0.0006210685444472695,0.005409782984712445,124.49066531215202,0,1,0
2019,4,New York,113,Spinach,12.063406593406595,2.456362812407457,10.04,9.96,74411.0,817.7032967032967,86240.0,8.166923076923077,91,373.0,Spinach,429371.0,26466.0,16223.2,Exact,1,4,0,0,0,0,429371.0,0.0,1.000018140352496,16.223494294566613,0.429371,,,20.36209915820969,47.710545082684135,1.0365938702052728,12.063406593406595,,74411.0,429371.0,0.0009482888744154164,0.007860871363928953,135.3197253547343,0,1,0
2019,5,Illinois,113,Spinach,11.96020202020202,2.7031221479109093,10.19,9.97,79235.0,800.3535353535353,91040.0,8.181616161616164,99,373.0,Spinach,429371.0,26466.0,16223.2,Exact,1,4,0,0,0,0,429371.0,0.0,1.000018140352496,16.223494294566613,0.429371,,,22.600973991451447,46.183856391515796,0.6802373692649099,11.96020202020202,,79235.0,429371.0,0.0010011268890451456,0.008370484774037583,134.91330362445015,0,1,0
2019,6,Pennsylvania,113,Spinach,11.598382352941176,2.4256955366860975,10.01,9.98,47620.0,700.2941176470588,56198.0,8.003676470588236,68,373.0,Spinach,429371.0,26466.0,16223.2,Exact,1,4,0,0,0,0,,,1.000018140352496,16.223494294566613,0.429371,,,20.914084937637682,44.91318327974275,-0.5690947736130855,11.598382352941176,,47620.0,429371.0,0.0005834724587824529,0.005030636523501858,124.92651406146884,0,1,0
2019,7,Ohio,113,Spinach,11.602266666666669,2.4714546396881403,10.04,9.89,43556.0,580.7466666666667,51398.0,7.9338666666666695,75,373.0,Spinach,429371.0,26466.0,16223.2,Exact,1,4,0,0,0,0,429371.0,0.0,1.000018140352496,16.223494294566613,0.429371,,,21.30148108721405,46.23722774939497,-0.5556825729247741,11.602266666666669,,43556.0,429371.0,0.000533856310491681,0.004601310466561254,123.93339030642362,0,1,0
2019,8,Georgia,113,Spinach,12.182608695652174,2.4031441734025383,10.3,9.77,47045.0,681.8115942028985,54298.0,8.385072463768116,69,373.0,Spinach,429371.0,26466.0,16223.2,Exact,1,4,0,0,0,0,429371.0,0.0,1.000018140352496,16.223494294566613,0.429371,,,19.72602283663754,45.289247627771914,1.4481884608516362,12.182608695652174,,47045.0,429371.0,0.0006054625927042913,0.004969892802354996,131.07123875450458,0,1,0
2019,9,North Carolina,113,Spinach,11.93977777777778,2.269952223314367,10.2,9.99,59259.0,658.4333333333333,69548.0,8.244444444444444,90,373.0,Spinach,429371.0,26466.0,16223.2,Exact,1,4,0,0,0,0,429371.0,0.0,1.000018140352496,16.223494294566613,0.429371,,,19.011678990702695,44.82210242587605,0.609714219576253,11.93977777777778,,59259.0,429371.0,0.0007474533810991368,0.006260195080768513,131.21445431096944,0,1,0
2020,1,California,113,Spinach,11.915802469135802,2.4118208184883527,10.05,9.64,44074.0,544.1234567901234,52374.0,8.187777777777779,81,373.0,Spinach,325180.0,23593.0,13782.9,Exact,1,1,1,0,0,1,325180.0,0.0,1.0000001239313765,13.78290170813377,0.32518,11.749418604651165,1.4161029586499811,20.24052366372662,45.53158124877487,0.5269295441366796,11.832610536893483,0.11765115885711003,47580.0,377275.5,0.0007325684199216671,0.006147873144248226,127.4233973290502,0,1,0
2020,10,Michigan,113,Spinach,11.713835616438356,1.958227394394812,10.0,9.83,35588.0,487.5068493150685,42499.0,8.196027397260274,73,373.0,Spinach,325180.0,23593.0,13782.9,Exact,1,1,1,0,0,1,325180.0,0.0,1.0000001239313765,13.78290170813377,0.32518,12.054615384615383,-2.8269650860196256,16.717217643440176,42.920893851013695,-0.17044460022932584,11.88422550052687,0.2409676849691556,42006.0,325180.0,0.0005814938653677963,0.004964162759393427,122.75855938066182,0,1,0
2020,11,New Jersey,113,Spinach,11.811489361702124,2.283027586835341,10.06,9.99,45473.0,483.75531914893617,51933.0,8.015212765957447,94,373.0,Spinach,325180.0,23593.0,13782.9,Exact,1,1,1,0,0,1,325180.0,0.0,1.0000001239313765,13.78290170813377,0.32518,11.418095238095239,3.445356825316787,19.328871380419542,47.363391423224414,0.16674536999551362,11.614792299898681,0.27817165248136755,50982.5,325180.0,0.0007492050574953252,0.006343019364895395,126.67699516338448,0,1,0
2020,12,Virginia,113,Spinach,11.968607594936708,2.3215079837043673,10.09,9.97,60268.0,762.8860759493671,68979.0,8.37632911392405,79,373.0,Spinach,325180.0,23593.0,13782.9,Exact,1,1,1,0,0,1,325180.0,0.0,1.0000001239313765,13.78290170813377,0.32518,12.167100000000003,-1.631386321007428,19.396642134766587,42.88607135840901,0.7092610947437084,12.067853797468356,0.14035532563428274,66710.5,325180.0,0.0010061734150249282,0.008406770854870267,131.73335504922176,0,1,0
2020,13,Washington,113,Spinach,11.800259740259742,2.431903615443095,10.3,9.96,40843.0,530.4285714285714,48598.0,8.057402597402595,77,373.0,Spinach,325180.0,23593.0,13782.9,Exact,1,1,1,0,0,1,325180.0,0.0,1.0000001239313765,13.78290170813377,0.32518,11.6026582278481,1.7030710422665876,20.608899032501846,46.452403210728285,0.12797045450645106,11.701458984053922,0.13972536939899022,40162.5,325180.0,0.0006722822293305901,0.005697181622510558,125.28943728212869,0,1,0
2020,14,Arizona,113,Spinach,11.575000000000001,2.411156049279246,10.06,9.98,50868.0,605.5714285714286,60317.0,8.10797619047619,84,373.0,Spinach,325180.0,23593.0,13782.9,Exact,1,1,1,0,0,1,325180.0,0.0,1.0000001239313765,13.78290170813377,0.32518,11.461882352941174,0.9869028801346957,20.83072180802804,42.76065602654648,-0.649832024096674,11.518441176470589,0.07998625530716301,55756.5,325180.0,0.0008213118569907968,0.00709556679905656,125.43837893970283,0,1,0
2020,15,Massachusetts,113,Spinach,12.400389610389608,2.2601335787016765,10.2,9.91,44669.0,580.1168831168832,52161.0,8.27727272727273,77,373.0,Spinach,325180.0,23593.0,13782.9,Exact,1,1,1,0,0,1,325180.0,0.0,1.0000001239313765,13.78290170813377,0.32518,12.009999999999998,3.250537971603746,18.226311025002264,49.812504903114394,2.2001671991735043,12.205194805194804,0.27604714081126736,43851.0,325180.0,0.0007726521029421983,0.0062308695711853716,132.7716835187032,0,1,0
2020,2,Texas,113,Spinach,11.536396396396396,2.2397677610099724,10.09,9.95,60854.0,548.2342342342342,71129.0,7.935855855855855,111,373.0,Spinach,325180.0,23593.0,13782.9,Exact,1,1,1,0,0,1,429371.0,-24.2659611385026,1.0000001239313765,13.78290170813377,0.32518,11.652976190476188,-1.0004293510448508,19.414795435683928,45.370538552356756,-0.7831269419158725,11.594686293436293,0.08243436294315218,61236.5,325180.0,0.0009792683779016153,0.008488511873668865,127.08781831457485,0,1,0
2020,3,Florida,113,Spinach,12.004444444444445,2.528048787687146,10.1,9.99,34934.0,485.19444444444446,40642.0,8.099583333333335,72,373.0,Spinach,325180.0,23593.0,13782.9,Exact,1,1,1,0,0,1,325180.0,0.0,1.0000001239313765,13.78290170813377,0.32518,11.48047058823529,4.5640451075768755,21.059273499800362,48.21064183685716,0.8330026490059308,11.742457516339869,0.3705054668899584,43071.5,325180.0,0.00058496894711175,0.004872936434659154,125.58142807170968,0,1,0
2020,4,New York,113,Spinach,11.3356,2.41343886086537,10.01,9.82,50148.0,668.64,60269.0,8.094399999999998,75,373.0,Spinach,325180.0,23593.0,13782.9,Exact,1,1,1,0,0,1,325180.0,0.0,1.0000001239313765,13.78290170813377,0.32518,12.063406593406595,-6.033176348415445,21.290790614218654,40.0424985174936,-1.476459601500787,11.699503296703298,0.5146369775900844,62279.5,325180.0,0.0007929404264776224,0.006995134147972957,122.6824085762007,0,1,0
2020,5,Illinois,113,Spinach,11.71241379310345,2.4339803583685344,10.41,9.97,55263.0,635.2068965517242,64812.0,8.110114942528737,87,373.0,Spinach,325180.0,23593.0,13782.9,Exact,1,1,1,0,0,1,325180.0,0.0,1.0000001239313765,13.78290170813377,0.32518,11.96020202020202,-2.0717729239023805,20.781201905637253,44.417358768672564,-0.17535403372485828,11.836307906652735,0.17521273567959175,67249.0,325180.0,0.0009028659921744975,0.007708624440046053,127.89811777062953,0,1,0
2020,6,Pennsylvania,113,Spinach,10.917792207792207,2.442734998325391,10.03,9.94,50826.0,660.077922077922,59868.0,7.776623376623378,77,373.0,Spinach,325180.0,23593.0,13782.9,Exact,1,1,1,0,0,1,325180.0,0.0,1.0000001239313765,13.78290170813377,0.32518,11.598382352941176,-5.867974726461586,22.373891642505992,40.39245156980625,-2.9191139168445055,11.258087280366691,0.48124990684357255,49223.0,325180.0,0.0007740396124437664,0.0070897082277433495,118.30719419335223,0,1,0
2020,7,Ohio,113,Spinach,12.047951807228918,2.5598445832378296,10.0,9.73,49341.0,594.4698795180723,58322.0,8.328072289156625,83,373.0,Spinach,325180.0,23593.0,13782.9,Exact,1,1,1,0,0,1,325180.0,0.0,1.0000001239313765,13.78290170813377,0.32518,11.602266666666669,3.8413626696126815,21.247134983573655,44.66675346845484,0.9832298248529243,11.825109236947792,0.31514698516564593,46448.5,325180.0,0.0008292082209115327,0.006882565884883418,130.1965637795924,0,1,0
2020,8,Georgia,113,Spinach,11.562921348314605,2.1854670825120235,10.01,9.99,59651.0,670.2359550561798,70090.0,8.063707865168539,89,373.0,Spinach,325180.0,23593.0,13782.9,Exact,1,1,1,0,0,1,325180.0,0.0,1.0000001239313765,13.78290170813377,0.32518,12.182608695652174,-5.086655599130654,18.900648172536208,43.39459640224615,-0.6915385678769874,11.87276502198339,0.4381851255178986,53348.0,325180.0,0.0009621166502214168,0.008320705652483346,127.1491549426838,0,1,0
2020,9,North Carolina,113,Spinach,11.288850574712646,2.319692454198103,10.05,9.86,58028.0,666.9885057471264,67884.0,7.944827586206895,87,373.0,Spinach,325180.0,23593.0,13782.9,Exact,1,1,1,0,0,1,325180.0,0.0,1.0000001239313765,13.78290170813377,0.32518,11.93977777777778,-5.451753082679935,20.548526520443826,42.09056712962968,-1.637881339889758,11.614314176245212,0.460275039346149,58643.5,325180.0,0.0009137549806921959,0.008094313718165724,123.82399457895794,0,1,0
2021,1,California,113,Spinach,12.192197802197805,2.6120089340487853,10.06,9.99,46065.0,506.2087912087912,54649.0,8.326923076923073,91,373.0,Spinach,363078.0,25131.0,14447.4,Exact,1,2,2,0,0,2,325180.0,11.654468294483056,1.0000010758030513,14.447415542557001,0.363078,11.915802469135802,2.3195696116809614,21.42361021716639,46.419003629165395,1.4812988197208294,12.054000135666804,0.19544101429645716,47075.0,344129.0,0.0007016481718044312,0.005754894918764767,130.91775256612735,0,1,0
2021,10,Michigan,113,Spinach,12.126951219512193,2.435958345152782,10.04,9.8,56567.0,689.8414634146342,65496.0,8.24670731707317,82,373.0,Spinach,363078.0,25131.0,14447.4,Exact,1,2,2,0,0,2,363078.0,0.0,1.0000010758030513,14.447415542557001,0.363078,11.713835616438356,3.5267321191881904,20.08714557401154,47.052038507608344,1.2560079902333436,11.920393417975275,0.2921168443474806,46859.666666666664,363078.0,0.0008570005486740755,0.0070669085177415955,132.70763722396362,0,1,0
2021,11,New Jersey,113,Spinach,11.708666666666664,2.380340273956608,10.0,9.86,42793.0,570.5733333333334,50673.0,8.125333333333334,75,373.0,Spinach,363078.0,25131.0,14447.4,Exact,1,2,2,0,0,2,363078.0,0.0,1.0000010758030513,14.447415542557001,0.363078,11.811489361702124,-0.8705311573056568,20.32972960732741,44.10075484082701,-0.18829253852296454,11.760078014184394,0.07270662491945015,48252.666666666664,363078.0,0.0006259598799200491,0.0053461243516487724,124.86301492340982,0,1,0
2021,12,Virginia,113,Spinach,11.552763157894736,2.2439231113887477,10.03,9.74,47734.0,628.078947368421,57496.0,8.104473684210527,76,373.0,Spinach,363078.0,25131.0,14447.4,Exact,1,2,2,0,0,2,363078.0,0.0,1.0000010758030513,14.447415542557001,0.363078,11.968607594936708,-3.4744596123102434,19.42325901362682,42.547975452154404,-0.7266139243414227,11.760685376415722,0.2940464213510809,60385.0,363078.0,0.0006889378118433198,0.005963402888360304,124.46277151396075,0,1,0
2021,13,Washington,113,Spinach,11.967499999999996,2.4595763170393106,10.0,9.94,55445.0,602.6630434782609,66360.0,8.010543478260866,92,373.0,Spinach,363078.0,25131.0,14447.4,Exact,1,2,2,0,0,2,363078.0,0.0,1.0000010758030513,14.447415542557001,0.363078,11.800259740259742,1.417259140234591,20.55213133101576,49.396854688793326,0.7054366648386134,11.883879870129869,0.11825672174973302,45256.666666666664,363078.0,0.0008289572735082805,0.0069267371924652665,130.72297537966682,0,1,0
2021,14,Arizona,113,Spinach,11.845057471264367,2.6167980938736006,10.06,9.98,63683.0,731.9885057471264,72554.0,8.13873563218391,87,373.0,Spinach,363078.0,25131.0,14447.4,Exact,1,2,2,0,0,2,363078.0,0.0,1.0000010758030513,14.447415542557001,0.363078,11.575000000000001,2.3331099029318856,22.091898669312897,45.53928283926727,0.28265316066164686,11.710028735632184,0.19095946924112422,58398.666666666664,363078.0,0.0009423820577646171,0.00795590954329093,131.02633758256704,0,1,0
2021,15,Massachusetts,113,Spinach,11.607575757575763,2.2985226429875207,10.17,9.98,40350.0,611.3636363636364,46886.0,8.145909090909093,66,373.0,Spinach,363078.0,25131.0,14447.4,Exact,1,2,2,0,0,2,363078.0,0.0,1.0000010758030513,14.447415542557001,0.363078,12.400389610389608,-6.393459219616695,19.80191808343249,42.49576846530144,-0.5373507393558411,12.003982683982684,0.5606040515433033,42684.0,363078.0,0.0005851286839073595,0.0050409206549909555,123.10265261900174,0,1,0
2021,2,Texas,113,Spinach,11.685443037974684,2.6193005513159395,10.1,9.76,43120.0,545.8227848101266,51477.0,7.886075949367087,79,373.0,Spinach,363078.0,25131.0,14447.4,Exact,1,2,2,0,0,2,363078.0,0.0,1.0000010758030513,14.447415542557001,0.363078,11.536396396396396,1.2919687956010688,22.415072691757484,48.178170144462314,-0.2684817278470413,11.61091971718554,0.105391890973088,55197.666666666664,363078.0,0.0006294920613068541,0.005386976422384386,124.70430665436189,0,1,0
2021,3,Florida,113,Spinach,11.724078947368417,2.425632111502253,10.04,9.93,39395.0,518.3552631578947,46218.0,8.14907894736842,76,373.0,Spinach,363078.0,25131.0,14447.4,Exact,1,2,2,0,0,2,363078.0,0.0,1.0000010758030513,14.447415542557001,0.363078,12.004444444444445,-2.3355141370642842,20.689319155827672,43.86998853599856,-0.13507526091744199,11.864261695906432,0.19824834419319662,41846.0,363078.0,0.0005770137490128401,0.004921612619662174,124.05739838213215,0,1,0
2021,4,New York,113,Spinach,11.738372093023251,2.1737421571567026,10.03,9.97,51387.0,597.5232558139535,60022.0,8.099418604651165,86,373.0,Spinach,363078.0,25131.0,14447.4,Exact,1,2,2,0,0,2,363078.0,0.0,1.0000010758030513,14.447415542557001,0.363078,11.3356,3.5531607768733187,18.518259090190835,44.92857655588248,-0.08572226022345816,11.536986046511625,0.28480287824944034,58648.666666666664,363078.0,0.0007535766943320115,0.006419771739727887,127.32799977653995,0,1,0
2021,5,Illinois,113,Spinach,11.589058823529413,2.3704192031958304,10.03,9.91,60156.0,707.7176470588236,70599.0,7.9417647058823535,85,373.0,Spinach,363078.0,25131.0,14447.4,Exact,1,2,2,0,0,2,363078.0,0.0,1.0000010758030513,14.447415542557001,0.363078,11.71241379310345,-1.0531985272469668,20.453940559721193,45.9254870009629,-0.6012881175165996,11.650736308316432,0.0872251354788612,64884.666666666664,363078.0,0.0008709504351378845,0.00751528185679395,127.5342673402351,0,1,0
2021,6,Pennsylvania,113,Spinach,11.853783783783786,2.210919168366067,10.01,9.88,40336.0,545.081081081081,49282.0,8.054729729729731,74,373.0,Spinach,363078.0,25131.0,14447.4,Exact,1,2,2,0,0,2,363078.0,0.0,1.0000010758030513,14.447415542557001,0.363078,10.917792207792207,8.573084724249897,18.651590147870326,47.165506249475726,0.3127843660818592,11.385787995787997,0.6618459905171294,46260.666666666664,363078.0,0.0005973325103048575,0.005039171636672,125.70966674381192,0,1,0
2021,7,Ohio,113,Spinach,11.89054347826087,2.363684665070844,10.04,9.96,54851.0,596.2065217391304,65576.0,8.2479347826087,92,373.0,Spinach,363078.0,25131.0,14447.4,Exact,1,2,2,0,0,2,363078.0,0.0,1.0000010758030513,14.447415542557001,0.363078,12.047951807228918,-1.3065152607400103,19.878693260676425,44.16388819335531,0.4397124245267504,11.969247642744893,0.11130449682854938,49249.333333333336,363078.0,0.000814802921531165,0.0068525288437895635,129.75429445421776,0,1,0
2021,8,Georgia,113,Spinach,12.492888888888888,2.7102187997598617,10.05,9.73,44633.0,495.9222222222222,52643.0,8.464222222222219,90,373.0,Spinach,363078.0,25131.0,14447.4,Exact,1,2,2,0,0,2,363078.0,0.0,1.0000010758030513,14.447415542557001,0.363078,11.562921348314605,8.042669430678384,21.69409192593009,47.596418913597155,2.519559239680974,12.027905118601748,0.6575863542234517,50443.0,363078.0,0.0006966029011154273,0.0055759953307115565,133.75200640102213,0,1,0
2021,9,North Carolina,113,Spinach,11.546702127659575,2.419397147117293,10.05,9.96,58346.0,620.7021276595744,70298.0,8.057021276595746,94,373.0,Spinach,363078.0,25131.0,14447.4,Exact,1,2,2,0,0,2,363078.0,0.0,1.0000010758030513,14.447415542557001,0.363078,11.288850574712646,2.2841258393881536,20.953144199690943,43.3122953417133,-0.7475421396290757,11.41777635118611,0.18232858162825605,58544.333333333336,363078.0,0.0008416574512608297,0.007289158774128929,126.71539383065371,0,1,0
2022,1,California,113,Spinach,11.803544303797462,2.3513395189271202,10.13,9.93,32831.0,415.5822784810127,37817.0,8.223291139240507,79,373.0,Spinach,428804.0,27519.0,15582.1,Exact,1,3,3,1,0,3,428804.0,0.0,1.0000004433262848,15.582106907954504,0.428804,12.192197802197805,-3.187723039813896,19.92062264018988,43.53795948525329,0.1393117694605681,11.997871052997635,0.27481952425075745,40990.0,395941.0,0.00040992459352801557,0.0034728940983949517,122.74693313514001,0,1,0
2022,10,Michigan,113,Spinach,11.553787878787881,2.6290031835141887,10.07,9.99,32430.0,491.3636363636364,38856.0,8.126969696969695,66,373.0,Spinach,428804.0,27519.0,15582.1,Exact,1,3,3,1,0,3,428804.0,0.0,1.0000004433262848,15.582106907954504,0.428804,12.126951219512193,-4.726359744913425,22.754469885507365,42.16600171520197,-0.7230756513697598,11.840369549150036,0.40528768495369666,41528.333333333336,428804.0,0.0003963499134277592,0.003430475940755636,120.0076931028272,0,1,0
2022,11,New Jersey,113,Spinach,12.28835616438356,2.3342771982032793,10.03,9.95,36825.0,504.45205479452056,43770.0,8.352739726027398,73,373.0,Spinach,428804.0,27519.0,15582.1,Exact,1,3,3,1,0,3,428804.0,0.0,1.0000004433262848,15.582106907954504,0.428804,11.708666666666664,4.950943725874527,18.995845880256333,47.11767117671173,1.8133253609938318,11.998511415525112,0.4099023748182404,41697.0,428804.0,0.0004786785590915083,0.0038953831797202063,129.1992777611642,0,1,0
2022,12,Virginia,113,Spinach,11.481999999999998,2.2802767731488562,10.03,9.99,48188.0,642.5066666666667,57762.0,8.037733333333334,75,373.0,Spinach,428804.0,27519.0,15582.1,Exact,1,3,3,1,0,3,428804.0,0.0,1.0000004433262848,15.582106907954504,0.428804,11.552763157894736,-0.6125214974772644,19.85957823679548,42.85121841978663,-0.9709530128125674,11.517381578947367,0.05003710880554399,52063.333333333336,428804.0,0.0005852802554232587,0.0050973720207564775,123.80909772054947,0,1,0
2022,13,Washington,113,Spinach,11.958333333333332,2.548728441138181,10.08,9.75,34202.0,438.4871794871795,40064.0,8.26846153846154,78,373.0,Spinach,428804.0,27519.0,15582.1,Exact,1,3,3,1,0,3,428804.0,0.0,1.0000004433262848,15.582106907954504,0.428804,11.967499999999996,-0.07659633730239115,21.31340856700918,44.62585666883736,0.6737849544813237,11.962916666666665,0.0064818121608745585,43496.666666666664,428804.0,0.0004326429057724697,0.003617919769525879,124.84582080208436,0,1,0
2022,14,Arizona,113,Spinach,12.029456521739128,2.894407781340127,10.01,9.99,54999.0,597.8152173913044,63861.0,8.234239130434778,92,373.0,Spinach,428804.0,27519.0,15582.1,Exact,1,3,3,1,0,3,428804.0,0.0,1.0000004433262848,15.582106907954504,0.428804,11.845057471264367,1.5567594409913665,24.061002058650573,46.09068708336088,0.9193671972930988,11.937256996501748,0.13038981903506414,56516.666666666664,428804.0,0.0006998552568730757,0.005817846014974383,131.30258211120594,0,1,0
2022,15,Massachusetts,113,Spinach,11.415138888888885,2.366274181400994,10.01,9.95,38838.0,539.4166666666666,45825.0,7.894166666666665,72,373.0,Spinach,428804.0,27519.0,15582.1,Exact,1,3,3,1,0,3,428804.0,0.0,1.0000004433262848,15.582106907954504,0.428804,11.607575757575763,-1.6578558064657265,20.72926316914327,44.602202751680196,-1.2018186698732434,11.511357323232325,0.13607341479879648,41285.666666666664,428804.0,0.00046897045859400064,0.004108320215450737,120.6258293663425,0,1,0
2022,2,Texas,113,Spinach,11.82256097560976,2.5056843085793483,10.1,9.99,39491.0,481.5975609756098,47590.0,8.25048780487805,82,373.0,Spinach,428804.0,27519.0,15582.1,Exact,1,3,3,1,0,3,428804.0,0.0,1.0000004433262848,15.582106907954504,0.428804,11.685443037974684,1.1734081214505712,21.194090804425862,43.295296656517,0.2049746990783128,11.754002006792222,0.09695702352407586,47821.666666666664,428804.0,0.000493875091213843,0.004177395170409523,125.12825216341587,0,1,0
2022,3,Florida,113,Spinach,11.361298701298699,2.640718278806849,10.02,9.75,36217.0,470.35064935064935,42607.0,7.956363636363639,77,373.0,Spinach,428804.0,27519.0,15582.1,Exact,1,3,3,1,0,3,428804.0,0.0,1.0000004433262848,15.582106907954504,0.428804,11.724078947368417,-3.0943176662175906,23.243102291685993,42.795116218333696,-1.3877241996754919,11.542688824333558,0.25652437207642215,36848.666666666664,428804.0,0.0004352591206417304,0.003831068367139897,119.26309164615584,0,1,0
2022,4,New York,113,Spinach,11.835416666666667,2.5378046528723104,10.11,9.5,50939.0,530.6145833333334,60498.0,8.218229166666667,96,373.0,Spinach,428804.0,27519.0,15582.1,Exact,1,3,3,1,0,3,428804.0,0.0,1.0000004433262848,15.582106907954504,0.428804,11.738372093023251,0.8267294039954196,21.442461421910032,44.014196083401984,0.2493642928720777,11.78689437984496,0.0686208761006166,50824.666666666664,428804.0,0.0006377366791474494,0.005388375391494028,128.27702436545525,0,1,0
2022,5,Illinois,113,Spinach,11.190540540540539,2.478173151651601,10.07,9.94,47506.0,641.972972972973,56140.0,7.805270270270272,74,373.0,Spinach,428804.0,27519.0,15582.1,Exact,1,3,3,1,0,3,428804.0,0.0,1.0000004433262848,15.582106907954504,0.428804,11.589058823529413,-3.438745881414956,22.145249755128425,43.37159576862475,-1.9773374191804993,11.389799682034976,0.28179498032825256,54308.333333333336,428804.0,0.0005623503353309705,0.005025229418487118,120.50681685183878,0,1,0
2022,6,Pennsylvania,113,Spinach,11.631944444444443,2.4283522721041715,10.0,9.99,35581.0,494.18055555555554,41438.0,8.090000000000002,72,373.0,Spinach,428804.0,27519.0,15582.1,Exact,1,3,3,1,0,3,428804.0,0.0,1.0000004433262848,15.582106907954504,0.428804,11.853783783783786,-1.871464364339293,20.876580727343327,43.78176074715007,-0.45320776278618224,11.742864114114115,0.15686410118079336,42247.666666666664,428804.0,0.00043780215817496655,0.003763791688190758,121.89806882927886,0,1,0
2022,7,Ohio,113,Spinach,12.098192771084339,2.5793911857675638,10.1,9.93,40834.0,491.9759036144578,48517.0,8.07602409638554,83,373.0,Spinach,428804.0,27519.0,15582.1,Exact,1,3,3,1,0,3,428804.0,0.0,1.0000004433262848,15.582106907954504,0.428804,11.89054347826087,1.746339796857121,21.32046690421827,49.80382211215712,1.1567075451463824,11.994368124672604,0.1468302230640657,48342.0,428804.0,0.0005225764734841666,0.00431945897517162,128.45007963085442,0,1,0
2022,8,Georgia,113,Spinach,11.503802816901407,2.5899329093335783,10.07,9.96,37506.0,528.2535211267606,43778.0,7.992676056338025,71,373.0,Spinach,428804.0,27519.0,15582.1,Exact,1,3,3,1,0,3,428804.0,0.0,1.0000004433262848,15.582106907954504,0.428804,12.492888888888888,-7.917192578789117,22.513710905479396,43.92930147317971,-0.8956697642085673,11.998345852895149,0.6993894686795137,47263.333333333336,428804.0,0.00045640417383884923,0.003967420001047823,121.16130524713381,0,1,0
2022,9,North Carolina,113,Spinach,11.5586301369863,2.6415395947715443,10.17,9.9,35835.0,490.8904109589041,41624.0,8.021232876712329,73,373.0,Spinach,428804.0,27519.0,15582.1,Exact,1,3,3,1,0,3,363078.0,18.102446306303328,1.0000004433262848,15.582106907954504,0.428804,11.546702127659575,0.10330230393795603,22.853396669549262,44.10041841004183,-0.7063557509364918,11.552666132322937,0.008434376280983867,50736.333333333336,428804.0,0.0004381483746287492,0.003790660047393716,121.21198205920172,0,1,0
2023,1,California,113,Spinach,11.680246913580248,2.3484867336801383,10.01,9.88,39817.0,491.5679012345679,47217.0,8.020864197530864,81,373.0,Spinach,422952.0,29542.0,14317.0,Exact,1,4,4,1,0,4,422952.0,0.0,0.9999980754354314,14.316972446009071,0.422952,11.803544303797462,-1.0445793826312542,20.106481918200103,45.62329726484941,-0.28642349777211595,11.741895608688855,0.08718442072519597,39571.0,425878.0,0.0004987647276624225,0.0042701556855148735,123.71804373896828,0,1,0
2023,10,Michigan,113,Spinach,11.51027027027027,2.4026241207644983,10.01,9.98,32647.0,441.1756756756757,38317.0,8.01662162162162,74,373.0,Spinach,422952.0,29542.0,14317.0,Exact,1,4,4,1,0,4,422952.0,0.0,0.9999980754354314,14.316972446009071,0.422952,11.553787878787881,-0.376652306361855,20.87374200908388,43.58006169613811,-0.8733382048506836,11.532029074529076,0.030771596083824192,40548.0,422952.0,0.0004029990057389037,0.0035012123631866805,119.63244153981711,0,1,0
2023,11,New Jersey,113,Spinach,11.903023255813952,2.386994206241246,10.02,9.79,46699.0,543.0116279069767,54913.0,8.09581395348837,86,373.0,Spinach,422952.0,29542.0,14317.0,Exact,1,4,4,1,0,4,428804.0,-1.3647260753164616,0.9999980754354314,14.316972446009071,0.422952,12.28835616438356,-3.135756348651839,20.053680102450734,47.026887280248204,0.4828040213740627,12.095689710098757,0.2724715126639051,42105.666666666664,422952.0,0.0005961287082773631,0.00500821258150687,127.97534791271991,0,1,0
2023,12,Virginia,113,Spinach,11.102134831460676,2.1749793478173696,10.07,9.95,60471.0,679.4494382022472,71526.0,7.739550561797752,89,373.0,Spinach,422952.0,29542.0,14317.0,Exact,1,4,4,1,0,4,422952.0,0.0,0.9999980754354314,14.316972446009071,0.422952,11.481999999999998,-3.308353671305712,19.590640726628735,43.44676403124188,-2.282594717114416,11.292067415730337,0.26860523661072516,52131.0,422952.0,0.0007199939083607108,0.006485184329777982,122.2337909265593,0,1,0
2023,13,Washington,113,Spinach,11.761807228915663,2.4884636971718566,10.08,9.87,31642.0,381.2289156626506,37452.0,8.184698795180724,83,373.0,Spinach,422952.0,29542.0,14317.0,Exact,1,4,4,1,0,4,422952.0,0.0,0.9999980754354314,14.316972446009071,0.422952,11.958333333333332,-1.6434238696947983,21.15715424287966,43.7048268146556,-0.004802754756123529,11.860070281124496,0.1389649411139097,40429.666666666664,422952.0,0.00039912888378022945,0.003393431604617666,121.87904847072963,0,1,0
2023,14,Arizona,113,Spinach,12.012117647058822,2.8602164811999335,10.01,9.74,53688.0,631.6235294117647,63542.0,8.137882352941176,85,373.0,Spinach,422952.0,29542.0,14317.0,Exact,1,4,4,1,0,4,422952.0,0.0,0.9999980754354314,14.316972446009071,0.422952,12.029456521739128,-0.14413680825041023,23.811092808437987,47.60741340426762,0.8594975566419107,12.020787084398975,0.012260435864587816,57456.666666666664,422952.0,0.0006916270603150536,0.0057577446428390515,130.8235338644371,0,1,0
2023,15,Massachusetts,113,Spinach,11.914252873563218,2.4461686379068097,10.0,9.91,49542.0,569.448275862069,57094.0,8.24137931034483,87,373.0,Spinach,422952.0,29542.0,14317.0,Exact,1,4,4,1,0,4,422952.0,0.0,0.9999980754354314,14.316972446009071,0.422952,11.415138888888885,4.37238643815498,20.53144803846378,44.56624825662479,0.5215789241111106,11.664695881226052,0.35292688314825915,42910.0,422952.0,0.0006330172175269865,0.0053131087970409085,128.8001775358043,0,1,0
2023,2,Texas,113,Spinach,11.996341463414634,2.276531644060259,10.07,9.98,44158.0,538.5121951219512,51851.0,8.270365853658534,82,373.0,Spinach,422952.0,29542.0,14317.0,Exact,1,4,4,1,0,4,422952.0,0.0,0.9999980754354314,14.316972446009071,0.422952,11.82256097560976,1.4699056165866944,18.97688266879549,45.052125573233894,0.805023753523791,11.909451219512196,0.12288136136473292,42256.333333333336,422952.0,0.0005681112484260675,0.004735704215811482,128.30749436078094,0,1,0
2023,3,Florida,113,Spinach,11.600344827586209,2.293685694631638,10.07,9.9,36799.0,422.97701149425285,43638.0,8.08,87,373.0,Spinach,422952.0,29542.0,14317.0,Exact,1,4,4,1,0,4,422952.0,0.0,0.9999980754354314,14.316972446009071,0.422952,11.361298701298699,2.1040387421570497,19.772564770463866,43.568624103789716,-0.5623185177169248,11.480821764442453,0.16903113691427438,37470.333333333336,422952.0,0.00045780664303120565,0.003946491676200162,121.95736149991947,0,1,0
2023,4,New York,113,Spinach,11.836478873239438,2.2131174512706533,10.13,9.93,39843.0,561.169014084507,47737.0,8.180140845070422,71,373.0,Spinach,422952.0,29542.0,14317.0,Exact,1,4,4,1,0,4,422952.0,0.0,0.9999980754354314,14.316972446009071,0.422952,11.835416666666667,0.008974813499909706,18.697430840468872,44.69773928614475,0.2530320006663636,11.835947769953052,0.0007510934706269871,47389.666666666664,422952.0,0.0005057661189680657,0.004272944043448001,125.38059062697002,0,1,0
2023,5,Illinois,113,Spinach,12.051839080459768,2.3676037973541217,10.16,9.86,52964.0,608.7816091954023,62319.0,8.247471264367814,87,373.0,Spinach,422952.0,29542.0,14317.0,Exact,1,4,4,1,0,4,422952.0,0.0,0.9999980754354314,14.316972446009071,0.422952,11.190540540540539,7.6966660975755286,19.645166032732988,46.127688040918166,0.9966522444582939,11.621189810500153,0.6090300382029591,53542.0,422952.0,0.000684556463263846,0.005680099598855005,131.09251288336264,0,1,0
2023,6,Pennsylvania,113,Spinach,11.793870967741935,2.4979313320608805,10.05,9.95,53406.0,574.258064516129,62976.0,8.141075268817206,93,373.0,Spinach,422952.0,29542.0,14317.0,Exact,1,4,4,1,0,4,422952.0,0.0,0.9999980754354314,14.316972446009071,0.422952,11.631944444444443,1.3920847376023178,21.17991064081598,44.868713017751446,0.10591057334947103,11.712907706093189,0.11449934267761792,43107.666666666664,422952.0,0.0006754941582529705,0.0057275016837181935,128.38450702080218,0,1,0
2023,7,Ohio,113,Spinach,11.882705882352939,2.570993595329808,10.0,9.96,46882.0,551.5529411764705,54050.0,8.224117647058822,85,373.0,Spinach,422952.0,29542.0,14317.0,Exact,1,4,4,1,0,4,422952.0,0.0,0.9999980754354314,14.316972446009071,0.422952,12.098192771084339,-1.781149406433918,21.636432145880196,44.486088262642156,0.4126498810094338,11.99044932671864,0.1523722402787639,47522.333333333336,422952.0,0.0005974432411812181,0.005027838331574662,127.80337860992604,0,1,0
2023,8,Georgia,113,Spinach,11.620588235294118,2.157582616053911,10.06,9.9,51156.0,601.8352941176471,60004.0,8.115882352941176,85,373.0,Spinach,422952.0,29542.0,14317.0,Exact,1,4,4,1,0,4,422952.0,0.0,0.9999980754354314,14.316972446009071,0.422952,11.503802816901407,1.0151896746798328,18.566896721294096,43.183300717547304,-0.49241977472614595,11.562195526097764,0.08257976128919399,44431.666666666664,422952.0,0.0006375288835131268,0.005486201477966668,125.9980246515849,0,1,0
2023,9,North Carolina,113,Spinach,11.983636363636364,2.6220199623087974,10.07,9.91,56237.0,568.0505050505051,66483.0,8.143131313131315,99,373.0,Spinach,422952.0,29542.0,14317.0,Exact,1,4,4,1,0,4,422952.0,0.0,0.9999980754354314,14.316972446009071,0.422952,11.5586301369863,3.676960172729226,21.880002719918654,47.16250914819452,0.7611541384428032,11.771133250311333,0.3005247849107669,50139.333333333336,422952.0,0.000722746406711616,0.006031110964821556,131.06920078282945,0,1,0
2019,1,California,114,Bell Peppers,5.533499999999999,1.2473243261812634,3.41,9.5,51962.0,649.525,61560.0,3.8408749999999983,80,401.0,"Chillies and peppers, green (Capsicum spp. and Pimenta spp.)",658322.0,21044.0,31283.6,Approximate,1,4,0,0,0,0,658322.0,0.0,0.9999846910087923,31.283121079642655,0.658322,,,22.541326939211416,44.06873433787879,-0.7149673281081007,5.533499999999999,,51962.0,658322.0,0.00019811331324941909,0.003580253243867699,60.08433225350672,0,1,0
2019,10,Michigan,114,Bell Peppers,5.6482352941176455,1.0666728032454442,3.68,8.43,31307.0,460.3970588235294,37903.0,3.971323529411765,68,401.0,"Chillies and peppers, green (Capsicum spp. and Pimenta spp.)",658322.0,21044.0,31283.6,Approximate,1,4,0,0,0,0,658322.0,0.0,0.9999846910087923,31.283121079642655,0.658322,,,18.885063169311138,42.22551379374185,0.1812039878154505,5.6482352941176455,,31307.0,658322.0,0.00012183782059196713,0.0021570953447859215,58.46843590185131,0,1,0
2019,11,New Jersey,114,Bell Peppers,5.770212765957445,1.0534898264619996,3.57,8.09,57001.0,606.3936170212766,67922.0,3.9121276595744687,94,401.0,"Chillies and peppers, green (Capsicum spp. and Pimenta spp.)",658322.0,21044.0,31283.6,Approximate,1,4,0,0,0,0,658322.0,0.0,0.9999846910087923,31.283121079642655,0.658322,,,18.257382685735248,47.495513134279584,1.133942308594189,5.770212765957445,,57001.0,658322.0,0.00022662206387189722,0.003927447272116214,63.18868619402593,0,1,0
2019,12,Virginia,114,Bell Peppers,5.74864197530864,1.1964256695323991,3.24,8.41,46033.0,568.3086419753087,54090.0,3.9841975308641984,81,401.0,"Chillies and peppers, green (Capsicum spp. and Pimenta spp.)",658322.0,21044.0,31283.6,Approximate,1,4,0,0,0,0,658322.0,0.0,0.9999846910087923,31.283121079642655,0.658322,,,20.812318364428393,44.28606841844316,0.965457763451269,5.74864197530864,,46033.0,658322.0,0.0001823318040648061,0.00317173699193568,61.72394801891279,0,1,0
2019,13,Washington,114,Bell Peppers,5.770425531914892,1.1277343495753243,3.7,8.18,54317.0,577.8404255319149,63906.0,3.9765957446808504,94,401.0,"Chillies and peppers, green (Capsicum spp. and Pimenta spp.)",658322.0,21044.0,31283.6,Approximate,1,4,0,0,0,0,,,0.9999846910087923,31.283121079642655,0.658322,,,19.54334811770962,45.10968432316746,1.1356041751500336,5.770425531914892,,54317.0,658322.0,0.00021595909775074887,0.003742515981816747,62.912704548310934,0,1,0
2019,14,Arizona,114,Bell Peppers,5.582432432432429,1.1700600743397178,3.1,8.77,49985.0,675.472972972973,60503.0,3.8440540540540544,74,401.0,"Chillies and peppers, green (Capsicum spp. and Pimenta spp.)",658322.0,21044.0,31283.6,Approximate,1,4,0,0,0,0,658322.0,0.0,0.9999846910087923,31.283121079642655,0.658322,,,20.959681796451022,45.22252689306044,-0.3327672152174091,5.582432432432429,,49985.0,658322.0,0.00019226093942054757,0.003444035225640409,60.39911790666679,0,1,0
2019,15,Massachusetts,114,Bell Peppers,5.689873417721519,1.31551052161868,3.21,9.18,47486.0,601.0886075949367,55742.0,3.8369620253164545,79,401.0,"Chillies and peppers, green (Capsicum spp. and Pimenta spp.)",658322.0,21044.0,31283.6,Approximate,1,4,0,0,0,0,658322.0,0.0,0.9999846910087923,31.283121079642655,0.658322,,,23.12020716526712,48.29110583267358,0.5064299116223769,5.689873417721519,,47486.0,658322.0,0.0001861641626608991,0.00327185068970212,61.26975905221589,0,1,0
2019,2,Texas,114,Bell Peppers,5.546133333333331,1.0429284307715998,3.41,7.52,47197.0,629.2933333333333,55362.0,3.8169333333333344,75,401.0,"Chillies and peppers, green (Capsicum spp. and Pimenta spp.)",658322.0,21044.0,31283.6,Approximate,1,4,0,0,0,0,658322.0,0.0,0.9999846910087923,31.283121079642655,0.658322,,,18.804604362888263,45.30338491633762,-0.6162912315773864,5.546133333333331,,47197.0,658322.0,0.0001803568280652493,0.0032519381923487123,59.688079248141506,0,1,0
2019,3,Florida,114,Bell Peppers,5.765975609756096,1.2744128251004414,3.03,9.32,41941.0,511.4756097560976,49000.0,3.9139024390243895,82,401.0,"Chillies and peppers, green (Capsicum spp. and Pimenta spp.)",658322.0,21044.0,31283.6,Approximate,1,4,0,0,0,0,658322.0,0.0,0.9999846910087923,31.283121079642655,0.658322,,,22.102293026424192,47.3203714089861,1.1008468441345554,5.765975609756096,,41941.0,658322.0,0.0001666247345131946,0.0028897925657414103,61.37329227236682,0,1,0
2019,4,New York,114,Bell Peppers,5.699999999999999,1.3190217552431034,3.09,8.51,56152.0,638.0909090909091,66535.0,3.8738636363636347,88,401.0,"Chillies and peppers, green (Capsicum spp. and Pimenta spp.)",658322.0,21044.0,31283.6,Approximate,1,4,0,0,0,0,658322.0,0.0,0.9999846910087923,31.283121079642655,0.658322,,,23.140732548124625,47.13992373129955,0.5855263451662548,5.699999999999999,,56152.0,658322.0,0.0002205301502738648,0.003868950004804646,62.33426170622122,0,1,0
2019,5,Illinois,114,Bell Peppers,5.6919,1.2209109821205746,10.34,8.72,64939.0,649.39,77199.0,3.9491,100,401.0,"Chillies and peppers, green (Capsicum spp. and Pimenta spp.)",658322.0,21044.0,31283.6,Approximate,1,4,0,0,0,0,658322.0,0.0,0.9999846910087923,31.283121079642655,0.658322,,,21.44997245419938,44.13157428274798,0.5222590853853489,5.6919,,64939.0,658322.0,0.0002546775987202804,0.004474386386273132,63.073190685974154,0,1,0
2019,6,Pennsylvania,114,Bell Peppers,5.546341463414635,1.2278149941017342,2.54,8.36,45811.0,558.670731707317,53493.0,3.816219512195121,82,401.0,"Chillies and peppers, green (Capsicum spp. and Pimenta spp.)",658322.0,21044.0,31283.6,Approximate,1,4,0,0,0,0,658322.0,0.0,0.9999846910087923,31.283121079642655,0.658322,,,22.137385557682983,45.33601763972779,-0.6146655747968846,5.546341463414635,,45811.0,658322.0,0.00017506698966734033,0.0031564408867022662,59.52500794495864,0,1,0
2019,7,Ohio,114,Bell Peppers,5.3981176470588235,1.0447390812538602,3.45,8.79,54582.0,642.1411764705882,65306.0,3.7996470588235303,85,401.0,"Chillies and peppers, green (Capsicum spp. and Pimenta spp.)",658322.0,21044.0,31283.6,Approximate,1,4,0,0,0,0,658322.0,0.0,0.9999846910087923,31.283121079642655,0.658322,,,19.353766434177082,42.06892281016809,-1.772408129747709,5.3981176470588235,,54582.0,658322.0,0.00020301105063735722,0.0037607748461719478,58.87984817004029,0,1,0
2019,8,Georgia,114,Bell Peppers,5.680434782608696,1.2755502264965255,3.33,8.99,55094.0,598.8478260869565,65854.0,3.935434782608697,92,401.0,"Chillies and peppers, green (Capsicum spp. and Pimenta spp.)",658322.0,21044.0,31283.6,Approximate,1,4,0,0,0,0,658322.0,0.0,0.9999846910087923,31.283121079642655,0.658322,,,22.455151327531635,44.34071700823065,0.4327068770964216,5.680434782608696,,55094.0,658322.0,0.0002156322780630292,0.003796052350133694,62.01225136349319,0,1,0
2019,9,North Carolina,114,Bell Peppers,5.5135,1.0731995225445605,3.72,7.89,35604.0,445.05,42316.0,3.8336250000000023,80,401.0,"Chillies and peppers, green (Capsicum spp. and Pimenta spp.)",658322.0,21044.0,31283.6,Approximate,1,4,0,0,0,0,658322.0,0.0,0.9999846910087923,31.283121079642655,0.658322,,,19.464941009242054,43.81949199517419,-0.871182784357269,5.5135,,35604.0,658322.0,0.00013525522762082646,0.0024531645528398744,57.78281071860086,0,1,0
2020,1,California,114,Bell Peppers,5.682297297297296,1.2382196092836333,3.25,8.61,46820.0,632.7027027027027,54996.0,3.89445945945946,74,401.0,"Chillies and peppers, green (Capsicum spp. and Pimenta spp.)",565743.0,17806.0,31772.6,Approximate,1,1,1,0,0,1,565743.0,0.0,1.000000149184369,31.77260473997529,0.565743,5.533499999999999,2.689026787698511,21.79082762657587,45.907213990769925,0.44725455618894494,5.607898648648648,0.1052155779411495,49391.0,612032.5,0.00021330568459615923,0.003753863506888579,61.10792005874447,0,1,0
2020,10,Michigan,114,Bell Peppers,5.727142857142857,1.1124000335250201,3.43,8.16,36992.0,480.4155844155844,42628.0,3.93922077922078,77,401.0,"Chillies and peppers, green (Capsicum spp. and Pimenta spp.)",565743.0,17806.0,31772.6,Approximate,1,1,1,0,0,1,565743.0,0.0,1.000000149184369,31.77260473997529,0.565743,5.6482352941176455,1.397030380575499,19.42329816581477,45.387709349861495,0.7975330357901341,5.687689075630251,0.05579607290203187,34149.5,565743.0,0.00016986069495847643,0.002965888911721963,60.24086042002201,0,1,0
2020,11,New Jersey,114,Bell Peppers,5.700833333333334,0.949132665596021,3.54,7.69,47099.0,654.1527777777778,54505.0,3.938611111111111,72,401.0,"Chillies and peppers, green (Capsicum spp. and Pimenta spp.)",565743.0,17806.0,31772.6,Approximate,1,1,1,0,0,1,565743.0,0.0,1.000000149184369,31.77260473997529,0.565743,5.770212765957445,-1.2023721730579762,16.649016206917487,44.74222441639045,0.5920353225099783,5.735523049645389,0.049058667283384275,52050.0,565743.0,0.0002152767353026086,0.0037762327490590596,61.34112788625904,0,1,0
2020,12,Virginia,114,Bell Peppers,5.6864634146341455,1.1518427232651225,3.53,8.67,43323.0,528.329268292683,51129.0,3.8453658536585364,82,401.0,"Chillies and peppers, green (Capsicum spp. and Pimenta spp.)",565743.0,17806.0,31772.6,Approximate,1,1,1,0,0,1,658322.0,-14.062875006455808,1.000000149184369,31.77260473997529,0.565743,5.74864197530864,-1.0816217280805065,20.255871519384943,47.8783458074337,0.4797951522171193,5.717552694971393,0.04396688189735438,44678.0,565743.0,0.0001975185278354278,0.0034734863030528385,60.711310748132675,0,1,0
2020,13,Washington,114,Bell Peppers,5.614096385542169,1.3838238257959121,3.08,8.71,33172.0,399.66265060240966,39412.0,3.8185542168674704,83,401.0,"Chillies and peppers, green (Capsicum spp. and Pimenta spp.)",565743.0,17806.0,31772.6,Approximate,1,1,1,0,0,1,565743.0,0.0,1.000000149184369,31.77260473997529,0.565743,5.770425531914892,-2.709144161173258,24.6490927615642,47.02151826844196,-0.08544727113289173,5.69226095872853,0.11054139949725696,43744.5,565743.0,0.00014931333273786093,0.002659614699925415,58.43988900421134,0,1,0
2020,14,Arizona,114,Bell Peppers,5.688266666666667,1.277288484984451,3.18,9.06,44645.0,595.2666666666667,52926.0,3.8712000000000004,75,401.0,"Chillies and peppers, green (Capsicum spp. and Pimenta spp.)",565743.0,17806.0,31772.6,Approximate,1,1,1,0,0,1,565743.0,0.0,1.000000149184369,31.77260473997529,0.565743,5.582432432432429,1.8958444283063702,22.454792643062635,46.938072604532614,0.49387994416675085,5.635349549549549,0.07483610470871514,47315.0,565743.0,0.0002036103466193696,0.00357947962975311,60.9015408128039,0,1,0
2020,15,Massachusetts,114,Bell Peppers,5.865312499999999,1.1244731661163772,3.36,8.95,41455.0,431.8229166666667,48320.0,4.035729166666667,96,401.0,"Chillies and peppers, green (Capsicum spp. and Pimenta spp.)",565743.0,17806.0,31772.6,Approximate,1,1,1,0,0,1,565743.0,0.0,1.000000149184369,31.77260473997529,0.565743,5.689873417721519,3.0833565072302367,19.17158149913372,45.334641096456096,1.8767447257258132,5.777592958860759,0.12405416476425782,44470.5,565743.0,0.00019494636578823291,0.003323716609954422,62.36227767115271,0,1,0
2020,2,Texas,114,Bell Peppers,5.542439024390244,1.1205615446053907,2.82,8.5,42597.0,519.4756097560976,49891.0,3.9024390243902425,82,401.0,"Chillies and peppers, green (Capsicum spp. and Pimenta spp.)",565743.0,17806.0,31772.6,Approximate,1,1,1,0,0,1,565743.0,0.0,1.000000149184369,31.77260473997529,0.565743,5.546133333333331,-0.06661053243857344,20.217841633876525,42.02500000000006,-0.6451466394308694,5.544286178861787,0.0026122709054545944,44897.0,565743.0,0.00018928970994768992,0.003415278167512448,59.07997564183273,0,1,0
2020,3,Florida,114,Bell Peppers,5.831927710843374,1.2070609920849023,3.06,8.17,39412.0,474.8433734939759,45922.0,3.986626506024096,83,401.0,"Chillies and peppers, green (Capsicum spp. and Pimenta spp.)",565743.0,17806.0,31772.6,Approximate,1,1,1,0,0,1,565743.0,0.0,1.000000149184369,31.77260473997529,0.565743,5.765975609756096,1.1438151242902543,20.697461490145002,46.2872858049503,1.6159837222315825,5.7989516602997355,0.04663517791231456,40676.5,565743.0,0.00018428401860402858,0.003159916030189933,61.71259002119897,0,1,0
2020,4,New York,114,Bell Peppers,5.510777777777776,1.183841801397712,3.29,8.31,52788.0,586.5333333333333,61533.0,3.858666666666667,90,401.0,"Chillies and peppers, green (Capsicum spp. and Pimenta spp.)",565743.0,17806.0,31772.6,Approximate,1,1,1,0,0,1,565743.0,0.0,1.000000149184369,31.77260473997529,0.565743,5.699999999999999,-3.3196881091618042,21.48229976123437,42.815595484911256,-0.8924454436800805,5.605388888888887,0.1338003164845216,54470.0,565743.0,0.0002332357796886576,0.004232356830449259,59.924517812513784,0,1,0
2020,5,Illinois,114,Bell Peppers,5.642025316455697,1.2670876963020716,3.01,8.94,45425.0,575.0,54458.0,3.840886075949368,79,401.0,"Chillies and peppers, green (Capsicum spp. and Pimenta spp.)",565743.0,17806.0,31772.6,Approximate,1,1,1,0,0,1,565743.0,0.0,1.000000149184369,31.77260473997529,0.565743,5.6919,-0.8762396307788927,22.458029257799435,46.89384701578616,0.13269926312752517,5.666962658227849,0.03526672694371033,55182.0,565743.0,0.0002054835378720562,0.0036420172960361743,60.504176246781455,0,1,0
2020,6,Pennsylvania,114,Bell Peppers,5.583678160919542,1.0551800407849818,3.43,8.26,53042.0,609.6781609195402,60971.0,3.878850574712644,87,401.0,"Chillies and peppers, green (Capsicum spp. and Pimenta spp.)",565743.0,17806.0,31772.6,Approximate,1,1,1,0,0,1,565743.0,0.0,1.000000149184369,31.77260473997529,0.565743,5.546341463414635,0.6731770438439693,18.897579881488205,43.951875777869994,-0.3230371130185668,5.565009812167088,0.026401031992830573,49426.5,565743.0,0.00023745829058745285,0.004252721660238872,60.74404285967469,0,1,0
2020,7,Ohio,114,Bell Peppers,5.905696202531646,1.2051882324992331,3.77,8.95,35755.0,452.59493670886076,42152.0,3.9818987341772156,79,401.0,"Chillies and peppers, green (Capsicum spp. and Pimenta spp.)",565743.0,17806.0,31772.6,Approximate,1,1,1,0,0,1,565743.0,0.0,1.000000149184369,31.77260473997529,0.565743,5.3981176470588235,9.402880571700365,20.407216882957755,48.31357090631656,2.1921726515264193,5.6519069247952345,0.3589122385597053,45168.5,565743.0,0.00016929921828092015,0.002866710587116641,61.91811454435725,0,1,0
2020,8,Georgia,114,Bell Peppers,5.586760563380282,1.2990015667513781,3.38,9.3,38694.0,544.9859154929577,46387.0,3.870845070422534,71,401.0,"Chillies and peppers, green (Capsicum spp. and Pimenta spp.)",565743.0,17806.0,31772.6,Approximate,1,1,1,0,0,1,565743.0,0.0,1.000000149184369,31.77260473997529,0.565743,5.680434782608696,-1.6490677705729238,23.251427227183946,44.32922170068775,-0.2989611676811609,5.6335976729944885,0.06623767563876691,46894.0,565743.0,0.00017332082760006845,0.00310234930661142,59.01555342730043,0,1,0
2020,9,North Carolina,114,Bell Peppers,5.79962962962963,1.2480228808443823,3.48,8.54,42544.0,525.2345679012345,50956.0,3.861975308641976,81,401.0,"Chillies and peppers, green (Capsicum spp. and Pimenta spp.)",565743.0,17806.0,31772.6,Approximate,1,1,1,0,0,1,565743.0,0.0,1.000000149184369,31.77260473997529,0.565743,5.5135,5.189618747250025,21.519010015197857,50.172623233808544,1.3637107475926904,5.656564814814814,0.20232420140950672,39074.0,565743.0,0.00019782703772932138,0.0034110288132650087,61.814294661001405,0,1,0
2021,1,California,114,Bell Peppers,5.691690140845071,1.1234195068316999,3.79,8.0,37445.0,527.3943661971831,43317.0,3.889718309859155,71,401.0,"Chillies and peppers, green (Capsicum spp. and Pimenta spp.)",579873.0,17766.0,32639.5,Approximate,1,2,2,0,0,2,579873.0,0.0,0.9999993843483311,32.639479905437355,0.579873,5.682297297297296,0.1653001076209508,19.737889432345323,46.32653800195533,0.5206199232035814,5.686993719071184,0.006641743367255877,45409.0,572808.0,0.00016671261091863175,0.0029290528260183745,59.93722623141755,0,1,0
2021,10,Michigan,114,Bell Peppers,5.513866666666666,1.2452991536100804,3.29,8.74,39742.0,529.8933333333333,46912.0,3.8245333333333313,75,401.0,"Chillies and peppers, green (Capsicum spp. and Pimenta spp.)",579873.0,17766.0,32639.5,Approximate,1,2,2,0,0,2,579873.0,0.0,0.9999993843483311,32.639479905437355,0.579873,5.727142857142857,-3.7239544358526713,22.58486156617402,44.170966392413945,-0.8683188343260363,5.620504761904762,0.1508090405513483,36013.666666666664,579873.0,0.0001714112604492002,0.0031087306025269663,58.39289014255777,0,1,0
2021,11,New Jersey,114,Bell Peppers,5.743815789473684,1.2273863473307967,3.64,8.95,35246.0,463.7631578947368,40854.0,3.9052631578947357,76,401.0,"Chillies and peppers, green (Capsicum spp. and Pimenta spp.)",579873.0,17766.0,32639.5,Approximate,1,2,2,0,0,2,579873.0,0.0,0.9999993843483311,32.639479905437355,0.579873,5.700833333333334,0.7539679486686275,21.36883201547214,47.07884097035045,0.927761522343723,5.722324561403509,0.030393186208895324,46448.666666666664,579873.0,0.00015835934962428374,0.002757040884119205,60.13853074145819,0,1,0
2021,12,Virginia,114,Bell Peppers,5.648837209302324,1.0740943310580053,3.75,8.2,48746.0,566.8139534883721,57458.0,3.812209302325581,86,401.0,"Chillies and peppers, green (Capsicum spp. and Pimenta spp.)",579873.0,17766.0,32639.5,Approximate,1,2,2,0,0,2,565743.0,2.4976005005806523,0.9999993843483311,32.639479905437355,0.579873,5.6864634146341455,-0.661680249889413,19.014432373608166,48.1775202074119,0.1859054105753455,5.667650311968234,0.026605744940448244,46034.0,579873.0,0.00021539291450696718,0.0038130487129681315,60.97580236213064,0,1,0
2021,13,Washington,114,Bell Peppers,5.441285714285716,1.1330079517079923,3.45,8.44,41776.0,596.8,49264.0,3.833714285714285,70,401.0,"Chillies and peppers, green (Capsicum spp. and Pimenta spp.)",579873.0,17766.0,32639.5,Approximate,1,2,2,0,0,2,579873.0,0.0,0.9999993843483311,32.639479905437355,0.579873,5.614096385542169,-3.078156472366379,20.822430785675508,41.93247875987485,-1.4352321638855152,5.527691049913942,0.12219559750683727,43088.333333333336,579873.0,0.0001778122815762843,0.0032678357820735376,57.89583080960642,0,1,0
2021,14,Arizona,114,Bell Peppers,5.428709677419356,1.225639323127573,3.45,7.94,36608.0,590.4516129032259,43213.0,3.7869354838709675,62,401.0,"Chillies and peppers, green (Capsicum spp. and Pimenta spp.)",579873.0,17766.0,32639.5,Approximate,1,2,2,0,0,2,579873.0,0.0,0.9999993843483311,32.639479905437355,0.579873,5.688266666666667,-4.563024282393784,22.576991512837814,43.353635163337486,-1.5334607307297559,5.5584881720430115,0.18353450720113776,43746.0,579873.0,0.00015545546307244493,0.002863580340629741,57.04514941863625,0,1,0
2021,15,Massachusetts,114,Bell Peppers,5.47051948051948,1.096085014115305,3.24,7.91,35287.0,458.27272727272725,41468.0,3.805194805194806,77,401.0,"Chillies and peppers, green (Capsicum spp. and Pimenta spp.)",579873.0,17766.0,32639.5,Approximate,1,2,2,0,0,2,579873.0,0.0,0.9999993843483311,32.639479905437355,0.579873,5.865312499999999,-6.730980139259748,20.036214440300665,43.764505119453865,-1.206893857381061,5.66791599025974,0.279160821239788,41409.333333333336,579873.0,0.00015099990559042114,0.00276024801900682,57.283441018012994,0,1,0
2021,2,Texas,114,Bell Peppers,5.622650602409638,1.3097803617189998,3.23,9.66,46603.0,561.4819277108434,56139.0,3.9334939759036147,83,401.0,"Chillies and peppers, green (Capsicum spp. and Pimenta spp.)",579873.0,17766.0,32639.5,Approximate,1,2,2,0,0,2,579873.0,0.0,0.9999993843483311,32.639479905437355,0.579873,5.542439024390244,1.4472252679084374,23.29471372732429,42.94290615045329,-0.018632226592589854,5.582544813399942,0.05671815074718696,45465.666666666664,579873.0,0.00020496907485437763,0.0036454172479886316,60.44035458771845,0,1,0
2021,3,Florida,114,Bell Peppers,5.549484536082472,0.96274604120845,3.5,8.62,42920.0,442.4742268041237,50718.0,3.8386597938144322,97,401.0,"Chillies and peppers, green (Capsicum spp. and Pimenta spp.)",579873.0,17766.0,32639.5,Approximate,1,2,2,0,0,2,579873.0,0.0,0.9999993843483311,32.639479905437355,0.579873,5.831927710843374,-4.843049995900181,17.34838677265831,44.56828252987778,-0.5901157482553566,5.690706123462923,0.1997174841732906,41424.333333333336,579873.0,0.00018631410227141397,0.003357322667718217,59.1969980371136,0,1,0
2021,4,New York,114,Bell Peppers,5.544269662921348,1.0726325809559836,3.53,8.43,46363.0,520.9325842696629,55540.0,3.807865168539324,89,401.0,"Chillies and peppers, green (Capsicum spp. and Pimenta spp.)",579873.0,17766.0,32639.5,Approximate,1,2,2,0,0,2,579873.0,0.0,0.9999993843483311,32.639479905437355,0.579873,5.510777777777776,0.6077524170658375,19.346688494058554,45.6004721156684,-0.6308479377626867,5.527523720349562,0.023682339099740386,51767.666666666664,579873.0,0.00020107091062592807,0.0036266437754757614,59.56917775339619,0,1,0
2021,5,Illinois,114,Bell Peppers,5.539506172839506,1.0964373001163448,3.5,9.15,46486.0,573.9012345679013,52853.0,3.860864197530863,81,401.0,"Chillies and peppers, green (Capsicum spp. and Pimenta spp.)",579873.0,17766.0,32639.5,Approximate,1,2,2,0,0,2,579873.0,0.0,0.9999993843483311,32.639479905437355,0.579873,5.642025316455697,-1.8170628075202113,19.793051328153314,43.47839989767534,-0.6680544765863565,5.590765744647602,0.07249198165244619,52283.333333333336,579873.0,0.00020143113411459174,0.0036362651801386072,59.532673898652305,0,1,0
2021,6,Pennsylvania,114,Bell Peppers,5.826799999999999,1.289988552137756,3.24,9.1,57758.0,577.58,66297.0,3.952799999999999,100,401.0,"Chillies and peppers, green (Capsicum spp. and Pimenta spp.)",579873.0,17766.0,32639.5,Approximate,1,2,2,0,0,2,579873.0,0.0,0.9999993843483311,32.639479905437355,0.579873,5.583678160919542,4.354152085306056,22.13888501643709,47.40943128921271,1.5759323377859986,5.70523908045977,0.17191310106833577,52203.666666666664,579873.0,0.0002632543931562922,0.004517992605826393,63.885235993843814,0,1,0
2021,7,Ohio,114,Bell Peppers,5.84896551724138,1.1974576115066675,3.65,8.48,48340.0,555.6321839080459,57236.0,3.93735632183908,87,401.0,"Chillies and peppers, green (Capsicum spp. and Pimenta spp.)",579873.0,17766.0,32639.5,Approximate,1,2,2,0,0,2,579873.0,0.0,0.9999993843483311,32.639479905437355,0.579873,5.905696202531646,-0.9606096105307114,20.472981213119535,48.550576558166725,1.7490621572290632,5.877330859886513,0.040114652270107194,46225.666666666664,579873.0,0.00022116636313933635,0.003781290255300527,63.087148776351185,0,1,0
2021,8,Georgia,114,Bell Peppers,5.525851063829787,1.1903549751342295,2.92,8.98,51724.0,550.2553191489362,62615.0,3.8641489361702135,94,401.0,"Chillies and peppers, green (Capsicum spp. and Pimenta spp.)",579873.0,17766.0,32639.5,Approximate,1,2,2,0,0,2,579873.0,0.0,0.9999993843483311,32.639479905437355,0.579873,5.586760563380282,-1.0902471809824872,21.541568192560607,43.00305591498497,-0.7747114307906245,5.556305813605034,0.043069520170833875,48504.0,579873.0,0.0002235757250400562,0.004045996217731991,59.97591036545379,0,1,0
2021,9,North Carolina,114,Bell Peppers,5.517500000000001,1.0897157861137439,3.08,8.41,54060.0,587.6086956521739,62940.0,3.833804347826087,92,401.0,"Chillies and peppers, green (Capsicum spp. and Pimenta spp.)",579873.0,17766.0,32639.5,Approximate,1,2,2,0,0,2,579873.0,0.0,0.9999993843483311,32.639479905437355,0.579873,5.79962962962963,-4.8646145986333575,19.75017283396001,43.91709903320011,-0.8399396931074243,5.658564814814815,0.19949577428475956,44069.333333333336,579873.0,0.00023331988441343252,0.004228724683523924,60.12898844249361,0,1,0
2022,1,California,114,Bell Peppers,5.779459459459461,1.2393114437050659,3.31,8.98,39235.0,530.2027027027027,45986.0,3.95945945945946,74,401.0,"Chillies and peppers, green (Capsicum spp. and Pimenta spp.)",621512.0,18615.0,33387.7,Approximate,1,3,3,1,0,3,621512.0,0.0,0.9999999428812348,33.38769809293581,0.621512,5.691690140845071,1.5420607313903818,21.443379824676125,45.96587030716724,1.2061661308048723,5.735574800152266,0.06206228037235766,41166.666666666664,600692.5,0.00016549223353114336,0.0028634552191602615,61.13136534986355,0,1,0
2022,10,Michigan,114,Bell Peppers,5.629285714285713,1.318723173736659,3.38,8.89,39519.0,470.4642857142857,47420.0,3.8701190476190472,84,401.0,"Chillies and peppers, green (Capsicum spp. and Pimenta spp.)",621512.0,18615.0,33387.7,Approximate,1,3,3,1,0,3,621512.0,0.0,0.9999999428812348,33.38769809293581,0.621512,5.513866666666666,2.0932506097181647,23.426119061430313,45.45510474022576,0.03319312485667625,5.57157619047619,0.08161359124952093,38751.0,621512.0,0.00016235885396021074,0.0028841821538420896,59.5835245134449,0,1,0
2022,11,New Jersey,114,Bell Peppers,5.513913043478263,1.0420853208143648,3.47,8.51,29858.0,432.72463768115944,35675.0,3.860434782608695,69,401.0,"Chillies and peppers, green (Capsicum spp. and Pimenta spp.)",621512.0,18615.0,33387.7,Approximate,1,3,3,1,0,3,621512.0,0.0,0.9999999428812348,33.38769809293581,0.621512,5.743815789473684,-4.002613496358096,18.89919758613025,42.831399932424915,-0.867956595586884,5.628864416475974,0.1625657907067706,37401.0,621512.0,0.0001201537598451937,0.002179101463838081,56.81669205615374,0,1,0
2022,12,Virginia,114,Bell Peppers,5.5555555555555545,1.1880835408337245,3.04,8.51,45037.0,556.0123456790124,52117.0,3.869259259259256,81,401.0,"Chillies and peppers, green (Capsicum spp. and Pimenta spp.)",621512.0,18615.0,33387.7,Approximate,1,3,3,1,0,3,621512.0,0.0,0.9999999428812348,33.38769809293581,0.621512,5.648837209302324,-1.6513425735327714,21.385503735007045,43.58188953766641,-0.5426963944110996,5.602196382428939,0.06596008992463642,45702.0,621512.0,0.00018260542982501547,0.003286897736850279,59.52923253807935,0,1,0
2022,13,Washington,114,Bell Peppers,5.527888888888891,1.1115365359094918,2.67,8.78,37524.0,416.93333333333334,44106.0,3.8395555555555574,90,401.0,"Chillies and peppers, green (Capsicum spp. and Pimenta spp.)",621512.0,18615.0,33387.7,Approximate,1,3,3,1,0,3,621512.0,0.0,0.9999999428812348,33.38769809293581,0.621512,5.441285714285716,1.591593956843786,20.107794462795564,43.972103252691284,-0.7587944422224265,5.484587301587304,0.061237692034188114,37490.666666666664,621512.0,0.00015138581077187848,0.0027385827359186865,58.22394165817938,0,1,0
2022,14,Arizona,114,Bell Peppers,5.668571428571429,1.1086919926632124,3.16,8.17,52647.0,626.75,61641.0,3.935714285714287,84,401.0,"Chillies and peppers, green (Capsicum spp. and Pimenta spp.)",621512.0,18615.0,33387.7,Approximate,1,3,3,1,0,3,621512.0,0.0,0.9999999428812348,33.38769809293581,0.621512,5.428709677419356,4.418393419522414,19.558578499603037,44.029038112522656,0.3400449139175656,5.548640552995392,0.16960787078691122,44633.333333333336,621512.0,0.00021780306695224057,0.0038422920077260175,61.625214067970674,0,1,0
2022,15,Massachusetts,114,Bell Peppers,5.522432432432431,1.1077124531816587,3.63,8.6,36972.0,499.6216216216216,43682.0,3.8244594594594585,74,401.0,"Chillies and peppers, green (Capsicum spp. and Pimenta spp.)",621512.0,18615.0,33387.7,Approximate,1,3,3,1,0,3,621512.0,0.0,0.9999999428812348,33.38769809293581,0.621512,5.47051948051948,0.9489583593992084,20.05841568429569,44.39772446203315,-0.8014135839649075,5.4964759564759555,0.03670800032905934,37904.666666666664,621512.0,0.00014901160552257555,0.002698296581184993,58.08463062539014,0,1,0
2022,2,Texas,114,Bell Peppers,5.3005128205128225,1.2146656826521118,3.19,9.18,41710.0,534.7435897435897,48522.0,3.721794871794871,78,401.0,"Chillies and peppers, green (Capsicum spp. and Pimenta spp.)",621512.0,18615.0,33387.7,Approximate,1,3,3,1,0,3,621512.0,0.0,0.9999999428812348,33.38769809293581,0.621512,5.622650602409638,-5.729286855540345,22.916003107310537,42.41818808129529,-2.5347772552979495,5.46158171146123,0.22778581005563123,43636.666666666664,621512.0,0.00016135217272489965,0.0030440860759825285,56.38961250980362,0,1,0
2022,3,Florida,114,Bell Peppers,5.73438202247191,1.020148112080901,3.22,8.35,38720.0,435.0561797752809,43959.0,3.9302247191011244,89,401.0,"Chillies and peppers, green (Capsicum spp. and Pimenta spp.)",621512.0,18615.0,33387.7,Approximate,1,3,3,1,0,3,579873.0,7.180710258970499,0.9999999428812348,33.38769809293581,0.621512,5.549484536082472,3.3317956863784954,17.790027034877383,45.90468566854395,0.8540765115271933,5.6419332792771915,0.1307422664503186,40350.666666666664,621512.0,0.00016204614711066116,0.0028258694045083556,60.57879940313464,0,1,0
2022,4,New York,114,Bell Peppers,5.530449438202245,1.2465834309244455,3.22,8.78,47088.0,529.0786516853933,56064.0,3.8777528089887654,89,401.0,"Chillies and peppers, green (Capsicum spp. and Pimenta spp.)",621512.0,18615.0,33387.7,Approximate,1,3,3,1,0,3,621512.0,0.0,0.9999999428812348,33.38769809293581,0.621512,5.544269662921348,-0.2492704280155949,22.540363940650472,42.61995827538237,-0.7387945732607231,5.5373595505617965,0.009772374616399557,48746.333333333336,621512.0,0.00019005854914766308,0.0034365841559785503,59.50650059294716,0,1,0
2022,5,Illinois,114,Bell Peppers,5.665108695652174,1.075204549478962,3.63,8.62,46042.0,500.45652173913044,53397.0,3.947717391304348,92,401.0,"Chillies and peppers, green (Capsicum spp. and Pimenta spp.)",621512.0,18615.0,33387.7,Approximate,1,3,3,1,0,3,621512.0,0.0,0.9999999428812348,33.38769809293581,0.621512,5.539506172839506,2.267395664770704,18.97941605787995,43.503400424020484,0.3129982937750439,5.60230743424584,0.08881439561497591,45984.333333333336,621512.0,0.00019036152104234965,0.0033602448120447753,60.82814733767117,0,1,0
2022,6,Pennsylvania,114,Bell Peppers,5.540119047619048,1.199803692826274,3.16,8.78,37865.0,450.7738095238095,44226.0,3.839642857142855,84,401.0,"Chillies and peppers, green (Capsicum spp. and Pimenta spp.)",621512.0,18615.0,33387.7,Approximate,1,3,3,1,0,3,621512.0,0.0,0.9999999428812348,33.38769809293581,0.621512,5.826799999999999,-4.920041058230086,21.656640994779856,44.28735311443906,-0.6632674509208651,5.683459523809523,0.20271404546558788,49555.0,621512.0,0.00015309950867475056,0.0027634696539697544,58.40287623234902,0,1,0
2022,7,Ohio,114,Bell Peppers,5.797564102564103,1.1886183028472472,3.07,9.19,31518.0,404.0769230769231,37392.0,3.9038461538461555,78,401.0,"Chillies and peppers, green (Capsicum spp. and Pimenta spp.)",621512.0,18615.0,33387.7,Approximate,1,3,3,1,0,3,621512.0,0.0,0.9999999428812348,33.38769809293581,0.621512,5.84896551724138,-0.8788120655824939,20.502029504452636,48.50903119868632,1.34757738494588,5.823264809902742,0.036346288880884134,38537.666666666664,621512.0,0.00013335857591240938,0.0023002518566966517,60.05317387394806,0,1,0
2022,8,Georgia,114,Bell Peppers,5.627628865979381,1.2312060256071722,3.23,9.23,48567.0,500.69072164948454,58385.0,3.9328865979381433,97,401.0,"Chillies and peppers, green (Capsicum spp. and Pimenta spp.)",621512.0,18615.0,33387.7,Approximate,1,3,3,1,0,3,621512.0,0.0,0.9999999428812348,33.38769809293581,0.621512,5.525851063829787,1.8418484496586345,21.87788240710334,43.09156203308084,0.020251859151214077,5.576739964904585,0.07196777407424075,46328.333333333336,621512.0,0.00019947269951706473,0.0035445247770856747,60.72616823917103,0,1,0
2022,9,North Carolina,114,Bell Peppers,5.774831460674156,1.2126765216955862,3.27,8.8,36462.0,409.685393258427,42887.0,3.9143820224719112,89,401.0,"Chillies and peppers, green (Capsicum spp. and Pimenta spp.)",621512.0,18615.0,33387.7,Approximate,1,3,3,1,0,3,621512.0,0.0,0.9999999428812348,33.38769809293581,0.621512,5.517500000000001,4.663914103745454,20.999340499437153,47.52856076697852,1.1700178837165254,5.646165730337079,0.18196082085533472,44355.333333333336,621512.0,0.00015367263540824155,0.00266107567735495,60.65913761620659,0,1,0
2023,1,California,114,Bell Peppers,5.50962962962963,1.1622504511124576,2.44,8.57,38663.0,477.320987654321,45689.0,3.767530864197531,81,401.0,"Chillies and peppers, green (Capsicum spp. and Pimenta spp.)",576743.0,18616.0,30981.0,Approximate,1,4,4,1,0,4,621512.0,-7.203239840904117,1.0000012206491615,30.98103781693167,0.576743,5.779459459459461,-4.668772775768683,21.09489256523014,46.23980076678571,-0.9014133680203001,5.644544544544545,0.19079850243908578,38447.666666666664,599127.5,0.00016753358421413894,0.0030407413106895344,58.19636771866545,0,1,0
2023,10,Michigan,114,Bell Peppers,5.7506896551724145,1.1913084394542817,3.33,9.4,39972.0,459.44827586206895,46808.0,3.9372413793103442,87,401.0,"Chillies and peppers, green (Capsicum spp. and Pimenta spp.)",576743.0,18616.0,30981.0,Approximate,1,4,4,1,0,4,576743.0,0.0,1.0000012206491615,30.98103781693167,0.576743,5.629285714285713,2.156649121195059,20.715922974260454,46.05885444035737,0.9814517256598562,5.689987684729063,0.0858455498637576,39744.333333333336,576743.0,0.00018078389310418857,0.0031436906518087595,60.934074713070224,0,1,0
2023,11,New Jersey,114,Bell Peppers,5.533684210526316,1.219494804805403,2.81,8.92,43067.0,566.671052631579,49648.0,3.7700000000000005,76,401.0,"Chillies and peppers, green (Capsicum spp. and Pimenta spp.)",576743.0,18616.0,30981.0,Approximate,1,4,4,1,0,4,576743.0,0.0,1.0000012206491615,30.98103781693167,0.576743,5.513913043478263,0.358568713219699,22.03766529513283,46.782074549769646,-0.7135285015373733,5.523798627002289,0.013980326291650398,36057.0,576743.0,0.00018743164507516085,0.0033871041054099825,59.047374040735264,0,1,0
2023,12,Virginia,114,Bell Peppers,5.450833333333334,1.3149357108599564,3.25,8.52,44904.0,534.5714285714286,53306.0,3.800119047619048,84,401.0,"Chillies and peppers, green (Capsicum spp. and Pimenta spp.)",576743.0,18616.0,30981.0,Approximate,1,4,4,1,0,4,576743.0,0.0,1.0000012206491615,30.98103781693167,0.576743,5.5555555555555545,-1.8849999999999751,24.123572130132207,43.43848876914883,-1.3606578806046685,5.5031944444444445,0.07404979347425691,46229.0,576743.0,0.00019250049792636408,0.0035315792311823406,58.39098604262761,0,1,0
2023,13,Washington,114,Bell Peppers,5.461358024691358,1.0433009550058168,3.31,8.46,37264.0,460.04938271604937,43288.0,3.731728395061728,81,401.0,"Chillies and peppers, green (Capsicum spp. and Pimenta spp.)",576743.0,18616.0,30981.0,Approximate,1,4,4,1,0,4,576743.0,0.0,1.0000012206491615,30.98103781693167,0.576743,5.527888888888891,-1.2035492307246072,19.103324672891734,46.34929036953718,-1.278451907485894,5.494623456790125,0.04704442523227708,38854.666666666664,576743.0,0.0001600567684267408,0.0029307137108226158,57.485215966786264,0,1,0
2023,14,Arizona,114,Bell Peppers,5.579523809523811,1.1409042120673512,3.51,8.32,40558.0,482.8333333333333,48049.0,3.9002380952380955,84,401.0,"Chillies and peppers, green (Capsicum spp. and Pimenta spp.)",576743.0,18616.0,30981.0,Approximate,1,4,4,1,0,4,576743.0,0.0,1.0000012206491615,30.98103781693167,0.576743,5.668571428571429,-1.5709005376343965,20.448057056767404,43.05597948843174,-0.35548580795374146,5.624047619047619,0.06296617527708732,43271.0,576743.0,0.00017797442192018357,0.003189777980988183,59.201609820628555,0,1,0
2023,15,Massachusetts,114,Bell Peppers,5.562375,1.1369437644042564,3.27,8.17,36365.0,454.5625,43556.0,3.809375,80,401.0,"Chillies and peppers, green (Capsicum spp. and Pimenta spp.)",576743.0,18616.0,30981.0,Approximate,1,4,4,1,0,4,576743.0,0.0,1.0000012206491615,30.98103781693167,0.576743,5.522432432432431,0.7232785200411336,20.43989778474584,46.018047579983595,-0.4894312631483504,5.542403716216215,0.028243660385029807,36208.0,576743.0,0.00015908446848103306,0.002860009770665104,58.412666704741184,0,1,0
2023,2,Texas,114,Bell Peppers,5.554651162790698,1.1477904068502471,3.07,8.74,33731.0,392.22093023255815,40048.0,3.828604651162792,86,401.0,"Chillies and peppers, green (Capsicum spp. and Pimenta spp.)",576743.0,18616.0,30981.0,Approximate,1,4,4,1,0,4,576743.0,0.0,1.0000012206491615,30.98103781693167,0.576743,5.3005128205128225,4.794599143206823,20.66359116372645,45.08291319929535,-0.5497604008306245,5.42758199165176,0.1797029451841937,40681.333333333336,576743.0,0.00014735671508716636,0.0026528527313159525,57.91391628867184,0,1,0
2023,3,Florida,114,Bell Peppers,5.721604938271604,1.1800884043050797,3.32,9.0,33383.0,412.1358024691358,39513.0,3.8513580246913577,81,401.0,"Chillies and peppers, green (Capsicum spp. and Pimenta spp.)",576743.0,18616.0,30981.0,Approximate,1,4,4,1,0,4,576743.0,0.0,1.0000012206491615,30.98103781693167,0.576743,5.73438202247191,-0.22281536441477443,20.625129085923287,48.560712911911764,0.7542776096329482,5.727993480371756,0.009034762881827939,38341.0,576743.0,0.00015021979153878026,0.0026254834641582063,59.59527593483548,0,1,0
2023,4,New York,114,Bell Peppers,5.85505376344086,1.0561884133379695,3.52,8.65,46385.0,498.76344086021504,54144.0,3.9407526881720436,93,401.0,"Chillies and peppers, green (Capsicum spp. and Pimenta spp.)",576743.0,18616.0,30981.0,Approximate,1,4,4,1,0,4,576743.0,0.0,1.0000012206491615,30.98103781693167,0.576743,5.530449438202245,5.869402276718618,18.038919128853152,48.57704166552972,1.7966160651195127,5.692751600821552,0.22952991957870797,46612.0,576743.0,0.0002135956349235781,0.0036480559112416016,62.91110630574242,0,1,0
2023,5,Illinois,114,Bell Peppers,5.7084210526315795,1.320317186771501,3.39,9.67,39365.0,517.9605263157895,46062.0,3.906842105263158,76,401.0,"Chillies and peppers, green (Capsicum spp. and Pimenta spp.)",576743.0,18616.0,30981.0,Approximate,1,4,4,1,0,4,576743.0,0.0,1.0000012206491615,30.98103781693167,0.576743,5.665108695652174,0.7645459126432387,23.129288722716684,46.11343122726662,0.6513012741132844,5.686764874141877,0.030626461329310038,43964.333333333336,576743.0,0.0001767299602730686,0.0030959517289215403,60.39884961389581,0,1,0
2023,6,Pennsylvania,114,Bell Peppers,5.578607594936708,1.0711840251978242,3.21,7.76,37112.0,469.7721518987342,42954.0,3.8710126582278472,79,401.0,"Chillies and peppers, green (Capsicum spp. and Pimenta spp.)",576743.0,18616.0,30981.0,Approximate,1,4,4,1,0,4,576743.0,0.0,1.0000012206491615,30.98103781693167,0.576743,5.540119047619048,0.6947241925099202,19.201637809586376,44.11235734606455,-0.3626421519410627,5.559363321277878,0.027215512806336488,44245.0,576743.0,0.00016282612900698644,0.0029187593182709564,58.696561560931656,0,1,0
2023,7,Ohio,114,Bell Peppers,5.338333333333333,1.1096362902452375,3.2,8.39,43290.0,481.0,51684.0,3.8262222222222224,90,401.0,"Chillies and peppers, green (Capsicum spp. and Pimenta spp.)",576743.0,18616.0,30981.0,Approximate,1,4,4,1,0,4,576743.0,0.0,1.0000012206491615,30.98103781693167,0.576743,5.797564102564103,-7.921098604630612,20.786193385799017,39.5196886978743,-2.239369822006265,5.567948717948719,0.3247251910525923,41049.333333333336,576743.0,0.0001817511631970355,0.0034046424576403777,56.99044538122669,0,1,0
2023,8,Georgia,114,Bell Peppers,5.65012658227848,1.2505255240640252,3.47,8.73,36621.0,463.55696202531647,43672.0,3.9658227848101273,79,401.0,"Chillies and peppers, green (Capsicum spp. and Pimenta spp.)",576743.0,18616.0,30981.0,Approximate,1,4,4,1,0,4,576743.0,0.0,1.0000012206491615,30.98103781693167,0.576743,5.627628865979381,0.39977256558448254,22.132699256442784,42.47047558250872,0.19597640996262056,5.63887772412893,0.0159082877563038,45637.333333333336,576743.0,0.00016273175262189815,0.0028801434844363196,59.37381521689053,0,1,0
2023,9,North Carolina,114,Bell Peppers,5.588285714285713,1.1557480436378296,3.36,8.47,29005.0,414.35714285714283,33782.0,3.8481428571428573,70,401.0,"Chillies and peppers, green (Capsicum spp. and Pimenta spp.)",576743.0,18616.0,30981.0,Approximate,1,4,4,1,0,4,576743.0,0.0,1.0000012206491615,30.98103781693167,0.576743,5.774831460674156,-3.230323649422416,20.681620495589776,45.22032891561789,-0.2870485604541218,5.681558587479935,0.13190776227277412,39842.333333333336,576743.0,0.00012747804574133258,0.0022811654997426465,57.421077403259105,0,1,0
2019,1,California,115,Basil,3.777968750000001,0.7345534864152249,2.2,5.5,25186.0,393.53125,29633.0,2.62140625,64,,,,,,No Match,1,4,0,0,0,0,,,,,,,,19.443079999410386,44.119926089288946,-1.008178610603617,3.777968750000001,,25186.0,,,,38.28624989404208,0,0,1
2019,10,Michigan,115,Basil,3.8914432989690724,0.7499333160503917,2.28,5.57,36189.0,373.08247422680415,42796.0,2.684845360824742,97,,,,,,No Match,1,4,0,0,0,0,,,,,,,,19.271341207748428,44.94105901777832,0.36652652849357537,3.8914432989690724,,36189.0,,,,40.84668291605225,0,0,1
2019,11,New Jersey,115,Basil,3.856666666666667,0.7424249940531849,2.33,5.52,34635.0,524.7727272727273,40237.0,2.6787878787878796,66,,,,,,No Match,1,4,0,0,0,0,,,,,,,,19.25043199792182,43.97058823529408,-0.05478041285096128,3.856666666666667,,34635.0,,,,40.3123825237694,0,0,1
2019,12,Virginia,115,Basil,3.804411764705885,0.8353860174006272,2.41,5.93,38343.0,563.8676470588235,44563.0,2.685294117647059,68,,,,,,No Match,1,4,0,0,0,0,,,,,,,,21.958349123789183,41.67579408543272,-0.687830580673938,3.804411764705885,,38343.0,,,,40.15310601875253,0,0,1
2019,13,Washington,115,Basil,3.8978048780487784,0.8573344052614749,2.26,6.12,35918.0,438.0243902439024,42491.0,2.6763414634146336,82,,,,,,No Match,1,4,0,0,0,0,,,,,,,,21.995313569689312,45.639296454934794,0.44359487142242626,3.8978048780487784,,35918.0,,,,40.884159879559476,0,0,1
2019,14,Arizona,115,Basil,3.774567901234567,0.7405708092119146,2.33,5.7,43637.0,538.7283950617284,51387.0,2.6843209876543206,81,,,,,,No Match,1,4,0,0,0,0,,,,,,,,19.620015551175868,40.61537046405739,-1.0493787239119214,3.774567901234567,,43637.0,,,,40.32628921892141,0,0,1
2019,15,Massachusetts,115,Basil,3.8415957446808493,0.7255569654336071,2.39,6.2,46791.0,497.77659574468083,54707.0,2.6738297872340424,94,,,,,,No Match,1,4,0,0,0,0,,,,,,,,18.88686404440727,43.673907853903025,-0.2373594501158134,3.8415957446808493,,46791.0,,,,41.31047509275888,0,0,1
2019,2,Texas,115,Basil,3.7565476190476192,0.7296368036050441,2.4,5.98,37524.0,446.7142857142857,44319.0,2.652023809523809,84,,,,,,No Match,1,4,0,0,0,0,,,,,,,,19.42306813589723,41.648336849665604,-1.2676882457865666,3.7565476190476192,,37524.0,,,,39.56682447927499,0,0,1
2019,3,Florida,115,Basil,3.8876811594202882,0.6832709929353588,2.47,5.68,32194.0,466.57971014492756,37991.0,2.6963768115942033,69,,,,,,No Match,1,4,0,0,0,0,,,,,,,,17.5752836952618,44.18167159365754,0.3209495015857709,3.8876811594202882,,32194.0,,,,40.35244489163136,0,0,1
2019,4,New York,115,Basil,3.953835616438357,0.7975128527995755,2.19,5.6,36038.0,493.67123287671234,41952.0,2.66931506849315,73,,,,,,No Match,1,4,0,0,0,0,,,,,,,,20.17061229060354,48.121728420404466,1.1223879991444703,3.953835616438357,,36038.0,,,,41.485054666188184,0,0,1
2019,5,Illinois,115,Basil,3.8719801980198003,0.7694504789809155,2.36,5.87,57221.0,566.5445544554456,68186.0,2.6737623762376237,101,,,,,,No Match,1,4,0,0,0,0,,,,,,,,19.872273091025264,44.81392334752818,0.13073775347033717,3.8719801980198003,,57221.0,,,,42.41635715459246,0,0,1
2019,6,Pennsylvania,115,Basil,3.820740740740741,0.7949194578348455,2.25,6.3,35303.0,435.8395061728395,41918.0,2.662839506172839,81,,,,,,No Match,1,4,0,0,0,0,,,,,,,,20.805375495871296,43.48370346330385,-0.49001065122500037,3.820740740740741,,35303.0,,,,40.00984777762735,0,0,1
2019,7,Ohio,115,Basil,3.7762222222222235,0.8360965722644182,2.04,6.26,40718.0,452.4222222222222,48198.0,2.5956666666666677,90,,,,,,No Match,1,4,0,0,0,0,,,,,,,,22.141085006707943,45.48178588245365,-1.02933719403488,3.7762222222222235,,40718.0,,,,40.08252231772724,0,0,1
2019,8,Georgia,115,Basil,3.9423456790123463,0.8146383731523734,2.38,6.05,36182.0,446.69135802469134,43150.0,2.6877777777777787,81,,,,,,No Match,1,4,0,0,0,0,,,,,,,,20.66379864884046,46.67677185246426,0.9831913583915978,3.9423456790123463,,36182.0,,,,41.380219071959075,0,0,1
2019,9,North Carolina,115,Basil,3.83560606060606,0.8428926910218693,2.31,6.3,37149.0,562.8636363636364,43239.0,2.6599999999999993,66,,,,,,No Match,1,4,0,0,0,0,,,,,,,,21.975476044812712,44.19571656413763,-0.3099224129474676,3.83560606060606,,37149.0,,,,40.36100496279448,0,0,1
2020,1,California,115,Basil,3.803999999999999,0.7961741852969947,2.19,6.47,33507.0,394.2,39926.0,2.6749411764705875,85,,,,,,No Match,1,1,1,0,0,1,,,,,,3.777968750000001,0.689027668638014,20.929920749132357,42.20873466156485,-0.6928189684879706,3.790984375,0.01840687339776071,29346.5,,,,39.635928240021144,0,0,1
2020,10,Michigan,115,Basil,3.874711538461539,0.7768419473275805,1.87,5.75,50878.0,489.21153846153845,58824.0,2.675673076923078,104,,,,,,No Match,1,1,1,0,0,1,,,,,,3.8914432989690724,-0.42996284982402416,20.04902660795304,44.812592086822114,0.163827003667802,3.8830774187153057,0.011831141316066168,43533.5,,,,41.99104536498087,0,0,1
2020,11,New Jersey,115,Basil,3.860729166666666,0.8155388851830514,2.39,6.14,37525.0,390.8854166666667,44271.0,2.682708333333333,96,,,,,,No Match,1,1,1,0,0,1,,,,,,3.856666666666667,0.10533707865165867,21.123960007979104,43.91162537858197,-0.005564622364734148,3.8586979166666664,0.002872621298569621,36080.0,,,,40.66424687635091,0,0,1
2020,12,Virginia,115,Basil,3.750340909090909,0.7700984395407331,2.18,5.3,45487.0,516.8977272727273,53043.0,2.568181818181819,88,,,,,,No Match,1,1,1,0,0,1,,,,,,3.804411764705885,-1.4212671750360915,20.534091652148142,46.03097345132739,-1.3428804025467684,3.7773763368983966,0.03823386866990827,41915.0,,,,40.22317069657925,0,0,1
2020,13,Washington,115,Basil,3.9178666666666664,0.806060311158678,2.43,5.93,35124.0,468.32,40960.0,2.6602666666666663,75,,,,,,No Match,1,1,1,0,0,1,,,,,,3.8978048780487784,0.514694533091426,20.5739597525527,47.27345629510827,0.6866365416740452,3.907835772357722,0.014185826774439692,35521.0,,,,41.00701126141247,0,0,1
2020,14,Arizona,115,Basil,3.85735632183908,0.7167342924522389,2.56,5.5,50579.0,581.3678160919541,58630.0,2.670114942528736,87,,,,,,No Match,1,1,1,0,0,1,,,,,,3.774567901234567,2.193321799229915,18.58097185355487,44.464055101162266,-0.046425477596010616,3.8159621115368236,0.058540253613175136,47108.0,,,,41.780227966344334,0,0,1
2020,15,Massachusetts,115,Basil,3.9203703703703714,0.7696824742133025,2.73,5.7,38355.0,473.51851851851853,44117.0,2.643827160493827,81,,,,,,No Match,1,1,1,0,0,1,,,,,,3.8415957446808493,2.0505704120115977,19.632902034727596,48.28391314499187,0.7169680510700249,3.8809830575256106,0.055702072010493084,42573.0,,,,41.37820082887992,0,0,1
2020,2,Texas,115,Basil,3.8769863013698633,0.842375419294725,2.34,5.88,33177.0,454.47945205479454,38305.0,2.647808219178082,73,,,,,,No Match,1,1,1,0,0,1,,,,,,3.7565476190476192,3.206100242455555,21.727583071342988,46.42247400279376,0.19138497405597749,3.8167669602087413,0.08516300898723116,35350.5,,,,40.35804053975714,0,0,1
2020,3,Florida,115,Basil,3.957857142857143,0.8264688587761055,2.64,6.19,36123.0,430.0357142857143,42818.0,2.6917857142857136,84,,,,,,No Match,1,1,1,0,0,1,,,,,,3.8876811594202882,1.805085874051442,20.881725361605262,47.03462916279692,1.171107408784312,3.9227691511387155,0.04962191376463497,34158.5,,,,41.536573793583564,0,0,1
2020,4,New York,115,Basil,3.898918918918919,0.6415554035323489,2.73,5.55,36675.0,495.6081081081081,43297.0,2.672162162162162,74,,,,,,No Match,1,1,1,0,0,1,,,,,,3.953835616438357,-1.3889474132692325,16.454699799457167,45.9087690907252,0.45709109346745763,3.926377267678638,0.038831969216365184,36356.5,,,,40.97716165963335,0,0,1
2020,5,Illinois,115,Basil,3.83855421686747,0.7660209710721013,2.28,5.32,41535.0,500.421686746988,48257.0,2.674578313253012,83,,,,,,No Match,1,1,1,0,0,1,,,,,,3.8719801980198003,-0.8632787215550574,19.95597633364231,43.5199783774044,-0.2742065136533755,3.855267207443635,0.02363573794062649,49378.0,,,,40.82039775783512,0,0,1
2020,6,Pennsylvania,115,Basil,3.813695652173913,0.7762543445633113,2.33,5.79,46794.0,508.6304347826087,54823.0,2.686630434782608,92,,,,,,No Match,1,1,1,0,0,1,,,,,,3.820740740740741,-0.18439064686346612,20.354386279377714,41.9508840069588,-0.5753594765448775,3.8172181964573273,0.0049816298996637805,41048.5,,,,41.01069685561047,0,0,1
2020,7,Ohio,115,Basil,3.735151515151515,0.7061889144778146,2.27,5.4,42114.0,425.3939393939394,48427.0,2.626969696969697,99,,,,,,No Match,1,1,1,0,0,1,,,,,,3.7762222222222235,-1.0876136163019396,18.906566751393708,42.18479640096896,-1.526894686789025,3.755686868686869,0.02904137547782433,41416.0,,,,39.77248815901148,0,0,1
2020,8,Georgia,115,Basil,3.740340909090909,0.7316560476756229,2.5,5.65,36618.0,416.1136363636364,43367.0,2.579772727272727,88,,,,,,No Match,1,1,1,0,0,1,,,,,,3.9423456790123463,-5.123974059323089,19.56121288028401,44.98722579508414,-1.4640269637436634,3.8413432940516277,0.14283894264347669,36400.0,,,,39.304708571470485,0,0,1
2020,9,North Carolina,115,Basil,3.8661290322580646,0.8483129450473587,2.14,6.47,47392.0,509.59139784946234,55537.0,2.6859139784946238,93,,,,,,No Match,1,1,1,0,0,1,,,,,,3.83560606060606,0.7957796282963864,21.942178803894965,43.94091036470635,0.05985289236760637,3.8508675464320623,0.02158300023709719,42270.5,,,,41.62363366521597,0,0,1
2021,1,California,115,Basil,3.959090909090909,0.7980231837830827,2.43,6.3,42948.0,433.8181818181818,50431.0,2.6739393939393943,99,,,,,,No Match,1,2,2,0,0,2,,,,,,3.803999999999999,4.077048083357258,20.15672794859681,48.06210335448774,1.1860540624384697,3.8815454545454537,0.10966583351856887,33880.333333333336,,,,42.23466585975215,0,0,1
2021,10,Michigan,115,Basil,3.955777777777779,0.9085634763250503,1.94,6.4,43281.0,480.9,51171.0,2.689777777777778,90,,,,,,No Match,1,2,2,0,0,2,,,,,,3.874711538461539,2.092187728339321,22.968011030069803,47.06708526107075,1.145916615900523,3.9152446581196587,0.05732248754580483,43449.333333333336,,,,42.22987450769172,0,0,1
2021,11,New Jersey,115,Basil,3.8866176470588236,0.812513348306642,2.25,5.7,37498.0,551.4411764705883,42916.0,2.6620588235294114,68,,,,,,No Match,1,2,2,0,0,2,,,,,,3.860729166666666,0.6705593496606167,20.905409847081486,46.000441940117135,0.3080654150475878,3.8736734068627445,0.01830592003990971,36552.666666666664,,,,40.934127353400115,0,0,1
2021,12,Virginia,115,Basil,3.7629577464788717,0.7871565361952151,2.28,6.49,36999.0,521.112676056338,43976.0,2.6376056338028184,71,,,,,,No Match,1,2,2,0,0,2,,,,,,3.750340909090909,0.3364184135202067,20.918558996092486,42.66566988839629,-1.1900317562735527,3.7566493277848902,0.008921451274156555,40276.333333333336,,,,39.58132276911005,0,0,1
2021,13,Washington,115,Basil,3.6876829268292672,0.821297225607957,2.16,5.6,35881.0,437.5731707317073,42508.0,2.547682926829268,82,,,,,,No Match,1,2,2,0,0,2,,,,,,3.9178666666666664,-5.875231584469417,22.27136231351979,44.74654157292611,-2.101960310800176,3.8027747967479666,0.16276448335790497,35641.0,,,,38.67638555387303,0,0,1
2021,14,Arizona,115,Basil,3.840645161290322,0.7113838419214934,2.44,5.74,47526.0,511.03225806451616,56046.0,2.6669892473118275,93,,,,,,No Match,1,2,2,0,0,2,,,,,,3.85735632183908,-0.4332283344980376,18.52250890270981,44.006773374188604,-0.2488754410051422,3.849000741564701,0.011816574945524036,47247.333333333336,,,,41.36011225469764,0,0,1
2021,15,Massachusetts,115,Basil,3.81275,0.8646957099963408,2.24,5.57,37338.0,466.725,44452.0,2.647124999999998,80,,,,,,No Match,1,2,2,0,0,2,,,,,,3.9203703703703714,-2.745158242796439,22.67905606180161,44.03362138168777,-0.5868157274406741,3.8665601851851856,0.0760990936826975,40828.0,,,,40.13984518491598,0,0,1
2021,2,Texas,115,Basil,3.8997727272727274,0.8604636243925838,2.42,6.2,33465.0,380.28409090909093,39775.0,2.6869318181818183,88,,,,,,No Match,1,2,2,0,0,2,,,,,,3.8769863013698633,0.5877355278457622,22.064455663659704,45.138507083950095,0.4674346880659666,3.8883795143212954,0.016112436274919976,34722.0,,,,40.628944788404205,0,0,1
2021,3,Florida,115,Basil,3.8072619047619054,0.8157535524227303,2.07,5.9,34910.0,415.5952380952381,41243.0,2.679047619047619,84,,,,,,No Match,1,2,2,0,0,2,,,,,,3.957857142857143,-3.8049690188293246,21.42625258857113,42.1125133309634,-0.6533021140022953,3.8825595238095243,0.10648691407154533,34409.0,,,,39.826081100617536,0,0,1
2021,4,New York,115,Basil,3.931162790697675,0.8276890842860245,2.33,6.27,46573.0,541.546511627907,53936.0,2.693255813953488,86,,,,,,No Match,1,2,2,0,0,2,,,,,,3.898918918918919,0.8269951863399247,21.05456141995921,45.963215611777954,0.8477145120344568,3.915040854808297,0.02279986038646798,39762.0,,,,42.25527365926343,0,0,1
2021,5,Illinois,115,Basil,3.942763157894738,0.8777161252314033,2.33,6.03,35673.0,469.38157894736844,42420.0,2.690657894736843,76,,,,,,No Match,1,2,2,0,0,2,,,,,,3.83855421686747,2.7147966432088015,22.261446860532832,46.53528289891925,0.9882489714890047,3.890658687381104,0.0736868488606502,44809.666666666664,,,,41.328742911073476,0,0,1
2021,6,Pennsylvania,115,Basil,3.7388157894736853,0.8004564816074442,2.09,6.08,32118.0,422.60526315789474,37529.0,2.589605263157895,76,,,,,,No Match,1,2,2,0,0,2,,,,,,3.813695652173913,-1.9634462088642082,21.409358649363273,44.37782632996293,-1.482503263447721,3.7762557208237992,0.052948058689648726,38071.666666666664,,,,38.798450555311305,0,0,1
2021,7,Ohio,115,Basil,3.717373737373738,0.7727219129890396,2.17,6.2,55683.0,562.4545454545455,64651.0,2.596767676767676,99,,,,,,No Match,1,2,2,0,0,2,,,,,,3.735151515151515,-0.4759586781329232,20.786769573913077,43.15388206005919,-1.7422663511390557,3.7262626262626264,0.012570787221093631,46171.666666666664,,,,40.62140870058327,0,0,1
2021,8,Georgia,115,Basil,3.8164556962025324,0.7960447706367797,2.23,6.07,34687.0,439.0759493670886,41530.0,2.7115189873417713,79,,,,,,No Match,1,2,2,0,0,2,,,,,,3.740340909090909,2.034969243755997,20.858221187497705,40.74973157182212,-0.5419224922629517,3.7783983026467207,0.05382128211519937,35829.0,,,,39.89779682363285,0,0,1
2021,9,North Carolina,115,Basil,3.956956521739132,0.8220942689861405,2.1,6.7,40175.0,436.6847826086956,46778.0,2.684021739130435,92,,,,,,No Match,1,2,2,0,0,2,,,,,,3.8661290322580646,2.3493134534110007,20.775923730009037,47.426396144656415,1.160196693645474,3.911542776998598,0.06422473373021245,41572.0,,,,41.94779533295542,0,0,1
2022,1,California,115,Basil,3.852758620689654,0.8357626925556336,2.27,5.75,36642.0,421.17241379310343,42783.0,2.701034482758621,87,,,,,,No Match,1,3,3,1,0,3,,,,,,3.959090909090909,-2.6857753671958773,21.69257861282859,42.64011234520612,-0.10212504596240936,3.9059247648902815,0.07518828218761106,37699.0,,,,40.48855440197875,0,0,1
2022,10,Michigan,115,Basil,4.018048780487806,0.8064040573831004,2.55,6.32,32734.0,399.1951219512195,38970.0,2.720853658536585,82,,,,,,No Match,1,3,3,1,0,3,,,,,,3.955777777777779,1.5741784854509449,20.069543737226603,47.6760342431985,1.9003083999607722,3.986913279132793,0.044032248287546163,42297.666666666664,,,,41.772439217389746,0,0,1
2022,11,New Jersey,115,Basil,3.949883720930234,0.830971782894683,2.21,6.5,31573.0,367.1279069767442,36966.0,2.701744186046511,86,,,,,,No Match,1,3,3,1,0,3,,,,,,3.8866176470588236,1.6277925851359887,21.037879634061266,46.19754680439003,1.0745121440426133,3.918250683994529,0.04473586985352332,35532.0,,,,40.92114797901839,0,0,1
2022,12,Virginia,115,Basil,3.957733333333333,0.8294015643552616,2.29,6.18,31203.0,416.04,36680.0,2.6673333333333336,75,,,,,,No Match,1,3,3,1,0,3,,,,,,3.7629577464788717,5.176130054522126,20.956479239512387,48.37790552361908,1.1696074989790104,3.8603455399061026,0.13772713827437902,37896.333333333336,,,,40.95581806977754,0,0,1
2022,13,Washington,115,Basil,3.8251282051282067,0.8087921788350753,2.46,6.26,27993.0,358.88461538461536,33318.0,2.6825641025641014,78,,,,,,No Match,1,3,3,1,0,3,,,,,,3.6876829268292672,3.7271446874939786,21.144184860281488,42.59223857770993,-0.43685802893346776,3.7564055659787368,0.09718848832725233,32999.333333333336,,,,39.16833925072039,0,0,1
2022,14,Arizona,115,Basil,3.895913978494624,0.8011245310555655,2.2,5.59,38370.0,412.5806451612903,45699.0,2.6591397849462375,93,,,,,,No Match,1,3,3,1,0,3,,,,,,3.840645161290322,1.4390503387648013,20.56319866089854,46.51031136271732,0.42068727356697316,3.868279569892473,0.03908095543332189,45491.666666666664,,,,41.12159506432991,0,0,1
2022,15,Massachusetts,115,Basil,3.836962025316456,0.763608764154316,2.27,5.69,31037.0,392.873417721519,37004.0,2.6199999999999997,79,,,,,,No Match,1,3,3,1,0,3,,,,,,3.81275,0.6350278753250527,19.90138967016065,46.44893226398688,-0.29349536677058796,3.824856012658228,0.01712048728752636,35576.666666666664,,,,39.68557367711232,0,0,1
2022,2,Texas,115,Basil,3.902439024390242,0.7223701745473574,2.46,5.21,31278.0,381.4390243902439,36362.0,2.6819512195121953,82,,,,,,No Match,1,3,3,1,0,3,,,,,,3.8997727272727274,0.06837057705614812,18.510735722776044,45.507457257184356,0.4997359607575766,3.901105875831485,0.0018853567724527532,32640.0,,,,40.39298429205366,0,0,1
2022,3,Florida,115,Basil,3.747142857142857,0.6636399966192378,2.69,6.14,27533.0,357.57142857142856,32685.0,2.6349350649350645,77,,,,,,No Match,1,3,3,1,0,3,,,,,,3.8072619047619054,-1.579062568400011,17.710560336769596,42.21006456700677,-1.381623702150321,3.777202380952381,0.04251058624990617,32855.333333333336,,,,38.30770423677548,0,0,1
2022,4,New York,115,Basil,3.847261904761905,0.7703486164201402,2.15,5.87,36766.0,437.6904761904762,42275.0,2.7077380952380943,84,,,,,,No Match,1,3,3,1,0,3,,,,,,3.931162790697675,-2.1342511211772996,20.0232954108648,42.08397449989014,-0.16871586921471027,3.88921234772979,0.05932688539274196,40004.666666666664,,,,40.44378670159733,0,0,1
2022,5,Illinois,115,Basil,3.9644000000000004,0.8307961664995032,2.35,5.78,32977.0,439.6933333333333,38811.0,2.7678666666666665,75,,,,,,No Match,1,3,3,1,0,3,,,,,,3.942763157894738,0.5487735691640053,20.95641626726625,43.22944265138015,1.2503718731102829,3.953581578947369,0.015299557776093658,36728.333333333336,,,,41.24401578997165,0,0,1
2022,6,Pennsylvania,115,Basil,3.8916483516483504,0.8847388362125901,2.42,5.87,36021.0,395.83516483516485,42281.0,2.6767032967032973,91,,,,,,No Match,1,3,3,1,0,3,,,,,,3.7388157894736853,4.087726456193752,22.73429550328845,45.38960505788644,0.3690106711894501,3.815232070561018,0.10806894109982035,38311.0,,,,40.83072751814729,0,0,1
2022,7,Ohio,115,Basil,3.776756756756757,0.6397197762122167,2.54,5.37,32380.0,437.56756756756755,37510.0,2.704459459459458,74,,,,,,No Match,1,3,3,1,0,3,,,,,,3.717373737373738,1.5974454972335457,16.938336710928876,39.64922800179892,-1.0228614919649075,3.7470652470652475,0.041990135693065034,43392.333333333336,,,,39.222854333882125,0,0,1
2022,8,Georgia,115,Basil,3.868815789473683,0.8717675028052884,2.3,5.74,28876.0,379.94736842105266,34111.0,2.684078947368421,76,,,,,,No Match,1,3,3,1,0,3,,,,,,3.8164556962025324,1.3719560094264982,22.53318716226301,44.13941859895088,0.09240203211191837,3.842635742838108,0.037024177015590666,33393.666666666664,,,,39.73583595543065,0,0,1
2022,9,North Carolina,115,Basil,4.00029411764706,0.8498761465310657,2.35,6.04,23913.0,351.6617647058824,27825.0,2.7342647058823544,68,,,,,,No Match,1,3,3,1,0,3,,,,,,3.956956521739132,1.095225476192018,21.24534150581297,46.30237186037754,1.6852167651241017,3.978625319693096,0.030644307946818626,37160.0,,,,40.33184272054767,0,0,1
2023,1,California,115,Basil,4.0026190476190475,0.7336525540024124,2.69,5.87,33669.0,400.82142857142856,39965.0,2.72297619047619,84,,,,,,No Match,1,4,4,1,0,4,,,,,,3.852758620689654,3.8896915608631635,18.32931251448535,46.99427272329824,1.7133824922370864,3.9276888341543508,0.10596732411328524,37753.0,,,,41.724751950438026,0,0,1
2023,10,Michigan,115,Basil,4.1201234567901235,0.850625496072097,2.36,6.26,28839.0,356.037037037037,32341.0,2.716913580246914,81,,,,,,No Match,1,4,4,1,0,4,,,,,,4.018048780487806,2.5404041085316296,20.64563125336046,51.64720316263005,3.13690800189199,4.069086118638965,0.07217769580079032,34951.333333333336,,,,42.311684438364814,0,0,1
2023,11,New Jersey,115,Basil,3.8418085106382973,0.7767646752955525,2.45,5.89,35246.0,374.9574468085106,42599.0,2.629255319148936,94,,,,,,No Match,1,4,4,1,0,4,,,,,,3.949883720930234,-2.7361618196315907,20.2187244144164,46.117742261784336,-0.23478186370735418,3.8958461157842654,0.07642071407559058,34772.333333333336,,,,40.22425643301969,0,0,1
2023,12,Virginia,115,Basil,3.743181818181819,0.8000697461759704,2.05,5.4,33371.0,379.21590909090907,39482.0,2.626022727272727,88,,,,,,No Match,1,4,4,1,0,4,,,,,,3.957733333333333,-5.42107052399136,21.37405514981341,42.54186680514091,-1.4296103270399876,3.8504575757575763,0.1517108312774839,33857.666666666664,,,,38.987007304827685,0,0,1
2023,13,Washington,115,Basil,3.901392405063292,0.7448158164636397,2.72,5.66,27052.0,342.43037974683546,31847.0,2.675696202531646,79,,,,,,No Match,1,4,4,1,0,4,,,,,,3.8251282051282067,1.9937684659259503,19.09102543740551,45.808496546503946,0.4870565275233583,3.8632603050957495,0.053926932935865604,30308.666666666668,,,,39.815867680962064,0,0,1
2023,14,Arizona,115,Basil,3.7438961038961036,0.7943189003034975,2.34,6.22,39150.0,508.4415584415584,44850.0,2.5819480519480518,77,,,,,,No Match,1,4,4,1,0,4,,,,,,3.895913978494624,-3.9019823188514047,21.21637134847,45.00276646043962,-1.420957001240223,3.819905041195364,0.1074928699901801,41682.0,,,,39.59237985694588,0,0,1
2023,15,Massachusetts,115,Basil,3.8153932584269654,0.8229368916759702,2.16,6.11,37242.0,418.44943820224717,43786.0,2.640337078651686,89,,,,,,No Match,1,4,4,1,0,4,,,,,,3.836962025316456,-0.5621313619258843,21.568861607079942,44.5040214477211,-0.5547935605625144,3.826177641871711,0.01525142132939053,35205.666666666664,,,,40.1578507098855,0,0,1
2023,2,Texas,115,Basil,3.873428571428571,0.7044041283123182,2.52,5.5,26618.0,380.25714285714287,31510.0,2.702,70,,,,,,No Match,1,4,4,1,0,4,,,,,,3.902439024390242,-0.7433928571428151,18.185545836786265,43.354129216453416,0.14828429925049957,3.8879337979094064,0.020513488014490797,30453.666666666668,,,,39.46783765264292,0,0,1
2023,3,Florida,115,Basil,4.00132530120482,0.6872457775368911,2.41,5.57,31029.0,373.8433734939759,36021.0,2.7239759036144577,83,,,,,,No Match,1,4,4,1,0,4,,,,,,3.747142857142857,6.783366787776364,17.175453776026604,46.892830288823056,1.6977091993226354,3.8742340791738386,0.17973412985478426,31157.333333333332,,,,41.38454623547234,0,0,1
2023,4,New York,115,Basil,3.841219512195122,0.7678306626647272,2.45,5.72,33904.0,413.4634146341463,39417.0,2.6962195121951225,82,,,,,,No Match,1,4,4,1,0,4,,,,,,3.847261904761905,-0.15705695937425154,19.98924196409538,42.466868696006124,-0.24191737730145532,3.8442407084785133,0.004272616758563421,39081.0,,,,40.06898137569085,0,0,1
2023,5,Illinois,115,Basil,3.9218390804597707,0.7864913677073729,2.41,5.76,41332.0,475.08045977011494,49388.0,2.724597701149425,87,,,,,,No Match,1,4,4,1,0,4,,,,,,3.9644000000000004,-1.0735778312034523,20.05414683192891,43.94195072561597,0.7347609687426163,3.9431195402298855,0.030095114820431437,36660.666666666664,,,,41.68686099834008,0,0,1
2023,6,Pennsylvania,115,Basil,3.881363636363636,0.7511495891825766,2.38,5.8,33789.0,383.96590909090907,39764.0,2.7,88,,,,,,No Match,1,4,4,1,0,4,,,,,,3.8916483516483504,-0.26427658296408835,19.352723927879946,43.754208754208726,0.2444148822262165,3.886505994005993,0.007272391920394578,33976.0,,,,40.474550188422484,0,0,1
2023,7,Ohio,115,Basil,3.745405405405405,0.7535253932858176,2.57,5.65,26905.0,363.5810810810811,31126.0,2.631486486486487,74,,,,,,No Match,1,4,4,1,0,4,,,,,,3.776756756756757,-0.8301130671246751,20.11866037781444,42.33040620346117,-1.4026723324741066,3.7610810810810813,0.022168753139902974,38322.666666666664,,,,38.20352686351145,0,0,1
2023,8,Georgia,115,Basil,3.823625,0.8301825996334644,2.04,6.37,28627.0,357.8375,33706.0,2.6847499999999997,80,,,,,,No Match,1,4,4,1,0,4,,,,,,3.868815789473683,-1.1680780872699796,21.71192519228388,42.42015085203465,-0.45506884213904847,3.846220394736841,0.031954713684015014,30730.0,,,,39.23857711789279,0,0,1
2023,9,North Carolina,115,Basil,3.8788172043010753,0.8506223418159476,2.35,6.43,36659.0,394.18279569892474,42343.0,2.70494623655914,93,,,,,,No Match,1,4,4,1,0,4,,,,,,4.00029411764706,-3.036699546918232,21.929941448973782,43.39720146287168,0.21356573345614308,3.939555660974068,0.0858971491845566,33582.333333333336,,,,40.76420258077793,0,0,1
2019,1,California,116,Thyme,10.914117647058825,2.207054656008615,10.0,9.99,30925.0,454.77941176470586,36466.0,7.490441176470589,68,,,,,,No Match,1,4,0,0,0,0,,,,,,,,20.22201635881559,45.7072739766369,0.46149221988626127,10.914117647058825,,30925.0,,,,112.84490993996376,0,0,1
2019,10,Michigan,116,Thyme,10.738048780487809,2.401202599431588,10.26,9.98,42304.0,515.9024390243902,50288.0,7.4543902439024405,82,,,,,,No Match,1,4,0,0,0,0,,,,,,,,22.36162871409964,44.04999509210485,-0.31544593481481076,10.738048780487809,,42304.0,,,,114.38878874984731,0,0,1
2019,11,New Jersey,116,Thyme,10.664117647058829,2.131523205707737,10.01,9.9,42637.0,501.61176470588236,50583.0,7.364941176470591,85,,,,,,No Match,1,4,0,0,0,0,,,,,,,,19.987806551399146,44.79569342832499,-0.6416814556080465,10.664117647058829,,42637.0,,,,113.68483847672508,0,0,1
2019,12,Virginia,116,Thyme,10.800895522388055,2.4196723615820157,10.0,9.87,38680.0,577.3134328358209,44309.0,7.2680597014925326,67,,,,,,No Match,1,4,0,0,0,0,,,,,,,,22.402516129949852,48.607688516510635,-0.0381224497950585,10.800895522388055,,38680.0,,,,114.09098056172338,0,0,1
2019,13,Washington,116,Thyme,11.022183908045974,2.3365047565567796,10.02,9.81,44333.0,509.57471264367814,50920.0,7.4647126436781575,87,,,,,,No Match,1,4,0,0,0,0,,,,,,,,21.198201518404876,47.65717629305703,0.9383556372067502,11.022183908045974,,44333.0,,,,117.93193559907004,0,0,1
2019,14,Arizona,116,Thyme,10.753289473684214,2.4462762930123785,10.02,9.98,37278.0,490.5,43675.0,7.463815789473688,76,,,,,,No Match,1,4,0,0,0,0,,,,,,,,22.749097371543677,44.07227853680033,-0.24819340869257067,10.753289473684214,,37278.0,,,,113.19111913737282,0,0,1
2019,15,Massachusetts,116,Thyme,10.554383561643835,2.36811105355054,10.02,9.9,35215.0,482.3972602739726,41794.0,7.395890410958904,73,,,,,,No Match,1,4,0,0,0,0,,,,,,,,22.43722752465241,42.70605667716244,-1.125904472945113,10.554383561643835,,35215.0,,,,110.49654135791475,0,0,1
2019,2,Texas,116,Thyme,10.82641304347826,1.9345377853391545,10.01,9.71,47584.0,517.2173913043479,55868.0,7.518260869565217,92,,,,,,No Match,1,4,0,0,0,0,,,,,,,,17.86868630977001,44.00156141568355,0.07447858032728098,10.82641304347826,,47584.0,,,,116.60342262211252,0,0,1
2019,3,Florida,116,Thyme,10.660540540540543,2.3474549855732816,10.33,9.86,37726.0,509.81081081081084,44929.0,7.135,74,,,,,,No Match,1,4,0,0,0,0,,,,,,,,22.020037132697343,49.41192068031596,-0.6574661345896942,10.660540540540543,,37726.0,,,,112.34217591824655,0,0,1
2019,4,New York,116,Thyme,10.63207317073171,2.297206966390229,10.03,9.99,43390.0,529.1463414634146,51168.0,7.487560975609758,82,,,,,,No Match,1,4,0,0,0,0,,,,,,,,21.60638785588919,41.99648197009675,-0.7830839465243614,10.63207317073171,,43390.0,,,,113.52935520032422,0,0,1
2019,5,Illinois,116,Thyme,10.86078651685393,2.36679886647801,10.05,9.93,48517.0,545.1348314606741,58430.0,7.537078651685391,89,,,,,,No Match,1,4,0,0,0,0,,,,,,,,21.792149793250946,44.09809183064997,0.2261582241806565,10.86078651685393,,48517.0,,,,117.18452121627539,0,0,1
2019,6,Pennsylvania,116,Thyme,10.68063492063492,2.261942408935632,10.12,9.84,36711.0,582.7142857142857,44290.0,7.472380952380953,63,,,,,,No Match,1,4,0,0,0,0,,,,,,,,21.17797701862811,42.93482878749255,-0.5687957700077162,10.68063492063492,,36711.0,,,,112.26264721211942,0,0,1
2019,7,Ohio,116,Thyme,11.410102040816323,2.119430722486223,10.06,9.97,55455.0,565.8673469387755,64229.0,7.69561224489796,98,,,,,,No Match,1,4,0,0,0,0,,,,,,,,18.575037408995783,48.26763196626749,2.6501199264833915,11.410102040816323,,55455.0,,,,124.63648327366037,0,0,1
2019,8,Georgia,116,Thyme,10.608863636363635,2.1348484733534905,10.09,9.89,49458.0,562.0227272727273,58990.0,7.375909090909093,88,,,,,,No Match,1,4,0,0,0,0,,,,,,,,20.123253031888773,43.83126887286616,-0.8855005358657246,10.608863636363635,,49458.0,,,,114.67013897172097,0,0,1
2019,9,North Carolina,116,Thyme,10.588735632183907,2.1976244069331186,10.02,9.97,44653.0,513.2528735632184,53059.0,7.430919540229882,87,,,,,,No Match,1,4,0,0,0,0,,,,,,,,20.75436089133772,42.49563024950119,-0.9743192732709884,10.588735632183907,,44653.0,,,,113.37040698283471,0,0,1
2020,1,California,116,Thyme,10.74891891891892,2.1552367365549605,10.02,9.94,36333.0,490.9864864864865,43087.0,7.498918918918917,74,,,,,,No Match,1,1,1,0,0,1,,,,,,10.914117647058825,-1.513624220318206,20.050730243779018,43.339580480069245,-0.26747933255008866,10.831518282988872,0.11681314091112038,33629.0,,,,112.8691222238754,0,0,1
2020,10,Michigan,116,Thyme,10.72797619047619,2.314007518269334,10.04,9.97,36714.0,437.07142857142856,43894.0,7.306190476190476,84,,,,,,No Match,1,1,1,0,0,1,,,,,,10.738048780487809,-0.0938027961832524,21.569842039019484,46.834061135371165,-0.35989319939427217,10.733012485482,0.007122396701327821,39509.0,,,,112.76112124604175,0,0,1
2020,11,New Jersey,116,Thyme,10.921444444444443,2.3935017650142,10.02,9.97,50192.0,557.6888888888889,59443.0,7.523666666666666,90,,,,,,No Match,1,1,1,0,0,1,,,,,,10.664117647058829,2.413015365191374,21.915615440700563,45.16119504378774,0.4938231398922386,10.792781045751635,0.18195752341238466,46414.5,,,,118.2096830561408,0,0,1
2020,12,Virginia,116,Thyme,11.06,1.7441587814968178,10.01,9.96,39383.0,562.6142857142858,46136.0,7.543857142857144,70,,,,,,No Match,1,1,1,0,0,1,,,,,,10.800895522388055,2.39891661830146,15.769970899609564,46.60935103300697,1.105226505821767,10.930447761194028,0.18321453315520453,39031.5,,,,117.02713103110469,0,0,1
2020,13,Washington,116,Thyme,11.127882352941178,2.3906733929394637,10.01,9.99,42106.0,495.36470588235295,49276.0,7.6296470588235294,85,,,,,,No Match,1,1,1,0,0,1,,,,,,11.022183908045974,0.9589609988093727,21.48363288822506,45.850552026151874,1.4047706050030542,11.075033130493576,0.0747400871462711,43219.5,,,,118.48934940810271,0,0,1
2020,14,Arizona,116,Thyme,10.981698113207546,2.2631762222059306,10.06,9.97,52064.0,491.1698113207547,62583.0,7.441509433962265,106,,,,,,No Match,1,1,1,0,0,1,,,,,,10.753289473684214,2.1240815666899024,20.608618074139535,47.57352941176467,0.7597041848178779,10.867493793445881,0.16150929788854174,44671.0,,,,119.26396735319912,0,0,1
2020,15,Massachusetts,116,Thyme,10.630374999999997,1.984588369621127,10.01,9.9,37761.0,472.0125,44255.0,7.554499999999999,80,,,,,,No Match,1,1,1,0,0,1,,,,,,10.554383561643835,0.7199988318818175,18.669034437836178,40.71579853067706,-0.7905774555152422,10.592379280821916,0.053734061373761785,36488.0,,,,112.03414490507794,0,0,1
2020,2,Texas,116,Thyme,11.123820224719104,2.296476800358826,10.23,9.97,42815.0,481.0674157303371,50710.0,7.426067415730338,89,,,,,,No Match,1,1,1,0,0,1,,,,,,10.82641304347826,2.747051863313121,20.644677403682294,49.79422623010352,1.3868456733187555,10.975116634098683,0.21029863462897758,45199.5,,,,118.63184006062802,0,0,1
2020,3,Florida,116,Thyme,10.781232876712329,2.252564554017314,10.03,9.91,40819.0,559.1643835616438,47300.0,7.311232876712329,73,,,,,,No Match,1,1,1,0,0,1,,,,,,10.660540540540543,1.1321408676493419,20.8933855689445,47.461215618676455,-0.12488770219519361,10.720886708626436,0.085342369344316,39272.5,,,,114.46356712659492,0,0,1
2020,4,New York,116,Thyme,11.296867469879517,2.4584393858561744,10.1,9.98,37121.0,447.2409638554217,43770.0,7.612168674698794,83,,,,,,No Match,1,1,1,0,0,1,,,,,,10.63207317073171,6.252725018652742,21.762133550836406,48.40537503363353,2.150450335229877,10.964470320305614,0.470080557021573,40255.5,,,,118.86524485928517,0,0,1
2020,5,Illinois,116,Thyme,11.111411764705883,2.3966579672044794,10.09,9.95,43056.0,506.54117647058825,50360.0,7.532705882352941,85,,,,,,No Match,1,1,1,0,0,1,,,,,,10.86078651685393,2.307616004264788,21.569338063927994,47.508902355219604,1.3320909275587178,10.986099140779906,0.17721881229267553,45786.5,,,,118.56187581655412,0,0,1
2020,6,Pennsylvania,116,Thyme,10.420909090909092,2.1958298885664007,10.03,9.94,35321.0,458.7142857142857,42117.0,7.3087012987012985,77,,,,,,No Match,1,1,1,0,0,1,,,,,,10.68063492063492,-2.431745225408278,21.071385129748236,42.58222719761183,-1.714886562805538,10.550772005772007,0.18365389544843622,36016.0,,,,109.13048275695652,0,0,1
2020,7,Ohio,116,Thyme,11.055652173913046,2.23766848084765,10.04,9.99,34496.0,499.94202898550725,39938.0,7.6502898550724625,69,,,,,,No Match,1,1,1,0,0,1,,,,,,11.410102040816323,-3.106456591144721,20.24004052992604,44.512853543486145,1.086040876682744,11.232877107364684,0.25063390447797634,44975.5,,,,115.51639291260965,0,0,1
2020,8,Georgia,116,Thyme,10.8255,2.4747033577503306,10.01,9.57,42657.0,533.2125,49758.0,7.621125000000001,80,,,,,,No Match,1,1,1,0,0,1,,,,,,10.608863636363635,2.042031748752127,22.85994510877401,42.04595778182353,0.07044959820808895,10.717181818181817,0.15318504177886838,46057.5,,,,115.41033191065976,0,0,1
2020,9,North Carolina,116,Thyme,10.627631578947367,2.167664099698753,10.03,9.96,35749.0,470.38157894736844,41784.0,7.385394736842106,76,,,,,,No Match,1,1,1,0,0,1,,,,,,10.588735632183907,0.36733325030080505,20.396492704853937,43.900657414170894,-0.8026833350594748,10.608183605565637,0.027503587717113965,40201.0,,,,111.42333672655609,0,0,1
2021,1,California,116,Thyme,10.425432098765432,2.1278539948635555,10.02,9.97,40821.0,503.962962962963,47790.0,7.298888888888887,81,,,,,,No Match,1,2,2,0,0,2,,,,,,10.74891891891892,-3.0094823730052123,20.410223525560475,42.835878960098825,-1.6949279100008636,10.587175508842176,0.228739724155004,36026.333333333336,,,,110.68656687301868,0,0,1
2021,10,Michigan,116,Thyme,10.787472527472529,2.247237115218297,10.0,9.99,39630.0,435.4945054945055,46224.0,7.629010989010987,91,,,,,,No Match,1,2,2,0,0,2,,,,,,10.72797619047619,0.5545905018800996,20.83191507088656,41.400668356764285,-0.09735402834346925,10.75772435897436,0.042070263345871724,39549.333333333336,,,,114.21092977995222,0,0,1
2021,11,New Jersey,116,Thyme,10.393676470588238,2.2489890958979664,10.2,9.87,37346.0,549.2058823529412,44086.0,7.310735294117647,68,,,,,,No Match,1,2,2,0,0,2,,,,,,10.921444444444443,-4.832400847166989,21.638051773711627,42.17005612214113,-1.8350558022163295,10.65756045751634,0.37318831320680734,43391.666666666664,,,,109.42470763953068,0,0,1
2021,12,Virginia,116,Thyme,10.60011904761904,2.0434075568736256,10.05,9.98,42588.0,507.0,51839.0,7.443214285714287,84,,,,,,No Match,1,2,2,0,0,2,,,,,,11.06,-4.158055627314285,19.277213281228274,42.413191945363984,-0.9240877362899671,10.83005952380952,0.3251849399671045,40217.0,,,,112.99039256967706,0,0,1
2021,13,Washington,116,Thyme,10.777532467532465,2.338151066572945,10.14,9.9,38196.0,496.05194805194805,44705.0,7.638181818181817,77,,,,,,No Match,1,2,2,0,0,2,,,,,,11.127882352941178,-3.1483967415966894,21.69467894081203,41.10075832284829,-0.14121647817832578,10.952707410236822,0.24773477976043085,41545.0,,,,113.70848840408233,0,0,1
2021,14,Arizona,116,Thyme,10.666799999999997,2.232352510185103,10.1,9.9,44813.0,597.5066666666667,51479.0,7.358133333333334,75,,,,,,No Match,1,2,2,0,0,2,,,,,,10.981698113207546,-2.8674810576774603,20.92804318244557,44.9661145942811,-0.6298450509957215,10.824249056603772,0.22266659123190735,44718.333333333336,,,,114.24437064569054,0,0,1
2021,15,Massachusetts,116,Thyme,10.6633734939759,2.223679809546875,10.02,9.89,40337.0,485.9879518072289,48227.0,7.30590361445783,83,,,,,,No Match,1,2,2,0,0,2,,,,,,10.630374999999997,0.3104170264539392,20.853436398932352,45.955573145995125,-0.6449651759745457,10.646874246987949,0.0233334588593044,37771.0,,,,113.08560087958824,0,0,1
2021,2,Texas,116,Thyme,10.829032258064519,2.194417355827465,10.03,9.93,42360.0,455.48387096774195,49255.0,7.536129032258066,93,,,,,,No Match,1,2,2,0,0,2,,,,,,11.123820224719104,-2.650060507086531,20.264205549791896,43.6948891362041,0.08603637465540831,10.976426241391811,0.208446570233651,44253.0,,,,115.37232998709932,0,0,1
2021,3,Florida,116,Thyme,11.05765432098765,2.3882013480886295,10.1,9.99,37301.0,460.5061728395062,43421.0,7.576790123456792,81,,,,,,No Match,1,2,2,0,0,2,,,,,,10.781232876712329,2.5639131204780585,21.597721169088956,45.94114579938724,1.094875740471429,10.91944359884999,0.19545947771245917,38615.333333333336,,,,116.40174009283835,0,0,1
2021,4,New York,116,Thyme,10.688636363636363,2.2993798173441493,10.01,9.99,46600.0,529.5454545454545,55202.0,7.332272727272726,88,,,,,,No Match,1,2,2,0,0,2,,,,,,11.296867469879517,-5.384068706345915,21.51237762346217,45.775215423718315,-0.5334878448670802,10.992751916757939,0.4300843397531301,42370.333333333336,,,,114.8961848719519,0,0,1
2021,5,Illinois,116,Thyme,10.566444444444443,2.308597663309093,10.04,9.88,43388.0,482.0888888888889,51218.0,7.405555555555557,90,,,,,,No Match,1,2,2,0,0,2,,,,,,11.111411764705883,-4.904573170373058,21.84838689539406,42.68267066766687,-1.0726834793097026,10.838928104575164,0.3853500876819254,44987.0,,,,112.82808413513172,0,0,1
2021,6,Pennsylvania,116,Thyme,11.118170731707322,2.4350780797422975,10.11,9.96,41234.0,502.8536585365854,49222.0,7.57158536585366,82,,,,,,No Match,1,2,2,0,0,2,,,,,,10.420909090909092,6.690986695263479,21.901787070042264,46.84072350089394,1.361916185436805,10.769539911308208,0.4930384344696869,37755.333333333336,,,,118.15327499241768,0,0,1
2021,7,Ohio,116,Thyme,11.129156626506022,2.3828667940310466,10.1,9.97,39961.0,481.4578313253012,47417.0,7.47289156626506,83,,,,,,No Match,1,2,2,0,0,2,,,,,,11.055652173913046,0.6648585848821978,21.411027573786093,48.927045546150715,1.4103935852115115,11.092404400209535,0.05197549687589859,43304.0,,,,117.92102993449005,0,0,1
2021,8,Georgia,116,Thyme,10.841830985915495,1.9186284609132005,10.07,9.98,33936.0,477.9718309859155,39610.0,7.4221126760563365,71,,,,,,No Match,1,2,2,0,0,2,,,,,,10.8255,0.15085664325430675,17.696535422897387,46.0747291117142,0.14251325323545944,10.833665492957747,0.011547750884308497,42017.0,,,,113.10481211987452,0,0,1
2021,9,North Carolina,116,Thyme,10.938630136986301,2.371465975971457,10.03,9.93,35674.0,488.6849315068493,42629.0,7.469589041095891,73,,,,,,No Match,1,2,2,0,0,2,,,,,,10.627631578947367,2.9263204668761884,21.679734539637877,46.44219483568073,0.5696583543215065,10.783130857966835,0.2199091893285682,38692.0,,,,114.66096835371725,0,0,1
2022,1,California,116,Thyme,10.78197368421053,1.9693105526126595,10.09,9.94,25354.0,333.60526315789474,29839.0,7.7193421052631574,76,,,,,,No Match,1,3,3,1,0,3,,,,,,10.425432098765432,3.419921419730122,18.264842878410853,39.674774575144525,-0.12161874487269239,10.60370289148798,0.2521129728432321,34169.333333333336,,,,109.3370972414183,0,0,1
2022,10,Michigan,116,Thyme,10.566172839506176,2.260370858897514,10.03,9.98,32244.0,398.0740740740741,37756.0,7.430246913580248,81,,,,,,No Match,1,3,3,1,0,3,,,,,,10.787472527472529,-2.0514507675710605,21.3925220913115,42.204868322671786,-1.073881988981821,10.676822683489352,0.15648251003547484,36196.0,,,,109.68868992343795,0,0,1
2022,11,New Jersey,116,Thyme,10.666987951807227,2.0422128928819028,10.0,9.93,41386.0,498.6265060240964,47677.0,7.244337349397589,83,,,,,,No Match,1,3,3,1,0,3,,,,,,10.393676470588238,2.62959388809532,19.145169209044678,47.245875465673244,-0.6290156770517273,10.530332211197733,0.1932604017460873,42974.666666666664,,,,113.39778456867337,0,0,1
2022,12,Virginia,116,Thyme,11.048526315789477,2.3064982062347115,10.06,9.96,37978.0,399.7684210526316,45512.0,7.517578947368423,95,,,,,,No Match,1,3,3,1,0,3,,,,,,10.60011904761904,4.230209737796823,20.876071073284127,46.969209011859924,1.0545966402938298,10.82432268170426,0.3170718200566504,39983.0,,,,116.50437494227246,0,0,1
2022,13,Washington,116,Thyme,10.692000000000002,2.201740098072309,10.02,9.92,29540.0,393.8666666666667,35139.0,7.269333333333332,75,,,,,,No Match,1,3,3,1,0,3,,,,,,10.777532467532465,-0.7936182775615052,20.592406454099407,47.08363903154811,-0.5186451445058707,10.734766233766234,0.060480587803822886,36614.0,,,,110.05846988943695,0,0,1
2022,14,Arizona,116,Thyme,11.076805555555557,2.565787267036574,10.04,9.98,34192.0,474.8888888888889,41061.0,7.412500000000002,72,,,,,,No Match,1,3,3,1,0,3,,,,,,10.666799999999997,3.8437540364079266,23.163603027677116,49.43413902941725,1.1793842917855577,10.871802777777777,0.28991770865749467,43689.666666666664,,,,115.63937127386508,0,0,1
2022,15,Massachusetts,116,Thyme,11.076395348837208,2.2805824399459613,10.28,9.96,34310.0,398.95348837209303,41257.0,7.625000000000001,86,,,,,,No Match,1,3,3,1,0,3,,,,,,10.6633734939759,3.873275704866172,20.58957240259012,45.26420129622566,1.177574174772781,10.869884421406553,0.2920505543506766,37469.333333333336,,,,115.67324762872308,0,0,1
2022,2,Texas,116,Thyme,10.981976744186047,2.198225391091878,10.03,9.94,40267.0,468.22093023255815,47579.0,7.495813953488371,86,,,,,,No Match,1,3,3,1,0,3,,,,,,10.829032258064519,1.4123559933772367,20.01666405144809,46.508128567882885,0.760933698260517,10.905504501125282,0.10814808328162465,41814.0,,,,116.445330054701,0,0,1
2022,3,Florida,116,Thyme,10.652763157894741,2.152191192674239,10.05,9.87,24858.0,327.07894736842104,30467.0,7.300921052631577,76,,,,,,No Match,1,3,3,1,0,3,,,,,,11.05765432098765,-3.6616370103414924,20.203126276014636,45.90985275830384,-0.6917853497860751,10.855208739441196,0.2863012870655044,34326.0,,,,107.81635108264582,0,0,1
2022,4,New York,116,Thyme,10.89433333333333,2.319222578966176,10.05,9.95,46787.0,519.8555555555556,55322.0,7.471,90,,,,,,No Match,1,3,3,1,0,3,,,,,,10.688636363636363,1.9244453894676974,21.288338698707367,45.8216213804488,0.3741900835275131,10.791484848484846,0.14544972214224963,43502.666666666664,,,,117.15092839104645,0,0,1
2022,5,Illinois,116,Thyme,10.723483146067418,2.4113449194869334,10.03,9.97,43407.0,487.7191011235955,51143.0,7.53505617977528,89,,,,,,No Match,1,3,3,1,0,3,,,,,,10.566444444444443,1.486201933381116,22.48658282613366,42.314574572783435,-0.37971963265260844,10.64496379525593,0.11104313082633639,43283.666666666664,,,,114.50963207771893,0,0,1
2022,6,Pennsylvania,116,Thyme,10.612625000000003,2.466285960685301,10.06,9.97,25035.0,312.9375,30410.0,7.457500000000001,80,,,,,,No Match,1,3,3,1,0,3,,,,,,11.118170731707322,-4.54702256249384,23.239169957341378,42.308079114984935,-0.8689027864753134,10.865397865853662,0.3574748150901599,33863.333333333336,,,,107.48540960588177,0,0,1
2022,7,Ohio,116,Thyme,10.650352941176473,2.3022698153172683,10.0,9.99,41614.0,489.5764705882353,48751.0,7.419882352941176,85,,,,,,No Match,1,3,3,1,0,3,,,,,,11.129156626506022,-4.302245905940389,21.6168405688812,43.538029776911046,-0.7024209003293915,10.889754783841248,0.3385653327536338,38690.333333333336,,,,113.27945391319258,0,0,1
2022,8,Georgia,116,Thyme,11.04626666666667,2.533072471159115,10.11,9.92,31308.0,417.44,36060.0,7.605599999999999,75,,,,,,No Match,1,3,3,1,0,3,,,,,,10.841830985915495,1.8856195140539902,22.931480359811893,45.23859612215566,1.0446254985812893,10.944048826291082,0.14455785617564376,35967.0,,,,114.34720646961546,0,0,1
2022,9,North Carolina,116,Thyme,11.005568181818179,2.295317000596833,10.01,9.97,36720.0,417.27272727272725,42558.0,7.669090909090909,88,,,,,,No Match,1,3,3,1,0,3,,,,,,10.938630136986301,0.6119417513308422,20.855960934291666,43.50551209103837,0.8650355101118499,10.97209915940224,0.04733234541998955,36047.666666666664,,,,115.68067259088309,0,0,1
2023,1,California,116,Thyme,11.183857142857143,2.4175153689286466,10.11,9.9,29581.0,422.5857142857143,34452.0,7.5158571428571435,70,,,,,,No Match,1,4,4,1,0,4,,,,,,10.78197368421053,3.7273644920423346,21.61611453051021,48.80348216152514,1.6517702639095233,10.982915413533837,0.2841745188557228,31918.666666666668,,,,115.13692964438543,0,0,1
2023,10,Michigan,116,Thyme,11.166483516483515,2.095367044816505,10.11,9.98,35538.0,390.5274725274725,41475.0,7.744395604395605,91,,,,,,No Match,1,4,4,1,0,4,,,,,,10.566172839506176,5.6814391179824275,18.7647887692075,44.1879274626103,1.5751057548564833,10.866328177994845,0.42448375050936316,35804.0,,,,117.00672414638846,0,0,1
2023,11,New Jersey,116,Thyme,11.019156626506025,2.429341577374251,10.02,9.68,34518.0,415.87951807228916,40284.0,7.474457831325299,83,,,,,,No Match,1,4,4,1,0,4,,,,,,10.666987951807227,3.301481883075829,22.04652914661901,47.4241593861827,0.9249971679940195,10.843072289156627,0.24902085800099874,37750.0,,,,115.14208960694398,0,0,1
2023,12,Virginia,116,Thyme,10.482567567567566,2.0510565675566554,10.04,9.93,30557.0,412.93243243243245,36857.0,7.429189189189189,74,,,,,,No Match,1,4,4,1,0,4,,,,,,11.048526315789477,-5.122481786671388,19.5663567569314,41.09975261932478,-1.4428065295226993,10.765546941678522,0.40019326873956335,37041.0,,,,108.25747747381824,0,0,1
2023,13,Washington,116,Thyme,10.41654320987654,2.071249719670366,10.04,9.97,33815.0,417.4691358024691,39969.0,7.320493827160493,81,,,,,,No Match,1,4,4,1,0,4,,,,,,10.692000000000002,-2.576288721693433,19.88423297381891,42.29290339989204,-1.7341518629073425,10.554271604938272,0.19477736422017955,33850.333333333336,,,,108.63089315589093,0,0,1
2023,14,Arizona,116,Thyme,11.05352272727273,2.299321758954512,10.02,9.96,47522.0,540.0227272727273,55903.0,7.457613636363636,88,,,,,,No Match,1,4,4,1,0,4,,,,,,11.076805555555557,-0.2101944298475996,20.801710148759344,48.21795907172358,1.076644278774879,11.065164141414144,0.01646344576398908,42175.666666666664,,,,119.03504451218355,0,0,1
2023,15,Massachusetts,116,Thyme,10.657738095238093,2.2046513541215678,10.01,9.99,35280.0,420.0,41423.0,7.499761904761904,84,,,,,,No Match,1,4,4,1,0,4,,,,,,11.076395348837208,-3.779724724642165,20.68592166950145,42.10768595828437,-0.6698324701283964,10.86706672203765,0.2960353830128701,36642.333333333336,,,,111.59823981717678,0,0,1
2023,2,Texas,116,Thyme,10.543809523809523,2.317180414148936,10.01,9.98,38462.0,457.8809523809524,45586.0,7.24714285714286,84,,,,,,No Match,1,4,4,1,0,4,,,,,,10.981976744186047,-3.9898756898068792,21.97669076737768,45.48919114265057,-1.1725644736750882,10.762893133997785,0.30983101282190056,40363.0,,,,111.31576314742247,0,0,1
2023,3,Florida,116,Thyme,10.414230769230768,2.2547764707542375,10.06,9.89,32634.0,418.38461538461536,38397.0,7.1798717948717945,78,,,,,,No Match,1,4,4,1,0,4,,,,,,10.652763157894741,-2.2391597853857976,21.650917102932446,45.04758673642482,-1.7443559574935783,10.533496963562754,0.1686678695569206,31597.666666666668,,,,108.23656474073996,0,0,1
2023,4,New York,116,Thyme,10.743000000000002,2.6087974629891355,10.02,9.72,29342.0,419.1714285714286,34921.0,7.398857142857143,70,,,,,,No Match,1,4,4,1,0,4,,,,,,10.89433333333333,-1.3891013676834585,24.28369601590929,45.19810009267844,-0.29359771470502805,10.818666666666665,0.10700882621956057,40909.666666666664,,,,110.51119226648329,0,0,1
2023,5,Illinois,116,Thyme,10.813670886075949,2.3365113031574527,10.12,9.9,34392.0,435.34177215189874,39937.0,7.595696202531645,79,,,,,,No Match,1,4,4,1,0,4,,,,,,10.723483146067418,0.8410302770103699,21.607013268417706,42.36576342365764,0.01825132986634251,10.768577016071683,0.06377236253992166,40395.666666666664,,,,112.95537073178652,0,0,1
2023,6,Pennsylvania,116,Thyme,10.644647887323945,1.9165682358885374,10.13,9.92,26743.0,376.6619718309859,31392.0,7.4336619718309835,71,,,,,,No Match,1,4,4,1,0,4,,,,,,10.612625000000003,0.301743322919088,18.00499421094859,43.195210216184535,-0.7275955612389392,10.628636443661975,0.022643600779932032,31004.0,,,,108.51223702246604,0,0,1
2023,7,Ohio,116,Thyme,10.73511111111111,1.984189328387387,10.0,9.99,41824.0,464.7111111111111,48038.0,7.490111111111111,90,,,,,,No Match,1,4,4,1,0,4,,,,,,10.650352941176473,0.7958249872353372,18.483174583388347,43.32378988592364,-0.328408972909532,10.69273202614379,0.05993307672174289,41133.0,,,,114.23499602111211,0,0,1
2023,8,Georgia,116,Thyme,10.852380952380955,2.288014670021857,10.18,9.97,33875.0,403.2738095238095,40339.0,7.556666666666665,84,,,,,,No Match,1,4,4,1,0,4,,,,,,11.04626666666667,-1.7552148625090362,21.083066288046943,43.61333417354597,0.18906703436363204,10.949323809523811,0.13709790334662647,33039.666666666664,,,,113.19534798026933,0,0,1
2023,9,North Carolina,116,Thyme,10.871690140845072,2.1438323401366284,10.01,9.94,29300.0,412.67605633802816,33697.0,7.479718309859154,71,,,,,,No Match,1,4,4,1,0,4,,,,,,11.005568181818179,-1.2164573310652051,19.719402524932388,45.34892479192561,0.2742725879987222,10.938629161331626,0.09466607062405431,33898.0,,,,111.81943090078283,0,0,1
2019,1,California,117,Rosemary,13.781941747572816,2.8342945514565914,10.35,9.83,66972.0,650.2135922330098,77236.0,9.374174757281551,103,,,,,,No Match,1,4,0,0,0,0,,,,,,,,20.565277399723072,47.02032023530877,-0.2909097288073612,13.781941747572816,,66972.0,,,,153.14555457211887,0,0,1
2019,10,Michigan,117,Rosemary,14.439690721649486,3.100505151586944,10.17,9.85,64239.0,662.2577319587629,77146.0,9.769072164948454,97,,,,,,No Match,1,4,0,0,0,0,,,,,,,,21.472102217108738,47.81025749261292,1.7743138283099924,14.439690721649486,,64239.0,,,,159.852882844799,0,0,1
2019,11,New Jersey,117,Rosemary,14.437499999999998,2.7442743948124044,10.4,9.72,56173.0,638.3295454545455,67831.0,9.716250000000004,88,,,,,,No Match,1,4,0,0,0,0,,,,,,,,19.007961176189816,48.59127749903504,1.767435322776845,14.437499999999998,,56173.0,,,,157.89152170207691,0,0,1
2019,12,Virginia,117,Rosemary,13.810842105263163,2.690919190876104,10.56,9.82,68202.0,717.9157894736842,81888.0,9.467684210526318,95,,,,,,No Match,1,4,0,0,0,0,,,,,,,,19.48410654735256,45.87349765962889,-0.20016736072536293,13.810842105263163,,68202.0,,,,153.71804014486955,0,0,1
2019,13,Washington,117,Rosemary,13.638494623655916,2.741354372598777,10.08,9.96,67781.0,728.8279569892474,77525.0,9.655053763440858,93,,,,,,No Match,1,4,0,0,0,0,,,,,,,,20.100124304363536,41.25757305773348,-0.7413100961052079,13.638494623655916,,67781.0,,,,151.71532274000714,0,0,1
2019,14,Arizona,117,Rosemary,14.362727272727271,3.219451422853718,10.0,9.96,43401.0,563.6493506493506,51057.0,9.83961038961039,77,,,,,,No Match,1,4,0,0,0,0,,,,,,,,22.41532100220957,45.96845509140102,1.5326612617297404,14.362727272727271,,43401.0,,,,153.36894764583553,0,0,1
2019,15,Massachusetts,117,Rosemary,13.277816091954032,2.71146507436579,10.23,9.97,54829.0,630.2183908045977,63824.0,9.4848275862069,87,,,,,,No Match,1,4,0,0,0,0,,,,,,,,20.42101694727387,39.990062774182654,-1.8737813420890952,13.277816091954032,,54829.0,,,,144.88743317552223,0,0,1
2019,2,Texas,117,Rosemary,14.138414634146343,2.8565365671192393,10.22,9.88,50128.0,611.3170731707318,58635.0,9.605731707317075,82,,,,,,No Match,1,4,0,0,0,0,,,,,,,,20.204079743285252,47.18727385834169,0.8283564834413525,14.138414634146343,,50128.0,,,,153.01094176958878,0,0,1
2019,3,Florida,117,Rosemary,13.981547619047618,2.8815643735077225,10.1,9.69,45899.0,546.4166666666666,53685.0,9.817857142857143,84,,,,,,No Match,1,4,0,0,0,0,,,,,,,,20.609766901498464,42.4093609797502,0.3358198658489856,13.981547619047618,,45899.0,,,,150.0810136207062,0,0,1
2019,4,New York,117,Rosemary,13.58358208955224,2.8256748732597186,10.49,9.91,44370.0,662.2388059701492,52226.0,9.729850746268653,67,,,,,,No Match,1,4,0,0,0,0,,,,,,,,20.80213344779707,39.60730173339475,-0.9137264182608151,13.58358208955224,,44370.0,,,,145.34896554686014,0,0,1
2019,5,Illinois,117,Rosemary,13.912027027027028,2.9166386074354187,10.18,9.67,60495.0,817.5,71020.0,9.602837837837841,74,,,,,,No Match,1,4,0,0,0,0,,,,,,,,20.96487163063468,44.874122233011036,0.11753664534345151,13.912027027027028,,60495.0,,,,153.17604368008526,0,0,1
2019,6,Pennsylvania,117,Rosemary,13.48696202531645,2.7953447356000884,10.02,9.96,55913.0,707.7594936708861,65834.0,9.336708860759494,79,,,,,,No Match,1,4,0,0,0,0,,,,,,,,20.726274236947738,44.45092190889364,-1.217097522761672,13.48696202531645,,55913.0,,,,147.4336704787956,0,0,1
2019,7,Ohio,117,Rosemary,13.895555555555552,2.9502756562013546,10.09,9.61,50963.0,707.8194444444445,58055.0,9.60722222222222,72,,,,,,No Match,1,4,0,0,0,0,,,,,,,,21.23179346378714,44.636558144914126,0.0658189350254208,13.895555555555552,,50963.0,,,,150.6121866666072,0,0,1
2019,8,Georgia,117,Rosemary,13.750746268656716,2.9421674722294378,10.27,9.69,47640.0,711.044776119403,54754.0,9.569850746268653,67,,,,,,No Match,1,4,0,0,0,0,,,,,,,,21.396420345096313,43.6881998814686,-0.38885839991479454,13.750746268656716,,47640.0,,,,148.1154623374653,0,0,1
2019,9,North Carolina,117,Rosemary,13.87736842105263,2.894892222943048,10.07,9.82,44619.0,587.0921052631579,54259.0,9.503947368421047,76,,,,,,No Match,1,4,0,0,0,0,,,,,,,,20.860527263593855,46.01689048871667,0.008714325072022607,13.87736842105263,,44619.0,,,,148.57023853600032,0,0,1
2020,1,California,117,Rosemary,14.241555555555554,2.951409075439521,10.09,9.53,50216.0,557.9555555555555,59114.0,9.782666666666666,90,,,,,,No Match,1,1,1,0,0,1,,,,,,13.781941747572816,3.3348987856785985,20.723923478205947,45.579482985779826,1.1522020065698477,14.011748651564185,0.32499604035156554,58594.0,,,,154.1521481500188,0,0,1
2020,10,Michigan,117,Rosemary,13.335555555555553,2.9186190790062985,10.02,9.81,44891.0,498.7888888888889,52336.0,9.414444444444444,90,,,,,,No Match,1,1,1,0,0,1,,,,,,14.439690721649486,-7.6465291908122275,21.8859954266428,41.64994689012155,-1.692488926433754,13.88762313860252,0.7807414632915548,54565.0,,,,142.85066959933556,0,0,1
2020,11,New Jersey,117,Rosemary,14.336666666666664,2.625757858029626,10.31,9.91,61356.0,786.6153846153846,72106.0,9.887692307692308,78,,,,,,No Match,1,1,1,0,0,1,,,,,,14.437499999999998,-0.6984126984127031,18.314981571934155,44.9950728696644,1.450835246531961,14.387083333333331,0.07129993376964401,58764.5,,,,158.05407333233276,0,0,1
2020,12,Virginia,117,Rosemary,14.18546511627907,2.8489749062453797,10.01,9.91,60358.0,701.8372093023256,71778.0,9.65627906976744,86,,,,,,No Match,1,1,1,0,0,1,,,,,,13.810842105263163,2.712528375609646,20.08376096865467,46.90405086460194,0.9760872559760287,13.998153610771116,0.26489847147787116,64280.0,,,,156.15452695604776,0,0,1
2020,13,Washington,117,Rosemary,13.33632911392405,2.6753572381709736,10.17,9.76,51306.0,649.4430379746835,60869.0,9.3046835443038,79,,,,,,No Match,1,1,1,0,0,1,,,,,,13.638494623655916,-2.2155341778539195,20.060671983399956,43.32920674221499,-1.6900600804326367,13.487411868789984,0.21366328097209222,59543.5,,,,144.64025730669513,0,0,1
2020,14,Arizona,117,Rosemary,14.260140845070426,3.010262680971663,10.74,9.87,43967.0,619.2535211267606,52479.0,9.642112676056337,71,,,,,,No Match,1,1,1,0,0,1,,,,,,14.362727272727271,-0.7142545124535105,21.10962797406225,47.89436012795985,1.2105567577510887,14.311434058898849,0.07253955865385868,43684.0,,,,152.4582655810638,0,0,1
2020,15,Massachusetts,117,Rosemary,14.237499999999997,2.8648711045670336,10.35,9.91,59111.0,703.702380952381,68994.0,9.63095238095238,84,,,,,,No Match,1,1,1,0,0,1,,,,,,13.277816091954032,7.227724057930776,20.122009514079256,47.830655129789854,1.1394682293985634,13.757658045977013,0.6785989991749094,56970.0,,,,156.43010664032002,0,0,1
2020,2,Texas,117,Rosemary,13.475287356321841,2.9328852525863125,10.28,9.9,51346.0,590.183908045977,59952.0,9.410459770114942,87,,,,,,No Match,1,1,1,0,0,1,,,,,,14.138414634146343,-4.690252018942441,21.764918068410385,43.1947820351529,-1.2537540625351606,13.806850995234093,0.46890179493948125,50737.0,,,,146.1578419051627,0,0,1
2020,3,Florida,117,Rosemary,13.818461538461538,2.8256239751868697,10.23,9.96,42555.0,545.5769230769231,50242.0,9.287692307692309,78,,,,,,No Match,1,1,1,0,0,1,,,,,,13.981547619047618,-1.1664379726025553,20.44818062649149,48.7825078681464,-0.17624359413149543,13.900004578754578,0.11531927349955283,44227.0,,,,147.28512437123516,0,0,1
2020,4,New York,117,Rosemary,14.368433734939758,2.8360882033859,10.29,9.79,52791.0,636.0361445783133,63798.0,9.9610843373494,83,,,,,,No Match,1,1,1,0,0,1,,,,,,13.58358208955224,5.7779431096542995,19.73832538538544,44.24567896754837,1.5505786141749822,13.976007912245999,0.5549739206789344,48580.5,,,,156.24399998552266,0,0,1
2020,5,Illinois,117,Rosemary,14.297978723404258,2.833625505411536,10.22,9.96,54175.0,576.3297872340426,63155.0,9.75117021276596,94,,,,,,No Match,1,1,1,0,0,1,,,,,,13.912027027027028,2.774230495868345,19.818364261328732,46.628337024470596,1.3293614701355758,14.105002875215643,0.2729090617187908,57335.0,,,,155.84787207321935,0,0,1
2020,6,Pennsylvania,117,Rosemary,13.90480519480519,2.6948423498414473,10.32,9.5,43573.0,565.8831168831168,51968.0,9.40025974025974,77,,,,,,No Match,1,1,1,0,0,1,,,,,,13.48696202531645,3.098126684900611,19.38065519140272,47.91937221961257,0.0948612803973868,13.69588361006082,0.29545973861796854,49743.0,,,,148.53413143294168,0,0,1
2020,7,Ohio,117,Rosemary,13.864444444444446,3.006897356140054,10.2,9.92,63679.0,707.5444444444445,75964.0,9.527555555555557,90,,,,,,No Match,1,1,1,0,0,1,,,,,,13.895555555555552,-0.22389253158479763,21.687831547732394,45.519429024583665,-0.03186483505562649,13.879999999999999,0.021998877636910715,57321.0,,,,153.36329665380768,0,0,1
2020,8,Georgia,117,Rosemary,14.088977272727266,2.7132328089088857,10.09,9.96,52681.0,598.6477272727273,61831.0,9.878409090909093,88,,,,,,No Match,1,1,1,0,0,1,,,,,,13.750746268656716,2.4597283482825234,19.257840767200506,42.623950304842886,0.6731313026682063,13.919861770691991,0.239165436585821,50160.5,,,,153.17577118304933,0,0,1
2020,9,North Carolina,117,Rosemary,13.670361445783131,2.8880103057815294,10.02,9.68,54898.0,661.4216867469879,63824.0,9.482650602409638,83,,,,,,No Match,1,1,1,0,0,1,,,,,,13.87736842105263,-1.4916875374978105,21.126071298373667,44.161817396386546,-0.6412535177730585,13.77386493341788,0.1463760359659785,49758.5,,,,149.18807768578804,0,0,1
2021,1,California,117,Rosemary,13.786933333333334,3.2654505807767924,10.0,9.7,45476.0,606.3466666666667,52747.0,9.592799999999999,75,,,,,,No Match,1,2,2,0,0,2,,,,,,14.241555555555554,-3.1922230717618074,23.685111850666278,43.72168014900066,-0.2752369708004573,14.014244444444444,0.32146645621142916,54221.333333333336,,,,147.8643358570285,0,0,1
2021,10,Michigan,117,Rosemary,14.369113924050637,3.1258115622590483,10.3,9.95,49868.0,631.2405063291139,59476.0,9.816329113924048,79,,,,,,No Match,1,2,2,0,0,2,,,,,,13.335555555555553,7.750396031041294,21.753683482369425,46.379708313453506,1.5527142960695135,13.852334739803094,0.7308361311149787,52999.333333333336,,,,155.43293031919555,0,0,1
2021,11,New Jersey,117,Rosemary,13.888219178082196,2.7856314576699526,10.32,9.95,42326.0,579.8082191780821,51363.0,9.365479452054796,73,,,,,,No Match,1,2,2,0,0,2,,,,,,14.336666666666664,-3.127975972456188,20.057513652046328,48.29159840861224,0.04278391683607415,14.11244292237443,0.3171002601841547,53285.0,,,,147.9537051621606,0,0,1
2021,12,Virginia,117,Rosemary,13.765466666666669,2.905814903302042,10.16,9.71,54888.0,731.84,64016.0,9.577733333333333,75,,,,,,No Match,1,2,2,0,0,2,,,,,,14.18546511627907,-2.960766151618228,21.109454358990433,43.723636768616124,-0.3426387721563878,13.975465891472869,0.296983751808766,61149.333333333336,,,,150.22347713177223,0,0,1
2021,13,Washington,117,Rosemary,13.138783783783786,2.257156626112137,10.04,9.98,49513.0,669.0945945945946,58520.0,9.044864864864865,74,,,,,,No Match,1,2,2,0,0,2,,,,,,13.33632911392405,-1.481257161942805,17.179342192220073,45.262355823821224,-2.3103199143258046,13.237556448853919,0.13968564253391555,56200.0,,,,142.03039377186957,0,0,1
2021,14,Arizona,117,Rosemary,13.450210526315795,2.7475757124477385,10.13,9.91,64936.0,683.5368421052632,76542.0,9.539473684210527,95,,,,,,No Match,1,2,2,0,0,2,,,,,,14.260140845070426,-5.6796796578248046,20.4277524658221,40.99531034482762,-1.3324911827853514,13.85517568569311,0.5727072206799817,50768.0,,,,149.04410768544855,0,0,1
2021,15,Massachusetts,117,Rosemary,14.023846153846154,3.1373200769059664,10.41,9.91,57795.0,635.1098901098901,67709.0,9.470549450549456,91,,,,,,No Match,1,2,2,0,0,2,,,,,,14.237499999999997,-1.5006415884378783,22.371324118138094,48.078485066487126,0.46863030560697094,14.130673076923076,0.15107608344196966,57245.0,,,,153.7669131968902,0,0,1
2021,2,Texas,117,Rosemary,14.021688311688315,3.150776179475632,10.02,9.86,44615.0,579.4155844155844,52704.0,9.677662337662337,77,,,,,,No Match,1,2,2,0,0,2,,,,,,13.475287356321841,4.054837131989871,22.47073326290659,44.887141361818664,0.46185503626783464,13.74848783400508,0.38636382078644194,48696.333333333336,,,,150.11406121733742,0,0,1
2021,3,Florida,117,Rosemary,13.356129032258066,2.866892740088074,10.02,9.5,45044.0,484.3440860215054,51599.0,9.30784946236559,93,,,,,,No Match,1,2,2,0,0,2,,,,,,13.818461538461538,-3.345759619597604,21.464997329419933,43.49317837875308,-1.6278915946059407,13.5872952853598,0.3269184502994466,44499.333333333336,,,,143.11649568039283,0,0,1
2021,4,New York,117,Rosemary,13.939080459770116,2.5810713622780526,10.13,9.98,50561.0,581.1609195402299,59757.0,9.513678160919541,87,,,,,,No Match,1,2,2,0,0,2,,,,,,14.368433734939758,-2.9881703398581503,18.516797931738317,46.51620775894356,0.20247997297136014,14.153757097354937,0.30359861239710795,49240.666666666664,,,,150.9735613555172,0,0,1
2021,5,Illinois,117,Rosemary,14.039438202247188,3.0809087205616943,10.0,9.92,52260.0,587.1910112359551,61334.0,9.603707865168538,89,,,,,,No Match,1,2,2,0,0,2,,,,,,14.297978723404258,-1.808231262324278,21.944672401980846,46.187684999941496,0.5175867721780251,14.168708462825723,0.1828157557216679,55643.333333333336,,,,152.5245362887793,0,0,1
2021,6,Pennsylvania,117,Rosemary,13.774634146341466,2.917691119607577,10.12,9.7,47015.0,573.3536585365854,54868.0,9.465853658536581,82,,,,,,No Match,1,2,2,0,0,2,,,,,,13.90480519480519,-0.9361587353439232,21.1816233274153,45.519196083483735,-0.3138543943314531,13.839719670573327,0.09204483108286225,48833.666666666664,,,,148.19086480257724,0,0,1
2021,7,Ohio,117,Rosemary,13.971012658227849,3.1700362349044124,10.09,9.78,48538.0,614.4050632911392,55488.0,9.560379746835443,79,,,,,,No Match,1,2,2,0,0,2,,,,,,13.864444444444446,0.7686439525970706,22.690096362037906,46.134494948826266,0.3027418222247654,13.917728551336147,0.07535510662518179,54393.333333333336,,,,150.74894330542352,0,0,1
2021,8,Georgia,117,Rosemary,13.870365853658537,3.029966566707105,10.37,9.85,50239.0,612.670731707317,59125.0,9.582073170731709,82,,,,,,No Match,1,2,2,0,0,2,,,,,,14.088977272727266,-1.5516486032801413,21.84489290819897,44.753286752446755,-0.013272584391246409,13.979671563192902,0.1545816168683125,50186.666666666664,,,,150.14070173920692,0,0,1
2021,9,North Carolina,117,Rosemary,13.555937500000004,2.5132196076054782,10.18,9.97,59745.0,622.34375,69098.0,9.489999999999998,96,,,,,,No Match,1,2,2,0,0,2,,,,,,13.670361445783131,-0.8370220951138273,18.539622269617855,42.84444151738679,-1.0005258810045778,13.613149472891568,0.08090994799337087,53087.333333333336,,,,149.08626920140634,0,0,1
2022,1,California,117,Rosemary,14.648375000000001,2.9796875393702735,10.06,9.88,39469.0,493.3625,46600.0,9.803375,80,,,,,,No Match,1,3,3,1,0,3,,,,,,13.786933333333334,6.2482471325506355,20.341420392161407,49.4217552628559,2.429548126857577,14.217654166666668,0.6091312440966422,45053.666666666664,,,,155.02809101454943,0,0,1
2022,10,Michigan,117,Rosemary,14.093076923076922,3.101537859516968,10.08,9.96,41298.0,453.8241758241758,48889.0,9.818351648351653,91,,,,,,No Match,1,3,3,1,0,3,,,,,,14.369113924050637,-1.9210440005746807,22.00752806818437,43.538115437563576,0.686003530237907,14.23109542356378,0.1951876352469121,45352.333333333336,,,,149.78958670385236,0,0,1
2022,11,New Jersey,117,Rosemary,13.843666666666667,2.7704250475008756,10.13,9.81,51708.0,574.5333333333333,62310.0,9.30611111111111,90,,,,,,No Match,1,3,3,1,0,3,,,,,,13.888219178082196,-0.32079355059314574,20.01222013075203,48.75888006686172,-0.09710363864548445,13.865942922374431,0.03150338294081097,51796.666666666664,,,,150.25067358472074,0,0,1
2022,12,Virginia,117,Rosemary,13.682967032967037,3.1235071081168773,10.01,9.49,46330.0,509.1208791208791,55291.0,9.451868131868135,91,,,,,,No Match,1,3,3,1,0,3,,,,,,13.765466666666669,-0.5993231882171212,22.827703235645163,44.76468399758172,-0.6016740480520398,13.724216849816852,0.05833605043441584,53858.666666666664,,,,147.00386709068732,0,0,1
2022,13,Washington,117,Rosemary,14.035595238095235,2.745392789590167,10.07,9.09,53225.0,633.6309523809524,61603.0,9.56285714285714,84,,,,,,No Match,1,3,3,1,0,3,,,,,,13.138783783783786,6.825680893069536,19.56021631443643,46.77198486206554,0.5055204970357292,13.58718951093951,0.6341414607893949,51348.0,,,,152.73959002908177,0,0,1
2022,14,Arizona,117,Rosemary,14.222812499999998,3.1989477556567025,10.01,9.79,56669.0,590.3020833333334,65265.0,9.868541666666667,96,,,,,,No Match,1,3,3,1,0,3,,,,,,13.450210526315795,5.744162681859747,22.491667914884648,44.12273849986275,1.093351895978599,13.836511513157896,0.5463120947502107,55190.666666666664,,,,155.66868635630806,0,0,1
2022,15,Massachusetts,117,Rosemary,13.889090909090909,2.850030554692252,10.19,9.54,46589.0,605.0519480519481,53960.0,9.49597402597403,77,,,,,,No Match,1,3,3,1,0,3,,,,,,14.023846153846154,-0.9609007634349145,20.519921522198437,46.26294123278484,0.04552100877482081,13.95646853146853,0.0952863473668871,54498.333333333336,,,,149.29579938827277,0,0,1
2022,2,Texas,117,Rosemary,14.179777777777776,3.058882801776859,10.01,9.91,48487.0,538.7444444444444,56346.0,9.414222222222216,90,,,,,,No Match,1,3,3,1,0,3,,,,,,14.021688311688315,1.1274638444050935,21.572149082411364,50.620810121801604,0.9582299488374473,14.100733044733046,0.11178613350601843,48149.333333333336,,,,152.98663805161738,0,0,1
2022,3,Florida,117,Rosemary,13.709863013698627,2.594933896155848,10.05,9.96,32047.0,439.0,37758.0,9.619726027397258,73,,,,,,No Match,1,3,3,1,0,3,,,,,,13.356129032258066,2.6484768197897273,18.927496894484218,42.51822738664844,-0.5172250938341666,13.532996022978345,0.25012769701273696,39882.0,,,,142.23969246237095,0,0,1
2022,4,New York,117,Rosemary,14.228513513513514,2.8588079144279184,10.21,9.86,41524.0,561.1351351351351,49193.0,9.492567567567566,74,,,,,,No Match,1,3,3,1,0,3,,,,,,13.939080459770116,2.0764142554362683,20.092105276582608,49.8910954516336,1.111252140405563,14.083796986641815,0.20466007500148717,48292.0,,,,151.30673742466095,0,0,1
2022,5,Illinois,117,Rosemary,14.12569444444444,2.956566731007146,10.27,9.83,42449.0,589.5694444444445,49260.0,9.666249999999994,72,,,,,,No Match,1,3,3,1,0,3,,,,,,14.039438202247188,0.6143852834755514,20.93041685585906,46.13417244996196,0.7884171806697283,14.082566323345814,0.06099237377734559,49628.0,,,,150.5245610153979,0,0,1
2022,6,Pennsylvania,117,Rosemary,13.892765957446807,2.661517234144059,10.23,9.94,53683.0,571.0957446808511,64427.0,9.641702127659576,94,,,,,,No Match,1,3,3,1,0,3,,,,,,13.774634146341466,0.8576039831643503,19.157576268802192,44.09038750110333,0.05706005594521109,13.833700051894137,0.083531804706435,48090.333333333336,,,,151.30431193571647,0,0,1
2022,7,Ohio,117,Rosemary,13.271627906976743,2.703758543198323,10.17,9.83,44309.0,515.2209302325581,52552.0,9.381162790697672,86,,,,,,No Match,1,3,3,1,0,3,,,,,,13.971012658227849,-5.00597034989602,20.372470974544036,41.471032995364304,-1.89321122475647,13.621320282602296,0.49453970026812377,52175.333333333336,,,,141.9926912846969,0,0,1
2022,8,Georgia,117,Rosemary,13.641232876712333,2.669878245874332,10.09,9.98,33767.0,462.56164383561645,40509.0,9.316301369863014,73,,,,,,No Match,1,3,3,1,0,3,,,,,,13.870365853658537,-1.6519605853494213,19.572118370856508,46.42326750871212,-0.7327124320413445,13.755799365185435,0.16202148179212159,45562.333333333336,,,,142.24080316197083,0,0,1
2022,9,North Carolina,117,Rosemary,13.658181818181816,2.9499271549371757,10.24,9.86,51376.0,583.8181818181819,59725.0,9.446477272727273,88,,,,,,No Match,1,3,3,1,0,3,,,,,,13.555937500000004,0.7542401119938197,21.59824194908742,44.58492222930623,-0.6794955444891955,13.607059659090911,0.07229765072415445,55339.666666666664,,,,148.1495590075904,0,0,1
2023,1,California,117,Rosemary,13.887857142857142,2.995495442026473,10.03,9.88,46987.0,559.3690476190476,55409.0,9.744642857142859,84,,,,,,No Match,1,4,4,1,0,4,,,,,,14.648375000000001,-5.191824056544565,21.56916946375077,42.51786695986802,0.041647185796185725,14.268116071428572,0.5377673339991783,43977.333333333336,,,,149.4006720751813,0,0,1
2023,10,Michigan,117,Rosemary,13.62977777777778,2.7190703871520387,10.16,9.84,39165.0,435.1666666666667,45818.0,9.553444444444445,90,,,,,,No Match,1,4,4,1,0,4,,,,,,14.093076923076922,-3.287423660765696,19.9494843678615,42.668729137832806,-0.7686795579528031,13.861427350427352,0.3276019673589541,43443.666666666664,,,,144.142591317358,0,0,1
2023,11,New Jersey,117,Rosemary,13.8012676056338,3.0843318005583664,10.01,9.89,39383.0,554.6901408450705,45603.0,9.546338028169014,71,,,,,,No Match,1,4,4,1,0,4,,,,,,13.843666666666667,-0.30627045604151554,22.348177636228968,44.57132740229272,-0.23022971423937386,13.822467136150234,0.029980663572282757,44472.333333333336,,,,146.0327985967312,0,0,1
2023,12,Virginia,117,Rosemary,13.745131578947367,2.865255075752036,10.51,9.9,40022.0,526.6052631578947,47341.0,9.513947368421052,76,,,,,,No Match,1,4,4,1,0,4,,,,,,13.682967032967037,0.4543206588933112,20.845599471310873,44.47348767737117,-0.40648760179979787,13.714049305957202,0.043956972012074554,47080.0,,,,145.66003987973582,0,0,1
2023,13,Washington,117,Rosemary,14.150641025641026,2.8159915970504374,10.01,9.62,36670.0,470.12820512820514,42940.0,9.700769230769232,78,,,,,,No Match,1,4,4,1,0,4,,,,,,14.035595238095235,0.8196715963533546,19.90009916828395,45.871329262812864,0.8667453410884546,14.093118131868131,0.08134965652057542,46469.333333333336,,,,148.719579676627,0,0,1
2023,14,Arizona,117,Rosemary,13.441630434782608,2.5040456396035182,10.04,9.93,48443.0,526.554347826087,56531.0,9.595869565217388,92,,,,,,No Match,1,4,4,1,0,4,,,,,,14.222812499999998,-5.492458437579699,18.62903203411883,40.07725244104125,-1.3594312584904253,13.832221467391303,0.5523791356565283,56682.666666666664,,,,145.01051047486635,0,0,1
2023,15,Massachusetts,117,Rosemary,14.135443037974683,3.2255827529413517,10.49,9.99,43813.0,554.5949367088608,51248.0,9.752278481012658,79,,,,,,No Match,1,4,4,1,0,4,,,,,,13.889090909090909,1.7737095285518534,22.81911323384676,44.94503069714316,0.8190261603882955,14.012266973532796,0.1741972608934594,49399.0,,,,151.07549725254322,0,0,1
2023,2,Texas,117,Rosemary,13.523369565217392,2.4985469523124233,10.15,9.99,50238.0,546.0652173913044,59602.0,9.511521739130437,92,,,,,,No Match,1,4,4,1,0,4,,,,,,14.179777777777776,-4.629185469952091,18.475772182835104,42.17882202363264,-1.10278383771843,13.851573671497583,0.46415069832798844,47780.0,,,,146.38434805719882,0,0,1
2023,3,Florida,117,Rosemary,14.002500000000001,3.340222648532902,10.12,9.96,34814.0,435.175,41468.0,9.688875,80,,,,,,No Match,1,4,4,1,0,4,,,,,,13.709863013698627,2.134499710237641,23.85447347639994,44.521422765801006,0.40160689467909966,13.856181506849314,0.20692559743969685,37301.666666666664,,,,146.4353950122915,0,0,1
2023,4,New York,117,Rosemary,13.801780821917808,2.712422217249205,10.24,9.83,41237.0,564.8904109589041,49348.0,9.642465753424656,73,,,,,,No Match,1,4,4,1,0,4,,,,,,14.228513513513514,-2.9991375500358313,19.652697374687797,43.1353885495099,-0.22861829954866134,14.01514716771566,0.30174557998131163,44440.666666666664,,,,146.67311807692457,0,0,1
2023,5,Illinois,117,Rosemary,13.950410958904111,3.7487225373586206,10.09,9.76,39490.0,540.9589041095891,46101.0,9.772465753424656,73,,,,,,No Match,1,4,4,1,0,4,,,,,,14.12569444444444,-1.2408840232932146,26.871771365028703,42.7522112729363,0.23805587600986147,14.038052701674275,0.12394414125558025,44733.0,,,,147.64875119011919,0,0,1
2023,6,Pennsylvania,117,Rosemary,13.785975609756099,3.098773895223522,10.01,9.97,39926.0,486.9024390243902,47263.0,9.560853658536583,82,,,,,,No Match,1,4,4,1,0,4,,,,,,13.892765957446807,-0.7686759283054544,22.477726516725973,44.1918902026812,-0.2782440652557382,13.839370783601453,0.07551217901736906,46874.666666666664,,,,146.05976558454103,0,0,1
2023,7,Ohio,117,Rosemary,13.586511627906978,2.458608294731397,10.06,9.86,41792.0,485.95348837209303,50130.0,9.702441860465116,86,,,,,,No Match,1,4,4,1,0,4,,,,,,13.271627906976743,2.372608116632805,18.095949586363027,40.03187881257416,-0.9045281498329883,13.42906976744186,0.22265641435502131,44879.666666666664,,,,144.56706149975568,0,0,1
2023,8,Georgia,117,Rosemary,13.4496,2.831378921055003,10.13,9.96,43166.0,575.5466666666666,49937.0,9.265999999999998,75,,,,,,No Match,1,4,4,1,0,4,,,,,,13.641232876712333,-1.4048061377170664,21.051770469419186,45.15001079214335,-1.3344081349651535,13.545416438356167,0.13550490662157644,42390.666666666664,,,,143.54531579901666,0,0,1
2023,9,North Carolina,117,Rosemary,13.831298701298705,2.727117405579393,10.0,9.59,41165.0,534.6103896103896,49655.0,9.78090909090909,77,,,,,,No Match,1,4,4,1,0,4,,,,,,13.658181818181816,1.2674958162178993,19.717001739853448,41.411177353179454,-0.13593701496109814,13.744740259740261,0.12241212198983069,50762.0,,,,146.9626379541974,0,0,1
2019,1,California,118,Cilantro,1.539594594594595,0.2992384818359384,0.98,2.36,32989.0,445.7972972972973,40525.0,1.0574324324324322,74,,,,,,No Match,1,4,0,0,0,0,,,,,,,,19.436186830386582,45.597444089456936,-1.375624312797997,1.539594594594595,,32989.0,,,,16.017880215376813,0,0,1
2019,10,Michigan,118,Cilantro,1.5732258064516131,0.29392087551910745,0.97,2.44,39470.0,424.40860215053766,45905.0,1.0954838709677421,93,,,,,,No Match,1,4,0,0,0,0,,,,,,,,18.682688417248986,43.61012956419316,-0.3162797566435639,1.5732258064516131,,39470.0,,,,16.64995450812051,0,0,1
2019,11,New Jersey,118,Cilantro,1.5967088607594935,0.3331578570902886,0.84,2.34,36759.0,465.30379746835445,43641.0,1.0853164556962027,79,,,,,,No Match,1,4,0,0,0,0,,,,,,,,20.865285167379742,47.119197574061076,0.4234094894262508,1.5967088607594935,,36759.0,,,,16.784867921719975,0,0,1
2019,12,Virginia,118,Cilantro,1.5786206896551724,0.2981266018485291,1.01,2.61,38132.0,438.2988505747126,45954.0,1.1029885057471263,87,,,,,,No Match,1,4,0,0,0,0,,,,,,,,18.885258745319668,43.12213422259277,-0.14634713045462913,1.5786206896551724,,38132.0,,,,16.65260970048745,0,0,1
2019,13,Washington,118,Cilantro,1.6007608695652176,0.3612987369934771,0.93,2.41,39551.0,429.9021739130435,46502.0,1.1064130434782609,92,,,,,,No Match,1,4,0,0,0,0,,,,,,,,22.570437837577163,44.680223990568834,0.5510431140509875,1.6007608695652176,,39551.0,,,,16.944648552349708,0,0,1
2019,14,Arizona,118,Cilantro,1.5825609756097558,0.32070451372714165,0.97,2.59,39738.0,484.609756097561,46527.0,1.0890243902439025,82,,,,,,No Match,1,4,0,0,0,0,,,,,,,,20.26490724021393,45.31914893617018,-0.022232647354055134,1.5825609756097558,,39738.0,,,,16.759460554492353,0,0,1
2019,15,Massachusetts,118,Cilantro,1.6188732394366196,0.3262844915353763,0.94,2.5,29832.0,420.16901408450707,35092.0,1.0936619718309861,71,,,,,,No Match,1,4,0,0,0,0,,,,,,,,20.15503645294216,48.02318094011587,1.1215619673084682,1.6188732394366196,,29832.0,,,,16.67985068511952,0,0,1
2019,2,Texas,118,Cilantro,1.60231884057971,0.3103657468950058,1.07,2.36,39323.0,569.8985507246376,47392.0,1.0759420289855073,69,,,,,,No Match,1,4,0,0,0,0,,,,,,,,19.36978702582797,48.92241379310342,0.6001174120532616,1.60231884057971,,39323.0,,,,16.951876860879743,0,0,1
2019,3,Florida,118,Cilantro,1.5638461538461534,0.3016286129991983,1.05,2.44,32451.0,416.03846153846155,37654.0,1.0820512820512822,78,,,,,,No Match,1,4,0,0,0,0,,,,,,,,19.287614210475056,44.52606635071084,-0.6117280434450395,1.5638461538461534,,32451.0,,,,16.24447906130454,0,0,1
2019,4,New York,118,Cilantro,1.6045454545454545,0.33865361488102436,0.95,2.64,45510.0,459.6969696969697,53567.0,1.108181818181818,99,,,,,,No Match,1,4,0,0,0,0,,,,,,,,21.105891012415114,44.79081214109929,0.6702531952446925,1.6045454545454545,,45510.0,,,,17.20988815858446,0,0,1
2019,5,Illinois,118,Cilantro,1.5758888888888887,0.3266647748932458,0.94,2.46,41119.0,456.8777777777778,48695.0,1.0847777777777783,90,,,,,,No Match,1,4,0,0,0,0,,,,,,,,20.728921765770377,45.27296937416769,-0.23239571777775636,1.5758888888888887,,41119.0,,,,16.742637370392252,0,0,1
2019,6,Pennsylvania,118,Cilantro,1.6240476190476196,0.33000226011500244,0.92,2.46,45461.0,541.202380952381,53300.0,1.1108333333333331,84,,,,,,No Match,1,4,0,0,0,0,,,,,,,,20.319740397053362,46.20083592326662,1.2845489835270187,1.6240476190476196,,45461.0,,,,17.417313212809162,0,0,1
2019,7,Ohio,118,Cilantro,1.589368421052632,0.3532788981006722,0.89,2.51,36134.0,380.3578947368421,42849.0,1.066,95,,,,,,No Match,1,4,0,0,0,0,,,,,,,,22.227627869106463,49.096474770415746,0.19219406738605851,1.589368421052632,,36134.0,,,,16.680448921992028,0,0,1
2019,8,Georgia,118,Cilantro,1.5597142857142865,0.3276263841924939,0.85,2.31,31909.0,455.84285714285716,37219.0,1.0782857142857145,70,,,,,,No Match,1,4,0,0,0,0,,,,,,,,21.005538462607216,44.64758876523587,-0.7418771451440862,1.5597142857142865,,31909.0,,,,16.175289512144985,0,0,1
2019,9,North Carolina,118,Cilantro,1.5799999999999998,0.36749965986378824,0.9,2.59,33458.0,440.2368421052632,38442.0,1.1005263157894738,76,,,,,,No Match,1,4,0,0,0,0,,,,,,,,23.25947214327774,43.56767097082733,-0.10290043839808054,1.5799999999999998,,33458.0,,,,16.46056021850698,0,0,1
2020,1,California,118,Cilantro,1.5534117647058823,0.3538783519165619,0.93,2.63,40300.0,474.11764705882354,47165.0,1.0758823529411767,85,,,,,,No Match,1,1,1,0,0,1,,,,,,1.539594594594595,0.8974550936849435,22.780717898294277,44.38490978676868,-0.9403993199823597,1.5465031796502386,0.009770214682499296,36644.5,,,,16.472582722158315,0,0,1
2020,10,Michigan,118,Cilantro,1.583625,0.3450417100084708,0.93,2.25,34251.0,428.1375,39319.0,1.093375,80,,,,,,No Match,1,1,1,0,0,1,,,,,,1.5732258064516131,0.661010867336466,21.78809440419738,44.838230250371566,0.011282899163057403,1.5784254032258067,0.007353340276935787,36860.5,,,,16.53542081146684,0,0,1
2020,11,New Jersey,118,Cilantro,1.6862499999999998,0.34849532888243073,0.92,2.47,29580.0,336.1363636363636,34867.0,1.1280681818181817,88,,,,,,No Match,1,1,1,0,0,1,,,,,,1.5967088607594935,5.607856350087205,20.666883847734958,49.48121285383298,3.243852559083352,1.6414794303797466,0.06331514675213089,33169.5,,,,17.359754118236182,0,0,1
2020,12,Virginia,118,Cilantro,1.5254022988505744,0.34061778551421434,0.93,2.45,47099.0,541.3678160919541,55687.0,1.0670114942528734,87,,,,,,No Match,1,1,1,0,0,1,,,,,,1.5786206896551724,-3.371195573030455,22.329701861002675,42.96024991920714,-1.8226653323033515,1.5520114942528735,0.037631085021767055,42615.5,,,,16.413371874016068,0,0,1
2020,13,Washington,118,Cilantro,1.6467901234567899,0.30824433149895003,0.92,2.44,31110.0,384.0740740740741,36496.0,1.1076543209876546,81,,,,,,No Match,1,1,1,0,0,1,,,,,,1.6007608695652176,2.8754609615160263,18.717888036145855,48.67365135978594,2.0009117581305507,1.6237754965110036,0.032547597559688064,35330.5,,,,17.036565420562802,0,0,1
2020,14,Arizona,118,Cilantro,1.6076404494382024,0.3320255414323303,1.03,2.8,34252.0,384.85393258426967,40860.0,1.1102247191011234,89,,,,,,No Match,1,1,1,0,0,1,,,,,,1.5825609756097558,1.5847398119231082,20.652972593987556,44.803157575144255,0.7677419805105159,1.5951007125239791,0.0177338660126851,36995.0,,,,16.786225067428358,0,0,1
2020,15,Massachusetts,118,Cilantro,1.6286813186813185,0.38857920339848,0.88,2.96,41238.0,453.16483516483515,47663.0,1.1085714285714285,91,,,,,,No Match,1,1,1,0,0,1,,,,,,1.6188732394366196,0.6058583838294918,23.85851663805525,46.91712926249008,1.4305052013012332,1.623777279058969,0.0069353593443415825,35535.0,,,,17.308223883361272,0,0,1
2020,2,Texas,118,Cilantro,1.5733333333333333,0.3533500771986289,0.92,2.39,40314.0,516.8461538461538,46838.0,1.0815384615384618,78,,,,,,No Match,1,1,1,0,0,1,,,,,,1.60231884057971,-1.8089725036179394,22.45869134737048,45.47178757705069,-0.31289278333808995,1.5878260869565217,0.02049584873004479,39818.5,,,,16.684380115734083,0,0,1
2020,3,Florida,118,Cilantro,1.560808080808081,0.3132732938964445,0.87,2.37,37424.0,378.020202020202,44027.0,1.087171717171717,99,,,,,,No Match,1,1,1,0,0,1,,,,,,1.5638461538461534,-0.19426930395937334,20.07122449893088,43.56592028244918,-0.7074238556496153,1.5623271173271172,0.002148242046960977,34937.5,,,,16.435456133526827,0,0,1
2020,4,New York,118,Cilantro,1.5394949494949495,0.3854453394037988,0.81,2.53,41689.0,421.1010101010101,49787.0,1.086060606060606,99,,,,,,No Match,1,1,1,0,0,1,,,,,,1.6045454545454545,-4.0541391249606535,25.037129191638403,41.75037202380953,-1.3787630190184497,1.572020202020202,0.04599765324082186,43599.5,,,,16.3771727835054,0,0,1
2020,5,Illinois,118,Cilantro,1.6160975609756096,0.3684192328110584,1.05,2.73,40919.0,499.0121951219512,50465.0,1.1126829268292684,82,,,,,,No Match,1,1,1,0,0,1,,,,,,1.5758888888888887,2.551491565821679,22.796843563618165,45.2433143358176,1.034131282984422,1.5959932249322493,0.028431824695026642,41019.0,,,,17.161944776135222,0,0,1
2020,6,Pennsylvania,118,Cilantro,1.57975,0.3333260653216078,0.9,2.5,46224.0,577.8,54258.0,1.090375,80,,,,,,No Match,1,1,1,0,0,1,,,,,,1.6240476190476196,-2.727605922885243,21.09992500848918,44.88134816003667,-0.1107751513333266,1.6018988095238098,0.03132314681899022,45842.5,,,,16.96853084986935,0,0,1
2020,7,Ohio,118,Cilantro,1.577032967032967,0.30096693988061035,1.05,2.38,41915.0,460.6043956043956,48730.0,1.0848351648351648,91,,,,,,No Match,1,1,1,0,0,1,,,,,,1.589368421052632,-0.776123009383516,19.08437846082889,45.370745542949756,-0.1963585699373119,1.5832006940427994,0.008722483186319949,39024.5,,,,16.785028786849498,0,0,1
2020,8,Georgia,118,Cilantro,1.5487323943661973,0.32373238320503817,0.97,2.58,32285.0,454.71830985915494,38656.0,1.0992957746478873,71,,,,,,No Match,1,1,1,0,0,1,,,,,,1.5597142857142865,-0.7040963494836479,20.903054935938258,40.88404868673928,-1.087794112553339,1.5542233400402419,0.007765369842487781,32097.0,,,,16.079542142250332,0,0,1
2020,9,North Carolina,118,Cilantro,1.6306172839506174,0.3448309211737411,0.83,2.39,34115.0,421.17283950617286,40791.0,1.0916049382716049,81,,,,,,No Match,1,1,1,0,0,1,,,,,,1.5799999999999998,3.2036255664947846,21.147262730975942,49.37796878534271,1.4914858842946095,1.6053086419753086,0.0357918247267267,33786.5,,,,17.019603385813124,0,0,1
2021,1,California,118,Cilantro,1.5492929292929292,0.32273781778887883,0.99,2.5,50970.0,514.8484848484849,60770.0,1.0698989898989897,99,,,,,,No Match,1,2,2,0,0,2,,,,,,1.5534117647058823,-0.2651476901704134,20.831297405854095,44.80740181268884,-1.0701379060005571,1.5513523469994057,0.002912456451090433,41419.666666666664,,,,16.792804841949227,0,0,1
2021,10,Michigan,118,Cilantro,1.5271250000000007,0.32563936622503586,1.01,2.58,30820.0,385.25,36163.0,1.0846250000000004,80,,,,,,No Match,1,2,2,0,0,2,,,,,,1.583625,-3.567763832978093,21.323687728577276,40.797510660366505,-1.7684022242035193,1.5553750000000004,0.03995153313703946,34847.0,,,,15.78429001814086,0,0,1
2021,11,New Jersey,118,Cilantro,1.5278571428571428,0.26728474698804133,0.94,2.14,38372.0,456.8095238095238,44127.0,1.071785714285714,84,,,,,,No Match,1,2,2,0,0,2,,,,,,1.6862499999999998,-9.393201313142002,17.494092836991953,42.552482505831435,-1.7453405648931677,1.6070535714285712,0.11200066337722626,34903.666666666664,,,,16.126699238890136,0,0,1
2021,12,Virginia,118,Cilantro,1.5730851063829787,0.3284798044421189,0.99,2.4,44862.0,477.25531914893617,53559.0,1.107340425531915,94,,,,,,No Match,1,2,2,0,0,2,,,,,,1.5254022988505744,3.125916852776108,20.88124813522633,42.05975598040156,-0.32071164724542844,1.5492437026167765,0.033716836552176055,43364.333333333336,,,,16.84989454036531,0,0,1
2021,13,Washington,118,Cilantro,1.5657831325301201,0.329926527230769,0.97,2.37,39314.0,473.66265060240966,46459.0,1.0971084337349397,83,,,,,,No Match,1,2,2,0,0,2,,,,,,1.6467901234567899,-4.9190840880577635,21.071023207259028,42.719086316714225,-0.550715439053292,1.606286627993455,0.0572805926077653,36658.333333333336,,,,16.564985639989793,0,0,1
2021,14,Arizona,118,Cilantro,1.5930769230769224,0.3465275150421949,0.94,2.38,46487.0,595.9871794871794,53336.0,1.0683333333333334,78,,,,,,No Match,1,2,2,0,0,2,,,,,,1.6076404494382024,-0.9058944968925915,21.75208930733238,49.117964718588674,0.3090076228303868,1.6003586862575623,0.010297968248050134,40159.0,,,,17.12071723197421,0,0,1
2021,15,Massachusetts,118,Cilantro,1.5914457831325302,0.3055867308530666,0.98,2.27,33541.0,404.10843373493975,39923.0,1.0790361445783132,83,,,,,,No Match,1,2,2,0,0,2,,,,,,1.6286813186813185,-2.2862382666080148,19.201831070334265,47.48771773112998,0.25762858755315,1.6100635509069243,0.026329499687660986,34870.333333333336,,,,16.58374618630648,0,0,1
2021,2,Texas,118,Cilantro,1.6010526315789475,0.29672694045701753,0.95,2.36,33298.0,438.13157894736844,40217.0,1.107894736842105,76,,,,,,No Match,1,2,2,0,0,2,,,,,,1.5733333333333333,1.7618198037466688,18.53324085694718,44.51306413301667,0.5602332824651228,1.5871929824561404,0.01960050375920621,37645.0,,,,16.6722135829333,0,0,1
2021,3,Florida,118,Cilantro,1.5509333333333333,0.3349068984518393,0.98,2.66,34464.0,459.52,40477.0,1.0978666666666668,75,,,,,,No Match,1,2,2,0,0,2,,,,,,1.560808080808081,-0.6326689101734619,21.593893899491015,41.26791352926887,-1.018467062336528,1.5558707070707072,0.006982500901898915,34779.666666666664,,,,16.203685559034582,0,0,1
2021,4,New York,118,Cilantro,1.5730487804878044,0.3104902098788192,1.01,2.52,33620.0,410.0,39629.0,1.0797560975609752,82,,,,,,No Match,1,2,2,0,0,2,,,,,,1.5394949494949495,2.1795349834608206,19.738117071139765,45.68556584594534,-0.32185587123188375,1.556271864991377,0.02372614142983506,40273.0,,,,16.39573980952915,0,0,1
2021,5,Illinois,118,Cilantro,1.566904761904762,0.27430075917334823,0.95,2.38,32253.0,383.9642857142857,37524.0,1.106428571428571,84,,,,,,No Match,1,2,2,0,0,2,,,,,,1.6160975609756096,-3.043925085881003,17.50589862525547,41.61824833225742,-0.5153854016730948,1.5915011614401857,0.03478456180854364,38097.0,,,,16.266660935952807,0,0,1
2021,6,Pennsylvania,118,Cilantro,1.653544303797468,0.329377960648139,0.92,2.34,33688.0,426.43037974683546,39458.0,1.0960759493670886,79,,,,,,No Match,1,2,2,0,0,2,,,,,,1.57975,4.67126468096015,19.91951227987674,50.860376486892214,2.2136606833135586,1.616647151898734,0.05218045262812981,41791.0,,,,17.2380780855034,0,0,1
2021,7,Ohio,118,Cilantro,1.5210447761194037,0.3015622671937338,0.95,2.35,25245.0,376.7910447761194,30875.0,1.0808955223880599,67,,,,,,No Match,1,2,2,0,0,2,,,,,,1.577032967032967,-3.5502232409826933,19.82599539003057,40.72079536039773,-1.9599222947705435,1.5490388715761854,0.039589629461347677,34431.333333333336,,,,15.417953262288636,0,0,1
2021,8,Georgia,118,Cilantro,1.5731428571428574,0.34901327933352144,0.9,2.5,26419.0,377.4142857142857,30215.0,1.083142857142857,70,,,,,,No Match,1,2,2,0,0,2,,,,,,1.5487323943661973,1.5761575637894418,22.185733339399288,45.238723292007435,-0.3188925646220796,1.5609376257545273,0.01726080376127819,30204.333333333332,,,,16.017546411110917,0,0,1
2021,9,North Carolina,118,Cilantro,1.6091566265060242,0.2944494855815042,1.08,2.53,35349.0,425.89156626506025,41433.0,1.0862650602409643,83,,,,,,No Match,1,2,2,0,0,2,,,,,,1.6306172839506174,-1.3161063393489194,18.298373242935646,48.13664596273288,0.8154998171829418,1.6198869552283208,0.015174976407793448,34307.333333333336,,,,16.852783714965415,0,0,1
2022,1,California,118,Cilantro,1.5642696629213484,0.32172082632607196,0.92,2.6,33028.0,371.1011235955056,38420.0,1.0925842696629215,89,,,,,,No Match,1,3,3,1,0,3,,,,,,1.5492929292929292,0.9666818550094559,20.566839206306856,43.17153434800492,-0.598387993874505,1.5567812961071388,0.010590149908679842,41432.666666666664,,,,16.276446783928428,0,0,1
2022,10,Michigan,118,Cilantro,1.5469230769230766,0.3395029596562961,0.94,2.69,25096.0,386.0923076923077,29320.0,1.0609230769230766,65,,,,,,No Match,1,3,3,1,0,3,,,,,,1.5271250000000007,1.296428054224499,21.946983965847096,45.80916473317866,-1.144785534446604,1.5370240384615386,0.01399935444675986,30055.666666666668,,,,15.671109793603943,0,0,1
2022,11,New Jersey,118,Cilantro,1.6056521739130427,0.3035887226692871,1.06,2.27,28857.0,418.2173913043478,33341.0,1.109710144927536,69,,,,,,No Match,1,3,3,1,0,3,,,,,,1.5278571428571428,5.0917738886517006,18.90750235958193,44.691132297244316,0.7051135845232489,1.5667546583850926,0.05500939400224489,32269.666666666668,,,,16.490276679462013,0,0,1
2022,12,Virginia,118,Cilantro,1.562142857142857,0.29152717752912033,0.99,2.19,37154.0,530.7714285714286,43401.0,1.0627142857142855,70,,,,,,No Match,1,3,3,1,0,3,,,,,,1.5730851063829787,-0.6955916876793372,18.662004962998104,46.995563919881725,-0.6653799337731094,1.5676139817629178,0.007737338639123372,43038.333333333336,,,,16.4382006357884,0,0,1
2022,13,Washington,118,Cilantro,1.6027272727272728,0.33216560028694425,1.01,2.41,20405.0,309.1666666666667,24128.0,1.1089393939393937,66,,,,,,No Match,1,3,3,1,0,3,,,,,,1.5657831325301201,2.3594672486639503,20.72502327371745,44.527940975543146,0.6129825557156016,1.5842552026286965,0.026123452058513148,30276.333333333332,,,,15.904799127469769,0,0,1
2022,14,Arizona,118,Cilantro,1.5761428571428568,0.32646678086171516,0.73,2.66,28691.0,409.87142857142857,35028.0,1.0972857142857144,70,,,,,,No Match,1,3,3,1,0,3,,,,,,1.5930769230769224,-1.0629785472856212,20.71301972294033,43.6401510220023,-0.22439600939909182,1.5846098901098897,0.011974192855037855,36476.666666666664,,,,16.17811915986838,0,0,1
2022,15,Massachusetts,118,Cilantro,1.585294117647058,0.3125874667509046,0.95,2.25,35962.0,423.08235294117645,41995.0,1.092,85,,,,,,No Match,1,3,3,1,0,3,,,,,,1.5914457831325302,-0.38654571526548764,19.717947809890095,45.17345399698333,0.0638581884660275,1.5883699503897941,0.004349884380368543,36913.666666666664,,,,16.630125135592973,0,0,1
2022,2,Texas,118,Cilantro,1.5568000000000006,0.32642270721226446,0.99,2.4,25723.0,342.97333333333336,30976.0,1.1016000000000001,75,,,,,,No Match,1,3,3,1,0,3,,,,,,1.6010526315789475,-2.7639710716633483,20.96754285793065,41.32171387073352,-0.8336737987892961,1.5789263157894742,0.031291335874823294,33111.666666666664,,,,15.809583737118206,0,0,1
2022,3,Florida,118,Cilantro,1.5645121951219512,0.32706005201984045,0.99,2.5,28379.0,346.0853658536585,32933.0,1.0598780487804875,82,,,,,,No Match,1,3,3,1,0,3,,,,,,1.5509333333333333,0.8755283993692761,20.904921868911778,47.612472672880024,-0.5907485080452994,1.557722764227642,0.009601705251526602,33422.333333333336,,,,16.041631844842723,0,0,1
2022,4,New York,118,Cilantro,1.623023255813953,0.33120837502710954,1.0,2.5,37770.0,439.1860465116279,43541.0,1.0996511627906977,86,,,,,,No Match,1,3,3,1,0,3,,,,,,1.5730487804878044,3.1769183477356293,20.406877956964774,47.594374537379665,1.252282717900821,1.5980360181508786,0.035337290389359496,37693.0,,,,17.105523954662118,0,0,1
2022,5,Illinois,118,Cilantro,1.5838823529411767,0.3577911538927725,0.87,2.53,37697.0,443.49411764705883,44354.0,1.0967058823529414,85,,,,,,No Match,1,3,3,1,0,3,,,,,,1.566904761904762,1.0835113562215746,22.589503142602435,44.42179789744689,0.019389221302292405,1.5753935574229694,0.012004969750060794,36956.333333333336,,,,16.689942227778612,0,0,1
2022,6,Pennsylvania,118,Cilantro,1.5973809523809526,0.29398434122556427,1.0,2.4,33640.0,400.4761904761905,39093.0,1.106309523809524,84,,,,,,No Match,1,3,3,1,0,3,,,,,,1.653544303797468,-3.3965434907025327,18.40414716272723,44.38824921984289,0.4445796037669602,1.6254626280892102,0.03971348664078113,37850.666666666664,,,,16.650301699200217,0,0,1
2022,7,Ohio,118,Cilantro,1.546105263157895,0.29949707751510635,0.97,2.36,40209.0,423.2526315789474,46915.0,1.077789473684211,95,,,,,,No Match,1,3,3,1,0,3,,,,,,1.5210447761194037,1.6475837813550416,19.37106642424775,43.45150893641953,-1.1705457289878074,1.5335750196386493,0.017720440324754845,35789.666666666664,,,,16.391608552253025,0,0,1
2022,8,Georgia,118,Cilantro,1.5497999999999996,0.31532564536723406,1.02,2.29,35856.0,358.56,41054.0,1.0709000000000002,100,,,,,,No Match,1,3,3,1,0,3,,,,,,1.5731428571428574,-1.4838358154740683,20.346215341801145,44.71939490148467,-1.05416576097634,1.5614714285714286,0.016505892577983572,31520.0,,,,16.253208372912734,0,0,1
2022,9,North Carolina,118,Cilantro,1.5743750000000007,0.3183338614857381,0.9,2.49,32143.0,334.8229166666667,37781.0,1.0666666666666669,96,,,,,,No Match,1,3,3,1,0,3,,,,,,1.6091566265060242,-2.161481731057163,20.21969743458439,47.59765625000004,-0.280081479441187,1.5917658132530126,0.02459432396310695,33869.0,,,,16.338833973931777,0,0,1
2023,1,California,118,Cilantro,1.5504761904761906,0.3368203724267554,0.83,2.54,27130.0,322.9761904761905,32174.0,1.0786904761904763,84,,,,,,No Match,1,4,4,1,0,4,,,,,,1.5642696629213484,-0.8817835423208208,21.72367266880179,43.73689438251848,-1.032866537418124,1.5573729266987695,0.00975345790208089,37042.666666666664,,,,15.827931168256253,0,0,1
2023,10,Michigan,118,Cilantro,1.5697752808988765,0.3780271079989138,0.91,2.64,32009.0,359.65168539325845,36355.0,1.0948314606741574,89,,,,,,No Match,1,4,4,1,0,4,,,,,,1.5469230769230766,1.477268282871202,24.08160662221983,43.38054187192119,-0.42496734945775266,1.5583491789109765,0.016158948396346292,29308.333333333332,,,,16.284540511925705,0,0,1
2023,11,New Jersey,118,Cilantro,1.5863157894736843,0.3332625718098523,0.97,2.59,27332.0,287.70526315789476,31825.0,1.095263157894737,95,,,,,,No Match,1,4,4,1,0,4,,,,,,1.6056521739130427,-1.2042698134450112,21.008589463792944,44.83421432003844,0.09603967786088678,1.5959839816933634,0.01367288856070034,31520.333333333332,,,,16.205564225125922,0,0,1
2023,12,Virginia,118,Cilantro,1.594878048780488,0.31487502479649,0.98,2.52,26992.0,329.1707317073171,31806.0,1.0948780487804877,82,,,,,,No Match,1,4,4,1,0,4,,,,,,1.562142857142857,2.0955312433782884,19.742890375678375,45.66718645578082,0.3657410143339039,1.5785104529616725,0.023147275990409926,36336.0,,,,16.273071590236974,0,0,1
2023,13,Washington,118,Cilantro,1.6256410256410259,0.34073103131008736,1.03,2.63,27987.0,358.8076923076923,33403.0,1.1008974358974355,78,,,,,,No Match,1,4,4,1,0,4,,,,,,1.6027272727272728,1.4296726151519223,20.959795301409155,47.6650751135438,1.3347394615758563,1.6141841491841493,0.016202470067747818,29235.333333333332,,,,16.645801881535665,0,0,1
2023,14,Arizona,118,Cilantro,1.5892682926829267,0.33233101335720144,1.03,2.35,32681.0,398.5487804878049,39772.0,1.1010975609756097,82,,,,,,No Match,1,4,4,1,0,4,,,,,,1.5761428571428568,0.8327567187572638,20.910944671033242,44.334920810721,0.18904013871364309,1.5827055749128918,0.009281084476410299,35953.0,,,,16.51977600705415,0,0,1
2023,15,Massachusetts,118,Cilantro,1.6155952380952374,0.3148162638382126,1.01,2.36,30664.0,365.04761904761904,35236.0,1.0796428571428571,84,,,,,,No Match,1,4,4,1,0,4,,,,,,1.585294117647058,1.9113879317961004,19.486085153938447,49.64163634358798,1.0183086890494646,1.6004446778711476,0.02142612774645797,33389.0,,,,16.690516038844446,0,0,1
2023,2,Texas,118,Cilantro,1.645232558139535,0.36325886651803446,1.08,2.85,34899.0,405.80232558139534,41945.0,1.1048837209302327,86,,,,,,No Match,1,4,4,1,0,4,,,,,,1.5568000000000006,5.680405841439773,22.07948443038445,48.90549358029889,1.9518502391254149,1.6010162790697677,0.06253126153813841,31306.666666666668,,,,17.20953088241717,0,0,1
2023,3,Florida,118,Cilantro,1.5973170731707322,0.3354527023402514,0.97,2.51,27946.0,340.8048780487805,32054.0,1.092439024390244,82,,,,,,No Match,1,4,4,1,0,4,,,,,,1.5645121951219512,2.0968119105152763,21.00100900282532,46.21567314132623,0.44256748199489776,1.5809146341463416,0.023196551724290814,30263.0,,,,16.35343624163514,0,0,1
2023,4,New York,118,Cilantro,1.5608045977011498,0.3294647469965475,0.89,2.31,31853.0,366.1264367816092,38407.0,1.0688505747126436,87,,,,,,No Match,1,4,4,1,0,4,,,,,,1.623023255813953,-3.8335037954585767,21.108647903895445,46.026454457468596,-0.7075335695184432,1.5919139267575515,0.043995235067890576,34414.333333333336,,,,16.183855265007065,0,0,1
2023,5,Illinois,118,Cilantro,1.5709638554216865,0.347835167221036,0.87,2.74,26009.0,313.3614457831325,30673.0,1.094698795180723,83,,,,,,No Match,1,4,4,1,0,4,,,,,,1.5838823529411767,-0.8156222900963171,22.14151306031597,43.50649350649347,-0.38752861678062983,1.5774231041814315,0.009134757198773154,31986.333333333332,,,,15.970789864787266,0,0,1
2023,6,Pennsylvania,118,Cilantro,1.5941176470588236,0.3550395488287087,0.94,2.53,30907.0,363.61176470588236,37320.0,1.1204705882352939,85,,,,,,No Match,1,4,4,1,0,4,,,,,,1.5973809523809526,-0.20429098752334923,22.27185361656106,42.2721545569089,0.3417892332395992,1.595749299719888,0.0023075053223595163,32745.0,,,,16.481216230432306,0,0,1
2023,7,Ohio,118,Cilantro,1.6114285714285712,0.3457795425751676,0.94,2.64,34386.0,377.86813186813185,40904.0,1.0863736263736266,91,,,,,,No Match,1,4,4,1,0,4,,,,,,1.546105263157895,4.225023342670363,21.457950337111466,48.33097309326316,0.8870634734619718,1.5787669172932333,0.04619055424773437,33280.0,,,,16.832070570963968,0,0,1
2023,8,Georgia,118,Cilantro,1.5621951219512198,0.3258683532956439,1.0,2.74,28325.0,345.4268292682927,32938.0,1.0908536585365856,82,,,,,,No Match,1,4,4,1,0,4,,,,,,1.5497999999999996,0.7997884856897773,20.859644785513503,43.2084963666853,-0.6637336523232198,1.5559975609756096,0.00876467478534201,30200.0,,,,16.01489857841577,0,0,1
2023,9,North Carolina,118,Cilantro,1.6077333333333332,0.3076087956661369,0.93,2.64,28435.0,379.1333333333333,34060.0,1.1189333333333336,75,,,,,,No Match,1,4,4,1,0,4,,,,,,1.5743750000000007,2.1188302236336627,19.133073208625202,43.684461391801676,0.7706677165523692,1.5910541666666669,0.023587903709080652,31975.666666666668,,,,16.48796647676818,0,0,1
2019,1,California,119,Parsley,5.78440476190476,1.1617823357409518,3.88,9.27,33401.0,397.6309523809524,39210.0,3.9038095238095227,84,,,,,,No Match,1,4,0,0,0,0,,,,,,,,20.084734446529044,48.17333495974627,0.9364327525447111,5.78440476190476,,33401.0,,,,60.252506346258365,0,0,1
2019,10,Michigan,119,Parsley,5.511842105263159,1.1723750372940287,3.56,8.27,42212.0,555.421052631579,49109.0,3.7682894736842103,76,,,,,,No Match,1,4,0,0,0,0,,,,,,,,21.270112875231835,46.269073640839444,-1.2043394378278067,5.511842105263159,,42212.0,,,,58.703783448832525,0,0,1
2019,11,New Jersey,119,Parsley,5.717368421052632,1.2009492792506213,3.54,9.55,54866.0,577.5368421052632,65731.0,3.9192631578947372,95,,,,,,No Match,1,4,0,0,0,0,,,,,,,,21.00528059077769,45.8786560309403,0.4099133239156012,5.717368421052632,,54866.0,,,,62.39173971848368,0,0,1
2019,12,Virginia,119,Parsley,5.571190476190476,1.2130658210390994,3.32,8.81,47043.0,560.0357142857143,55952.0,3.8439285714285707,84,,,,,,No Match,1,4,0,0,0,0,,,,,,,,21.77390678389768,44.93480751958874,-0.7382031607949031,5.571190476190476,,47043.0,,,,59.939539215453976,0,0,1
2019,13,Washington,119,Parsley,5.55155844155844,0.9797650966256964,3.57,7.57,31693.0,411.5974025974026,37211.0,3.897792207792207,77,,,,,,No Match,1,4,0,0,0,0,,,,,,,,17.64846946924431,42.428281078199426,-0.892397848719291,5.55155844155844,,31693.0,,,,57.53570031009611,0,0,1
2019,14,Arizona,119,Parsley,5.734520547945206,1.1377683335468245,3.05,8.06,42568.0,583.1232876712329,49859.0,3.88972602739726,73,,,,,,No Match,1,4,0,0,0,0,,,,,,,,19.840688058123877,47.42736397253041,0.5446302242782415,5.734520547945206,,42568.0,,,,61.12357536880757,0,0,1
2019,15,Massachusetts,119,Parsley,5.668555555555552,1.356803547926309,2.72,9.4,41275.0,458.6111111111111,49029.0,3.906333333333331,90,,,,,,No Match,1,4,0,0,0,0,,,,,,,,23.93561348440086,45.11192650112352,0.02652542230019776,5.668555555555552,,41275.0,,,,60.245615325383504,0,0,1
2019,2,Texas,119,Parsley,5.544431818181817,1.0134836450313747,3.6,7.54,47607.0,540.9886363636364,55346.0,3.8677272727272736,88,,,,,,No Match,1,4,0,0,0,0,,,,,,,,18.279305765973437,43.35115759783752,-0.948372050482351,5.544431818181817,,47607.0,,,,59.717722789705086,0,0,1
2019,3,Florida,119,Parsley,5.4020224719101115,1.1449991859616806,3.52,8.81,49687.0,558.2808988764045,58358.0,3.7684269662921346,89,,,,,,No Match,1,4,0,0,0,0,,,,,,,,21.19575014571937,43.349533379051245,-2.0668890619615574,5.4020224719101115,,49687.0,,,,58.414871202780816,0,0,1
2019,4,New York,119,Parsley,5.684761904761905,1.2226619942838692,10.24,8.77,54110.0,644.1666666666666,62241.0,3.871666666666666,84,,,,,,No Match,1,4,0,0,0,0,,,,,,,,21.507708058268765,46.82983826332947,0.1538139588734471,5.684761904761905,,54110.0,,,,61.95704195439845,0,0,1
2019,5,Illinois,119,Parsley,5.525822784810125,1.1188325045869691,3.33,8.38,45771.0,579.379746835443,53515.0,3.779746835443039,79,,,,,,No Match,1,4,0,0,0,0,,,,,,,,20.24734683244848,46.195579370395095,-1.0945318422259986,5.525822784810125,,45771.0,,,,59.29996841345178,0,0,1
2019,6,Pennsylvania,119,Parsley,5.582765957446808,1.0310610509914793,3.64,8.5,50096.0,532.936170212766,58454.0,3.8773404255319144,94,,,,,,No Match,1,4,0,0,0,0,,,,,,,,18.468641867677704,43.98441572694599,-0.6472865669039111,5.582765957446808,,50096.0,,,,60.415109947203995,0,0,1
2019,7,Ohio,119,Parsley,5.640243902439024,1.0495348477145956,3.56,8.38,43621.0,531.9634146341464,52392.0,3.9056097560975607,82,,,,,,No Match,1,4,0,0,0,0,,,,,,,,18.607969191912833,44.41391369512271,-0.1958410618034308,5.640243902439024,,43621.0,,,,60.256512942313485,0,0,1
2019,8,Georgia,119,Parsley,5.673146067415732,1.0865202959088518,2.99,8.03,50304.0,565.2134831460675,58921.0,3.916966292134831,89,,,,,,No Match,1,4,0,0,0,0,,,,,,,,19.15198873777263,44.83520266200057,0.06258039861622858,5.673146067415732,,50304.0,,,,61.416683693918905,0,0,1
2019,9,North Carolina,119,Parsley,5.706625,1.1570936350960308,3.37,8.93,38296.0,478.7,46123.0,3.8610000000000015,80,,,,,,No Match,1,4,0,0,0,0,,,,,,,,20.276321557768924,47.801735301735235,0.3255319295517341,5.706625,,38296.0,,,,60.22273747111476,0,0,1
2020,1,California,119,Parsley,5.618461538461538,1.3909634864292522,3.08,8.82,32125.0,411.85897435897436,37545.0,3.920000000000001,78,,,,,,No Match,1,1,1,0,0,1,,,,,,5.78440476190476,-2.868803796997391,24.757017146194247,43.32810047095758,-0.36692494988311447,5.701433150183149,0.1173395785886565,32763.0,,,,58.30514047666136,0,0,1
2020,10,Michigan,119,Parsley,5.694756097560975,1.1952800442664555,3.49,8.64,35955.0,438.4756097560976,42294.0,3.899512195121951,82,,,,,,No Match,1,1,1,0,0,1,,,,,,5.511842105263159,3.318563717983779,20.989134982943092,46.037653239929945,0.23231073562596902,5.603299101412067,0.12933972432768995,39083.5,,,,59.73828330652847,0,0,1
2020,11,New Jersey,119,Parsley,5.808987341772151,1.2371893237959328,3.12,9.25,42347.0,536.0379746835443,49354.0,4.000253164556962,79,,,,,,No Match,1,1,1,0,0,1,,,,,,5.717368421052632,1.6024666240180958,21.297848506216624,45.21549269033605,1.1295102048859573,5.763177881412392,0.06478436012576444,48606.5,,,,61.887071777683914,0,0,1
2020,12,Virginia,119,Parsley,5.828809523809523,1.2743194779788924,3.47,9.26,43993.0,523.7261904761905,51963.0,4.000833333333334,84,,,,,,No Match,1,1,1,0,0,1,,,,,,5.571190476190476,4.624129236292146,21.86243130391466,45.689886035647284,1.2851983559370628,5.699999999999999,0.18216417553424852,45518.0,,,,62.32051544449988,0,0,1
2020,13,Washington,119,Parsley,5.963125000000001,1.1877074887982177,3.54,8.37,38037.0,396.21875,45018.0,4.082916666666667,96,,,,,,No Match,1,1,1,0,0,1,,,,,,5.55155844155844,7.413531943762186,19.917534661745606,46.050617409939804,2.3401441790668502,5.75734172077922,0.29102150438363733,34865.0,,,,62.889149312122484,0,0,1
2020,14,Arizona,119,Parsley,5.761384615384615,1.3390643619276168,2.78,9.01,34556.0,531.6307692307693,41655.0,3.8584615384615386,65,,,,,,No Match,1,1,1,0,0,1,,,,,,5.734520547945206,0.4684623102280876,23.242058139147932,49.3181818181818,0.7556270248054633,5.747952581664911,0.018995764256658484,38562.0,,,,60.2085745190315,0,0,1
2020,15,Massachusetts,119,Parsley,5.703055555555555,1.1316716276934966,10.06,7.86,35714.0,496.02777777777777,41857.0,3.901111111111111,72,,,,,,No Match,1,1,1,0,0,1,,,,,,5.668555555555552,0.6086206558598661,19.843250984835556,46.1905440045571,0.2974966605390964,5.685805555555554,0.024395183950938072,38494.5,,,,59.78699085640312,0,0,1
2020,2,Texas,119,Parsley,5.6566265060240974,1.2204540109923847,3.09,8.43,35095.0,422.8313253012048,41963.0,3.8479518072289154,83,,,,,,No Match,1,1,1,0,0,1,,,,,,5.544431818181817,2.0235560923368436,21.575651312538426,47.003569415743044,-0.06716818125201007,5.600529162102957,0.0793336245863845,41351.0,,,,59.20136177007495,0,0,1
2020,3,Florida,119,Parsley,5.720930232558138,1.2865106733806366,3.34,8.78,41792.0,485.95348837209303,49387.0,3.9429069767441876,86,,,,,,No Match,1,1,1,0,0,1,,,,,,5.4020224719101115,5.903488226979985,22.487788193238774,45.09422277271512,0.4378886420031486,5.561476352234125,0.22550184012723604,45739.5,,,,60.87346740772293,0,0,1
2020,4,New York,119,Parsley,5.644415584415585,1.1049952292186764,3.35,8.52,38295.0,497.3376623376623,44954.0,3.898961038961039,77,,,,,,No Match,1,1,1,0,0,1,,,,,,5.684761904761905,-0.7097275316407539,19.57678722788599,44.76717074145626,-0.163075675405532,5.664588744588745,0.028529156712808052,46202.5,,,,59.56608623037224,0,0,1
2020,5,Illinois,119,Parsley,5.5105194805194815,1.1997772776906905,3.44,9.43,34557.0,448.7922077922078,40569.0,3.8171428571428567,77,,,,,,No Match,1,1,1,0,0,1,,,,,,5.525822784810125,-0.27694164084868456,21.77248954353731,44.3624115405553,-1.2147276483935925,5.518171132664803,0.010821070238475304,40164.0,,,,57.587101649596775,0,0,1
2020,6,Pennsylvania,119,Parsley,5.459896907216495,1.075988397208741,3.0,8.45,50177.0,517.2886597938144,58879.0,3.8610309278350514,97,,,,,,No Match,1,1,1,0,0,1,,,,,,5.582765957446808,-2.200863356387327,19.707119300853055,41.41033856669873,-1.6123294272558633,5.521331432331651,0.08688153861580479,50136.5,,,,59.09427670842949,0,0,1
2020,7,Ohio,119,Parsley,5.720978260869566,1.153189613739433,3.54,8.39,45401.0,493.4891304347826,52650.0,3.948260869565217,92,,,,,,No Match,1,1,1,0,0,1,,,,,,5.640243902439024,1.4313983548766327,20.157210203489797,44.898689571633106,0.438265867829758,5.680611081654295,0.0570878123209814,44511.0,,,,61.34783160944707,0,0,1
2020,8,Georgia,119,Parsley,5.721386138613861,1.0842112614273753,3.21,9.1,54336.0,537.980198019802,63001.0,3.9644554455445546,101,,,,,,No Match,1,1,1,0,0,1,,,,,,5.673146067415732,0.8503230945383298,18.950150106282653,44.31707499812689,0.4414694370303874,5.697266103014796,0.034110881469118885,52320.0,,,,62.380048067251444,0,0,1
2020,9,North Carolina,119,Parsley,5.77139240506329,1.2719495778762324,3.15,8.96,36763.0,465.3544303797468,43459.0,3.9448101265822784,79,,,,,,No Match,1,1,1,0,0,1,,,,,,5.706625,1.1349511324695467,22.038868415191118,46.30342703118981,0.8342305946971981,5.739008702531645,0.04579747132010848,37529.5,,,,60.670460542517695,0,0,1
2021,1,California,119,Parsley,5.954777777777778,1.3723450181855967,3.15,9.65,42880.0,476.44444444444446,50042.0,4.036333333333333,90,,,,,,No Match,1,2,2,0,0,2,,,,,,5.618461538461538,5.98591335037119,23.046116402646557,47.52938585625019,2.274583102504222,5.786619658119658,0.23781149344367092,36135.333333333336,,,,63.51475614983613,0,0,1
2021,10,Michigan,119,Parsley,5.643033707865169,0.9657150018302292,3.73,8.62,44388.0,498.7415730337079,53677.0,3.844943820224721,89,,,,,,No Match,1,2,2,0,0,2,,,,,,5.694756097560975,-0.9082459162378956,17.11340126294534,46.76504967855051,-0.17392926381015217,5.668894902713072,0.03657325249307771,40851.666666666664,,,,60.38467585092207,0,0,1
2021,11,New Jersey,119,Parsley,5.739302325581397,1.231015640649598,3.53,9.14,44602.0,518.6279069767442,51940.0,3.9191860465116273,86,,,,,,No Match,1,2,2,0,0,2,,,,,,5.808987341772151,-1.199606955409468,21.448872542620325,46.44118083370426,0.5821874476713282,5.774144833676774,0.04927474749557671,47271.666666666664,,,,61.44242474499931,0,0,1
2021,12,Virginia,119,Parsley,5.742469135802468,1.1741087373665584,3.06,9.24,48136.0,594.2716049382716,57865.0,3.9367901234567917,81,,,,,,No Match,1,2,2,0,0,2,,,,,,5.828809523809523,-1.4812696770133325,20.4460609121321,45.86678374310076,0.6070603313487516,5.785639329805996,0.06105187385006673,46390.666666666664,,,,61.91419042941531,0,0,1
2021,13,Washington,119,Parsley,5.738987341772152,1.1949215132863906,3.42,8.65,39401.0,498.746835443038,46207.0,3.89,79,,,,,,No Match,1,2,2,0,0,2,,,,,,5.963125000000001,-3.7587281539100537,20.821121255817385,47.53180827177768,0.5797134896186805,5.851056170886077,0.15848925805218475,36377.0,,,,60.72750693430226,0,0,1
2021,14,Arizona,119,Parsley,5.944951456310681,1.2841827139151372,3.07,8.81,55821.0,541.9514563106796,66363.0,4.039611650485438,103,,,,,,No Match,1,2,2,0,0,2,,,,,,5.761384615384615,3.1861584181671927,21.601231285950238,47.16641030571045,2.197404827278933,5.8531680358476486,0.12980135801981385,44315.0,,,,64.97786365312437,0,0,1
2021,15,Massachusetts,119,Parsley,5.641195652173913,1.0695196029432044,3.29,8.64,39634.0,430.80434782608694,45831.0,3.8817391304347835,92,,,,,,No Match,1,2,2,0,0,2,,,,,,5.703055555555555,-1.084680006691895,18.95909429291023,45.32650089605731,-0.18836579211773838,5.672125603864734,0.04374155716470404,38874.333333333336,,,,59.72597757627531,0,0,1
2021,2,Texas,119,Parsley,5.526979166666667,1.1691527474756342,3.34,7.88,45086.0,469.6458333333333,52939.0,3.825833333333333,96,,,,,,No Match,1,2,2,0,0,2,,,,,,5.6566265060240974,-2.29195509407172,21.15355806887821,44.46471357002833,-1.0854493429928356,5.591802836345382,0.09167451282243264,42596.0,,,,59.229038967897644,0,0,1
2021,3,Florida,119,Parsley,5.592911392405062,1.2056832852601584,2.63,9.69,29434.0,372.5822784810127,35478.0,3.875063291139242,79,,,,,,No Match,1,2,2,0,0,2,,,,,,5.720930232558138,-2.237727693732629,21.55734644567095,44.33083983928388,-0.5676018981181131,5.6569208124816,0.09052298999187669,40304.333333333336,,,,57.55072109532822,0,0,1
2021,4,New York,119,Parsley,5.563670886075951,1.0491671632534083,3.37,8.15,40105.0,507.65822784810126,47151.0,3.8992405063291136,79,,,,,,No Match,1,2,2,0,0,2,,,,,,5.644415584415585,-1.43052362343007,18.857462720865296,42.686014803272364,-0.7972638171537884,5.6040432352457685,0.057095123740816926,44170.0,,,,58.9709123817607,0,0,1
2021,5,Illinois,119,Parsley,5.594646464646467,1.1051487231445303,3.4,8.42,54729.0,552.8181818181819,64051.0,3.863737373737373,99,,,,,,No Match,1,2,2,0,0,2,,,,,,5.5105194805194815,1.5266615865235065,19.753682920416065,44.798828788789926,-0.5539742264170294,5.552582972582974,0.05948676095696457,45019.0,,,,61.038528824904006,0,0,1
2021,6,Pennsylvania,119,Parsley,5.595833333333333,1.2502570418448882,3.13,8.69,41248.0,491.04761904761904,48317.0,3.9354761904761904,84,,,,,,No Match,1,2,2,0,0,2,,,,,,5.459896907216495,2.489725143659159,22.342642594398598,42.189485147316844,-0.544652276338564,5.527865120274914,0.09612156871748016,47173.666666666664,,,,59.46905927569615,0,0,1
2021,7,Ohio,119,Parsley,5.619090909090908,1.2178250477346704,3.45,8.87,33554.0,435.76623376623377,38887.0,3.8518181818181816,77,,,,,,No Match,1,2,2,0,0,2,,,,,,5.720978260869566,-1.7809428236346927,21.6729906569833,45.88151994335614,-0.3619817226729252,5.670034584980237,0.07204523735982787,40858.666666666664,,,,58.55621575089386,0,0,1
2021,8,Georgia,119,Parsley,5.903421052631582,1.183819302237836,3.73,8.85,33050.0,434.86842105263156,38653.0,4.030526315789472,76,,,,,,No Match,1,2,2,0,0,2,,,,,,5.721386138613861,3.181657549543109,20.053106354494606,46.4677461478194,1.8712151197576008,5.812403595622721,0.12871812211464054,45896.666666666664,,,,61.42986071561829,0,0,1
2021,9,North Carolina,119,Parsley,5.742048192771085,1.1188700299814078,3.36,8.42,37316.0,449.5903614457831,44591.0,3.987349397590363,83,,,,,,No Match,1,2,2,0,0,2,,,,,,5.77139240506329,-0.5084425080239089,19.485556240889828,44.006647529838304,0.603754144263481,5.7567202989171875,0.02074949150039593,37458.333333333336,,,,60.44771422981725,0,0,1
2022,1,California,119,Parsley,5.828494623655912,1.1896162573051419,3.46,8.61,41269.0,443.752688172043,49590.0,3.8991397849462346,93,,,,,,No Match,1,3,3,1,0,3,,,,,,5.954777777777778,-2.1207030528180857,20.410351799534773,49.48155093486296,1.282725054935737,5.891636200716845,0.08929567462919757,38758.0,,,,61.94460626972911,0,0,1
2022,10,Michigan,119,Parsley,5.773548387096775,1.2495648330878082,3.5,9.87,41383.0,444.97849462365593,49120.0,3.933440860215053,93,,,,,,No Match,1,3,3,1,0,3,,,,,,5.643033707865169,2.3128459971751827,21.642926486603002,46.78111587982837,0.8511641924141303,5.708291047480972,0.09228781472905558,40575.333333333336,,,,61.37656991932537,0,0,1
2022,11,New Jersey,119,Parsley,5.747499999999998,1.3255796823476413,3.67,9.58,45400.0,515.9090909090909,52991.0,3.9370454545454536,88,,,,,,No Match,1,3,3,1,0,3,,,,,,5.739302325581397,0.14283398841113573,23.06358733967189,45.98510650580152,0.646573940073863,5.743401162790697,0.005796631171352238,44116.333333333336,,,,61.632105885231255,0,0,1
2022,12,Virginia,119,Parsley,5.598472222222223,1.2370132814050367,3.64,9.02,28298.0,393.02777777777777,33268.0,3.9330555555555557,72,,,,,,No Match,1,3,3,1,0,3,,,,,,5.742469135802468,-2.5075783635034252,22.095550934323015,42.34409209689951,-0.5239258128661796,5.670470679012345,0.10182119406252435,40142.333333333336,,,,57.38759717397775,0,0,1
2022,13,Washington,119,Parsley,5.6101515151515144,1.1575683962836025,3.32,8.07,27907.0,422.8333333333333,32522.0,3.8272727272727285,66,,,,,,No Match,1,3,3,1,0,3,,,,,,5.738987341772152,-2.2449226483370124,20.63346048956647,46.58353127474261,-0.43219385730662463,5.674569428461833,0.09110068666322696,35115.0,,,,57.42926222138549,0,0,1
2022,14,Arizona,119,Parsley,5.75558823529412,1.198937816411143,3.07,7.87,36943.0,543.2794117647059,43880.0,3.9416176470588233,68,,,,,,No Match,1,3,3,1,0,3,,,,,,5.944951456310681,-3.1852778346162762,20.830847645755455,46.02096780211176,0.7101008714598214,5.8502698458024005,0.1339000176881377,42440.0,,,,60.532433913167196,0,0,1
2022,15,Massachusetts,119,Parsley,5.8584931506849305,1.3056806135252863,2.89,9.06,31784.0,435.3972602739726,36634.0,3.9263013698630154,73,,,,,,No Match,1,3,3,1,0,3,,,,,,5.641195652173913,3.851975926899097,22.28697004404001,49.2114995464377,1.518340649555897,5.749844401429422,0.1536525347320143,35710.666666666664,,,,60.733532460136786,0,0,1
2022,2,Texas,119,Parsley,5.601777777777778,1.0728965077557844,3.65,8.42,35837.0,398.18888888888887,41946.0,3.865555555555553,90,,,,,,No Match,1,3,3,1,0,3,,,,,,5.526979166666667,1.3533362231980806,19.152785960413475,44.91520551882736,-0.49796319020078095,5.564378472222223,0.05289060514000232,38672.666666666664,,,,58.74452188308818,0,0,1
2022,3,Florida,119,Parsley,5.6023595505618,1.2188202403739656,3.32,8.27,37270.0,418.76404494382024,42942.0,3.924382022471911,89,,,,,,No Match,1,3,3,1,0,3,,,,,,5.592911392405062,0.16893094658298335,21.755480514486855,42.7577518824978,-0.4933938078338276,5.59763547148343,0.006680856702351997,36165.333333333336,,,,58.970273171101184,0,0,1
2022,4,New York,119,Parsley,5.4925352112676045,1.2456538366999523,3.49,8.64,35903.0,505.67605633802816,41695.0,3.866478873239437,71,,,,,,No Match,1,3,3,1,0,3,,,,,,5.563670886075951,-1.2785744567741464,22.679032337281495,42.05522366312104,-1.3559803935530832,5.5281030486717775,0.05030051804126317,38101.0,,,,57.609026725978254,0,0,1
2022,5,Illinois,119,Parsley,5.646666666666668,1.386998834089548,3.44,9.65,41380.0,551.7333333333333,49425.0,3.8262666666666676,75,,,,,,No Match,1,3,3,1,0,3,,,,,,5.594646464646467,0.929821077148052,24.563143460853855,47.576401714464936,-0.1453951378706436,5.620656565656567,0.036783837607178405,43555.333333333336,,,,60.027325455526025,0,0,1
2022,6,Pennsylvania,119,Parsley,5.5047999999999995,1.056107539569307,3.45,8.92,29860.0,398.1333333333333,35491.0,3.870266666666668,75,,,,,,No Match,1,3,3,1,0,3,,,,,,5.595833333333333,-1.626805658972457,19.185211807319195,42.23309332690247,-1.259649814145684,5.550316666666666,0.06437028731401567,40428.333333333336,,,,56.72315776191721,0,0,1
2022,7,Ohio,119,Parsley,5.584285714285713,1.2519914962837877,3.39,9.22,33545.0,435.64935064935065,39826.0,3.9024675324675333,77,,,,,,No Match,1,3,3,1,0,3,,,,,,5.619090909090908,-0.6194097117895981,22.419904000988787,43.096276082398674,-0.63535003378913,5.60168831168831,0.02461098926727254,37500.0,,,,58.192014865979445,0,0,1
2022,8,Georgia,119,Parsley,5.602795698924732,1.3136593145728117,10.32,8.36,38459.0,413.5376344086022,45610.0,3.829032258064517,93,,,,,,No Match,1,3,3,1,0,3,,,,,,5.903421052631582,-5.092392208291483,23.446496805602322,46.32406627351865,-0.4899681944436938,5.753108375778156,0.21257422620271785,41948.333333333336,,,,59.150809746392824,0,0,1
2022,9,North Carolina,119,Parsley,5.8037037037037,1.1706210365063119,3.63,8.52,36553.0,451.2716049382716,42422.0,3.90925925925926,81,,,,,,No Match,1,3,3,1,0,3,,,,,,5.742048192771085,1.073754675382839,20.170241216126637,48.46044528659392,1.0880112498188792,5.772875948237393,0.04359702987797363,36877.333333333336,,,,60.97687934318013,0,0,1
2023,1,California,119,Parsley,5.701486486486486,1.120318793221385,3.23,7.91,28479.0,384.85135135135135,33880.0,4.00418918918919,74,,,,,,No Match,1,4,4,1,0,4,,,,,,5.828494623655912,-2.1790898914780237,19.649591310559718,42.38803955317063,0.28517281739335487,5.764990555071199,0.08980831505837236,37542.666666666664,,,,58.479903812014015,0,0,1
2023,10,Michigan,119,Parsley,5.557195121951219,1.2084642579290295,3.27,9.12,28906.0,352.5121951219512,33675.0,3.8231707317073176,82,,,,,,No Match,1,4,4,1,0,4,,,,,,5.773548387096775,-3.747318817472474,21.745938938791813,45.35566188197764,-0.848126014934125,5.665371754523997,0.15298486091627375,38225.666666666664,,,,57.08261391383325,0,0,1
2023,11,New Jersey,119,Parsley,5.768717948717949,1.2087541713213017,3.26,8.96,36481.0,467.70512820512823,43779.0,3.923205128205129,78,,,,,,No Match,1,4,4,1,0,4,,,,,,5.747499999999998,0.3691683117520898,20.953601511925843,47.04094637430147,0.8132247759287099,5.758108974358974,0.015003355421331813,42161.0,,,,60.597926119107655,0,0,1
2023,12,Virginia,119,Parsley,5.755128205128205,1.3125238338860041,3.63,9.68,41087.0,526.7564102564103,48028.0,3.943846153846154,78,,,,,,No Match,1,4,4,1,0,4,,,,,,5.598472222222223,2.7981916617208844,22.80616151550642,45.92679279630714,0.70648768468634,5.6768002136752145,0.11077250782626384,39173.666666666664,,,,61.1394398159818,0,0,1
2023,13,Washington,119,Parsley,5.477564102564102,1.141030732364879,3.71,9.62,25099.0,321.78205128205127,29685.0,3.875256410256411,78,,,,,,No Match,1,4,4,1,0,4,,,,,,5.6101515151515144,-2.363348159658954,20.83098820935297,41.34713997419522,-1.4735670562544396,5.543857808857808,0.0937534585405378,30802.333333333332,,,,55.49113756676239,0,0,1
2023,14,Arizona,119,Parsley,5.442077922077921,1.159647561775761,3.37,9.85,40296.0,523.3246753246754,47735.0,3.923376623376624,77,,,,,,No Match,1,4,4,1,0,4,,,,,,5.75558823529412,-5.4470594559511225,21.308911382382018,38.70903674280035,-1.7522839915213588,5.59883307868602,0.2216852684470926,44353.333333333336,,,,57.707970083750595,0,0,1
2023,15,Massachusetts,119,Parsley,5.538292682926829,1.1615260341868998,3.36,9.12,28485.0,347.3780487804878,33934.0,3.8250000000000006,82,,,,,,No Match,1,4,4,1,0,4,,,,,,5.8584931506849305,-5.465577231590106,20.97263724915792,44.79196556671447,-0.996590284736263,5.698392916805879,0.22641592209085798,33301.0,,,,56.80719857884106,0,0,1
2023,2,Texas,119,Parsley,5.83551282051282,1.1049189280195346,3.59,9.19,30487.0,390.85897435897436,36099.0,3.9116666666666666,78,,,,,,No Match,1,4,4,1,0,4,,,,,,5.601777777777778,4.172515440763594,18.934392948903422,49.1822621349677,1.3378476489218403,5.718645299145299,0.16527563371887535,37136.666666666664,,,,60.252185979450836,0,0,1
2023,3,Florida,119,Parsley,5.693218390804598,1.1422341370506717,2.91,8.85,36051.0,414.37931034482756,41443.0,3.94919540229885,87,,,,,,No Match,1,4,4,1,0,4,,,,,,5.6023595505618,1.621795949060205,20.063065539441645,44.16147622096751,0.2202332195731074,5.647788970683199,0.06424690206642819,34251.666666666664,,,,59.73733292186056,0,0,1
2023,4,New York,119,Parsley,5.397333333333333,1.0366295871240125,3.48,8.79,37971.0,506.28,44528.0,3.8590666666666666,75,,,,,,No Match,1,4,4,1,0,4,,,,,,5.4925352112676045,-1.7332957236026538,19.20632881282138,39.86110631240714,-2.1037186760607844,5.444934272300468,0.06731789346901723,37993.0,,,,56.91274441014245,0,0,1
2023,5,Illinois,119,Parsley,5.86038961038961,1.1819023932876422,3.49,8.19,38521.0,500.27272727272725,46982.0,3.9567532467532462,77,,,,,,No Match,1,4,4,1,0,4,,,,,,5.646666666666668,3.7849399714806595,20.167641946404093,48.111070994846884,1.5332358969311732,5.753528138528139,0.15112494280164268,44876.666666666664,,,,61.87976473405104,0,0,1
2023,6,Pennsylvania,119,Parsley,5.50925,0.9220447489072002,3.8,7.38,33598.0,419.975,38946.0,3.7596250000000007,80,,,,,,No Match,1,4,4,1,0,4,,,,,,5.5047999999999995,0.08083854090975671,16.736302562185422,46.53722113242674,-1.2246984515322619,5.507025,0.0031466251762803394,34902.0,,,,57.41878953696835,0,0,1
2023,7,Ohio,119,Parsley,5.6348192771084324,1.167860626338045,3.03,8.56,34277.0,412.9759036144578,40086.0,3.9407228915662658,83,,,,,,No Match,1,4,4,1,0,4,,,,,,5.584285714285713,0.904924379020307,20.72578673609822,42.98948269536499,-0.23844736449364287,5.609552495697073,0.035732624949461514,33792.0,,,,58.8402424672664,0,0,1
2023,8,Georgia,119,Parsley,5.674455445544553,1.120381609316687,3.06,8.99,48494.0,480.13861386138615,57618.0,3.8831683168316826,101,,,,,,No Match,1,4,4,1,0,4,,,,,,5.602795698924732,1.2789998149240767,19.744301811310965,46.12952575216725,0.07286456710578473,5.638625572234643,0.05067109277298552,40001.0,,,,61.22292536421483,0,0,1
2023,9,North Carolina,119,Parsley,5.604457831325302,1.2106189235585927,3.34,8.45,34802.0,419.30120481927713,41285.0,3.9502409638554217,83,,,,,,No Match,1,4,4,1,0,4,,,,,,5.8037037037037,-3.433081400265959,21.600999775429024,41.876353432763004,-0.4769134096697971,5.704080767514501,0.14088810748219485,36223.666666666664,,,,58.60838725381273,0,0,1
2019,1,California,120,Oregano,13.442405063291137,2.7264926352789667,10.32,9.9,43726.0,553.493670886076,52160.0,9.12012658227848,79,,,,,,No Match,1,4,0,0,0,0,,,,,,,,20.2827739711887,47.392746603006266,-0.47236453111916044,13.442405063291137,,43726.0,,,,143.64179060311687,0,0,1
2019,10,Michigan,120,Oregano,13.84102564102564,3.2199546619957293,10.28,9.97,31554.0,404.53846153846155,36838.0,9.35782051282051,78,,,,,,No Match,1,4,0,0,0,0,,,,,,,,23.263844353062886,47.90864627145816,0.9592565277041464,13.84102564102564,,31554.0,,,,143.3859298180282,0,0,1
2019,11,New Jersey,120,Oregano,13.561250000000006,2.675076486855341,10.09,9.9,51213.0,533.46875,60365.0,9.339166666666669,96,,,,,,No Match,1,4,0,0,0,0,,,,,,,,19.725884316381894,45.20835192290536,-0.04554031874680895,13.561250000000006,,51213.0,,,,147.05505165346315,0,0,1
2019,12,Virginia,120,Oregano,13.474556962025316,2.7099833462769363,10.03,9.94,46040.0,582.7848101265823,55179.0,9.365949367088604,79,,,,,,No Match,1,4,0,0,0,0,,,,,,,,20.11185491229396,43.86749739833229,-0.35689298278463644,13.474556962025316,,46040.0,,,,144.6801931526679,0,0,1
2019,13,Washington,120,Oregano,12.928552631578949,2.7854683407270997,10.09,9.96,35018.0,460.7631578947368,41920.0,9.117763157894741,76,,,,,,No Match,1,4,0,0,0,0,,,,,,,,21.545090313693635,41.795223320585855,-2.3178336399836295,12.928552631578949,,35018.0,,,,135.2797986797853,0,0,1
2019,14,Arizona,120,Oregano,13.92220930232558,3.03706297796864,10.35,9.98,49332.0,573.6279069767442,57978.0,9.410697674418603,86,,,,,,No Match,1,4,0,0,0,0,,,,,,,,21.814518888617236,47.94024613255573,1.2508226074331845,13.92220930232558,,49332.0,,,,150.44824571248415,0,0,1
2019,15,Massachusetts,120,Oregano,13.49358024691358,2.6545773244727564,10.27,9.93,42644.0,526.4691358024692,50836.0,9.462345679012344,81,,,,,,No Match,1,4,0,0,0,0,,,,,,,,19.672890929595532,42.602909517907264,-0.2885720360617755,13.49358024691358,,42644.0,,,,143.8505428831235,0,0,1
2019,2,Texas,120,Oregano,13.618705882352943,3.032390926957401,10.1,9.99,36647.0,431.1411764705882,43263.0,9.299882352941173,85,,,,,,No Match,1,4,0,0,0,0,,,,,,,,22.26636622563939,46.439550152437164,0.16080891589938492,13.618705882352943,,36647.0,,,,143.12053449635903,0,0,1
2019,3,Florida,120,Oregano,13.593170731707321,2.788898573709957,10.05,9.99,28081.0,342.4512195121951,32435.0,9.377560975609754,82,,,,,,No Match,1,4,0,0,0,0,,,,,,,,20.516909768554548,44.954223886808236,0.06910100756143164,13.593170731707321,,28081.0,,,,139.23327209369666,0,0,1
2019,4,New York,120,Oregano,13.447261904761909,2.8631793564087116,10.06,9.97,41320.0,491.9047619047619,48142.0,9.348928571428573,84,,,,,,No Match,1,4,0,0,0,0,,,,,,,,21.291913377509292,43.837465459500095,-0.45492148648648933,13.447261904761909,,41320.0,,,,142.93264281215522,0,0,1
2019,5,Illinois,120,Oregano,13.721882352941178,3.0053842532701074,10.07,9.85,42469.0,499.63529411764705,49131.0,9.522941176470589,85,,,,,,No Match,1,4,0,0,0,0,,,,,,,,21.902128118930612,44.09290258817716,0.5313608048878167,13.721882352941178,,42469.0,,,,146.2279696180791,0,0,1
2019,6,Pennsylvania,120,Oregano,13.7031884057971,2.4819397612929945,10.4,9.96,42054.0,609.4782608695652,50625.0,9.489855072463767,69,,,,,,No Match,1,4,0,0,0,0,,,,,,,,18.112133379433185,44.39828955406231,0.4642226542281274,13.7031884057971,,42054.0,,,,145.89419593924947,0,0,1
2019,7,Ohio,120,Oregano,13.205952380952382,2.267002755111032,10.21,9.96,41403.0,492.89285714285717,49136.0,9.075476190476191,84,,,,,,No Match,1,4,0,0,0,0,,,,,,,,17.166522259923074,45.512500983813,-1.3215696609077179,13.205952380952382,,41403.0,,,,140.39423316247132,0,0,1
2019,8,Georgia,120,Oregano,13.53634408602151,3.095727344803057,10.04,9.75,45950.0,494.0860215053763,53829.0,9.547419354838707,93,,,,,,No Match,1,4,0,0,0,0,,,,,,,,22.869744778428778,41.780135374080785,-0.13498836265739209,13.53634408602151,,45950.0,,,,145.31713280883858,0,0,1
2019,9,North Carolina,120,Oregano,13.514606741573033,2.5609976998409034,10.22,9.79,48338.0,543.123595505618,56446.0,9.170337078651684,89,,,,,,No Match,1,4,0,0,0,0,,,,,,,,18.94984995725311,47.37306410507745,-0.21305668580367507,13.514606741573033,,48338.0,,,,145.76846678425045,0,0,1
2020,1,California,120,Oregano,13.868863636363637,2.8222634723972893,10.06,9.94,38394.0,436.29545454545456,46596.0,9.32215909090909,88,,,,,,No Match,1,1,1,0,0,1,,,,,,13.442405063291137,3.1724871484276567,20.349637478570493,48.773084658987045,1.0592349597956408,13.655634349827388,0.3015517489147035,41060.0,,,,146.39532148310087,0,0,1
2020,10,Michigan,120,Oregano,13.68035294117647,2.912159829739704,10.03,9.94,36870.0,433.7647058823529,43287.0,9.502,85,,,,,,No Match,1,1,1,0,0,1,,,,,,13.84102564102564,-1.1608438855349483,21.287168849090136,43.97340497975656,0.3822105006541509,13.760689291101055,0.11361275561489927,34212.0,,,,143.85138202854694,0,0,1
2020,11,New Jersey,120,Oregano,13.205512820512821,3.0898046201568463,10.17,9.99,38142.0,489.0,45610.0,9.227435897435898,78,,,,,,No Match,1,1,1,0,0,1,,,,,,13.561250000000006,-2.6231887140727097,23.397838934034347,43.11140133937255,-1.3231483149387724,13.383381410256414,0.2515441719355649,44677.5,,,,139.3062427253022,0,0,1
2020,12,Virginia,120,Oregano,13.809493670886074,3.063960441405517,10.17,9.98,43835.0,554.873417721519,52222.0,9.653924050632913,79,,,,,,No Match,1,1,1,0,0,1,,,,,,13.474556962025316,2.4856973762083108,22.18734817095521,43.04539375344185,0.8460114144324054,13.642025316455694,0.23683601810374608,44937.5,,,,147.5987776913738,0,0,1
2020,13,Washington,120,Oregano,13.682959183673473,3.1302772214059464,10.06,9.68,42283.0,431.4591836734694,48578.0,9.432346938775513,98,,,,,,No Match,1,1,1,0,0,1,,,,,,12.928552631578949,5.835197284588765,22.877194760187532,45.06420589158021,0.39157065878827546,13.30575590762621,0.5334459887576005,38650.5,,,,145.7531258166383,0,0,1
2020,14,Arizona,120,Oregano,13.611000000000002,2.794144780819307,10.0,9.77,49511.0,550.1222222222223,60327.0,9.439888888888888,90,,,,,,No Match,1,1,1,0,0,1,,,,,,13.92220930232558,-2.2353442299821844,20.52857821482115,44.18601913864339,0.13313371780503996,13.76660465116279,0.22005820804275042,49421.5,,,,147.13450634427872,0,0,1
2020,15,Massachusetts,120,Oregano,14.12735849056604,3.0337631203277153,10.11,9.93,44951.0,424.0660377358491,52861.0,9.666415094339621,106,,,,,,No Match,1,1,1,0,0,1,,,,,,13.49358024691358,4.696887201581842,21.474383355909033,46.14889131792634,1.987603181468583,13.81046936873981,0.4481488938551541,43797.5,,,,151.35134361184976,0,0,1
2020,2,Texas,120,Oregano,13.201410256410258,2.758991310294951,10.05,9.96,35169.0,450.88461538461536,41783.0,9.250384615384615,78,,,,,,No Match,1,1,1,0,0,1,,,,,,13.618705882352943,-3.0641356788783813,20.899216498140852,42.71201474644161,-1.3378824192285768,13.4100580693816,0.2950725668635579,35908.0,,,,138.19168566797032,0,0,1
2020,3,Florida,120,Oregano,13.69333333333333,2.754691839713282,10.07,9.29,33629.0,386.5402298850575,39672.0,9.291149425287358,87,,,,,,No Match,1,1,1,0,0,1,,,,,,13.593170731707321,0.7368597334863909,20.11702901445922,47.380401568666194,0.428828773271084,13.643252032520326,0.07082565483103742,30855.0,,,,142.72799329949518,0,0,1
2020,4,New York,120,Oregano,13.994210526315788,2.5322844827851365,10.29,9.7,46320.0,609.4736842105264,54488.0,9.609736842105264,76,,,,,,No Match,1,1,1,0,0,1,,,,,,13.447261904761909,4.067360518650975,18.09522929516627,45.62532519100691,1.5094105336041455,13.72073621553885,0.3867510792613825,43820.0,,,,150.34471146728072,0,0,1
2020,5,Illinois,120,Oregano,13.209382716049383,2.471769783818374,10.01,9.88,43069.0,531.716049382716,49834.0,9.323827160493828,81,,,,,,No Match,1,1,1,0,0,1,,,,,,13.721882352941178,-3.734907673085713,18.712227792561244,41.673397508043905,-1.309249825359846,13.465632534495281,0.36239196860183115,42769.0,,,,140.95180115101735,0,0,1
2020,6,Pennsylvania,120,Oregano,13.433690476190474,2.577348399132452,10.02,9.39,42365.0,504.3452380952381,51346.0,9.217857142857142,84,,,,,,No Match,1,1,1,0,0,1,,,,,,13.7031884057971,-1.9666804660776274,19.18570629344541,45.735503034999354,-0.5036624296952046,13.568439440993787,0.1905638135405799,42209.5,,,,143.12390094942575,0,0,1
2020,7,Ohio,120,Oregano,13.7547311827957,3.071504231182051,10.25,9.77,42595.0,458.01075268817203,49574.0,9.574193548387099,93,,,,,,No Match,1,1,1,0,0,1,,,,,,13.205952380952382,4.155541274212446,22.33052896754436,43.66464510332433,0.6493353380760153,13.480341781874042,0.38804521215483845,41999.0,,,,146.61877204507454,0,0,1
2020,8,Georgia,120,Oregano,13.568749999999996,3.178661219426714,10.08,9.76,35770.0,496.80555555555554,41825.0,9.24625,72,,,,,,No Match,1,1,1,0,0,1,,,,,,13.53634408602151,0.23939930732073275,23.426337867723372,46.74868189806675,-0.018604534342042678,13.552547043010753,0.022914441524735714,40860.0,,,,142.26688902057157,0,0,1
2020,9,North Carolina,120,Oregano,13.108507462686568,2.8406450685093505,10.03,9.88,34387.0,513.2388059701492,40677.0,9.320149253731344,67,,,,,,No Match,1,1,1,0,0,1,,,,,,13.514606741573033,-3.004891571407999,21.670240312219075,40.64696933301305,-1.6715370355412764,13.3115571021298,0.2871555539355865,41362.5,,,,136.9244289696068,0,0,1
2021,1,California,120,Oregano,13.006627906976744,2.703830664061254,10.21,9.89,37941.0,441.1744186046512,44585.0,9.266627906976744,86,,,,,,No Match,1,2,2,0,0,2,,,,,,13.868863636363637,-6.217061123350747,20.78809883237239,40.35988104350445,-2.037431135255539,13.43774577167019,0.6096927312308005,40020.333333333336,,,,137.1394648579489,0,0,1
2021,10,Michigan,120,Oregano,13.277926829268292,3.049585172277536,10.04,9.78,42463.0,517.8414634146342,49391.0,9.11329268292683,82,,,,,,No Match,1,2,2,0,0,2,,,,,,13.68035294117647,-2.941635450770539,22.967329248685047,45.6984570916244,-1.063077897908782,13.47913988522238,0.28455823265680846,36962.333333333336,,,,141.49505796377898,0,0,1
2021,11,New Jersey,120,Oregano,13.759764705882358,2.588333245854683,10.12,9.92,53097.0,624.6705882352941,62572.0,9.297999999999998,85,,,,,,No Match,1,2,2,0,0,2,,,,,,13.205512820512821,4.197125040904037,18.810883043284594,47.9862842103932,0.6674129237638566,13.482638763197588,0.39191526663022835,47484.0,,,,149.70478891911856,0,0,1
2021,12,Virginia,120,Oregano,13.806097560975608,3.1947819168978007,10.07,9.89,34543.0,421.2560975609756,40868.0,9.296219512195119,82,,,,,,No Match,1,2,2,0,0,2,,,,,,13.809493670886074,-0.024592573713437385,23.140368976735243,48.51303309764004,0.8338144965172979,13.807795615930841,0.002401412347344731,41472.666666666664,,,,144.27356975406667,0,0,1
2021,13,Washington,120,Oregano,13.634657534246577,2.689030743487626,10.31,9.96,31067.0,425.5753424657534,38013.0,9.457671232876711,73,,,,,,No Match,1,2,2,0,0,2,,,,,,13.682959183673473,-0.35300587233008945,19.722026290235064,44.165061340363,0.21809828340703688,13.658808358960025,0.03415442385225392,36122.666666666664,,,,141.0359925957478,0,0,1
2021,14,Arizona,120,Oregano,13.44694736842105,2.5507308396515267,10.21,9.82,54745.0,576.2631578947369,64176.0,9.269789473684208,95,,,,,,No Match,1,2,2,0,0,2,,,,,,13.611000000000002,-1.2052944793105027,18.968846755819758,45.06205784495192,-0.4560511242284706,13.528973684210527,0.1160027282609757,51196.0,,,,146.71237581350775,0,0,1
2021,15,Massachusetts,120,Oregano,13.576470588235292,2.4839746882971334,10.02,9.85,41396.0,487.01176470588234,48384.0,9.356941176470587,85,,,,,,No Match,1,2,2,0,0,2,,,,,,14.12735849056604,-3.8994402435431925,18.296174047249252,45.095179420122214,0.009123479015849987,13.851914539400667,0.38953657141170456,42997.0,,,,144.3309659083093,0,0,1
2021,2,Texas,120,Oregano,13.485061728395063,3.064219363662134,10.42,9.82,32360.0,399.5061728395062,38982.0,9.198148148148148,81,,,,,,No Match,1,2,2,0,0,2,,,,,,13.201410256410258,2.1486452316491875,22.723065161873937,46.60626803570233,-0.3191657664968573,13.343235992402661,0.2005718793340022,34725.333333333336,,,,140.03844557842874,0,0,1
2021,3,Florida,120,Oregano,13.869634146341463,2.7770103140340936,10.0,9.57,32032.0,390.6341463414634,37310.0,9.41768292682927,82,,,,,,No Match,1,2,2,0,0,2,,,,,,13.69333333333333,1.2874937658821801,20.02223191133426,47.272256393654864,1.0620021985482382,13.781483739837396,0.12466350040675245,31247.333333333332,,,,143.8908232018782,0,0,1
2021,4,New York,120,Oregano,13.798023255813952,2.9156509997587134,10.03,9.92,44409.0,516.3837209302326,50740.0,9.433953488372092,86,,,,,,No Match,1,2,2,0,0,2,,,,,,13.994210526315788,-1.4019173867143884,21.130932639428412,46.25918256668145,0.8048161307769016,13.896116891064871,0.13872534935432787,44016.333333333336,,,,147.65568171203245,0,0,1
2021,5,Illinois,120,Oregano,13.845604395604393,3.1175268719473457,10.16,9.8,49949.0,548.8901098901099,57926.0,9.44692307692308,91,,,,,,No Match,1,2,2,0,0,2,,,,,,13.209382716049383,4.816437627944581,22.516365359514943,46.56205288075651,0.9757008405275885,13.527493555826888,0.4498766639512425,45162.333333333336,,,,149.7925172422795,0,0,1
2021,6,Pennsylvania,120,Oregano,13.040439560439564,2.655467279276186,10.05,9.99,46323.0,509.04395604395603,54291.0,9.18989010989011,91,,,,,,No Match,1,2,2,0,0,2,,,,,,13.433690476190474,-2.927348344432214,20.363326458197058,41.899842158128905,-1.9159986808496132,13.237065018315018,0.27807038923528804,43580.666666666664,,,,140.09886003495157,0,0,1
2021,7,Ohio,120,Oregano,13.552948717948716,2.6702177103585805,10.18,9.64,38874.0,498.38461538461536,45578.0,9.567692307692308,78,,,,,,No Match,1,2,2,0,0,2,,,,,,13.7547311827957,-1.4670040596603697,19.70211624000542,41.65326687034355,-0.07535385789574474,13.653839950372209,0.14268174921783833,40957.333333333336,,,,143.22900746623608,0,0,1
2021,8,Georgia,120,Oregano,14.054588235294114,2.820310077912397,10.12,9.21,41606.0,489.4823529411765,48122.0,9.414470588235295,85,,,,,,No Match,1,2,2,0,0,2,,,,,,13.568749999999996,3.5805673720432454,20.066828217919525,49.28707996451015,1.7262533271902991,13.811669117647055,0.3435395107361761,41108.666666666664,,,,149.4849335829439,0,0,1
2021,9,North Carolina,120,Oregano,13.207468354430379,2.5651932842427643,10.01,9.52,39316.0,497.67088607594934,45851.0,9.172278481012654,79,,,,,,No Match,1,2,2,0,0,2,,,,,,13.108507462686568,0.7549363802515568,19.42229362512372,43.99332054484486,-1.3161251362721564,13.157987908558473,0.06997591762431671,40680.333333333336,,,,139.72725282129602,0,0,1
2022,1,California,120,Oregano,13.139166666666666,2.267695827530046,10.23,9.31,31437.0,436.625,37692.0,9.204583333333337,72,,,,,,No Match,1,3,3,1,0,3,,,,,,13.006627906976744,1.0190093899651593,17.25905367562666,42.74591462586567,-1.5614264077504991,13.072897286821705,0.09371905574679801,35924.0,,,,136.06622256460065,0,0,1
2022,10,Michigan,120,Oregano,13.208045977011496,2.7501940054528844,10.09,9.99,35706.0,410.41379310344826,41776.0,9.208965517241383,87,,,,,,No Match,1,3,3,1,0,3,,,,,,13.277926829268292,-0.526293397721993,20.822111084709853,43.42594672857531,-1.3140506406305141,13.242986403139895,0.04941322450587584,38346.333333333336,,,,138.46129355403102,0,0,1
2022,11,New Jersey,120,Oregano,13.850833333333336,3.3327194622536878,10.04,9.99,28278.0,392.75,33720.0,9.564583333333335,72,,,,,,No Match,1,3,3,1,0,3,,,,,,13.759764705882358,0.6618472728101665,24.061508661960318,44.81376606403833,0.9944802457719795,13.805299019607848,0.06439524402393806,39839.0,,,,141.9693069703823,0,0,1
2022,12,Virginia,120,Oregano,13.487763157894737,2.6016664396416953,10.11,9.99,31770.0,418.0263157894737,37627.0,9.396578947368424,76,,,,,,No Match,1,3,3,1,0,3,,,,,,13.806097560975608,-2.305752235017357,19.289087517220175,43.53908197272239,-0.30946375015179406,13.646930359435173,0.22509641510345632,36716.0,,,,139.8183233516176,0,0,1
2022,13,Washington,120,Oregano,13.46598130841121,2.7400061492194756,10.15,9.98,43700.0,408.41121495327104,50832.0,9.457383177570092,107,,,,,,No Match,1,3,3,1,0,3,,,,,,13.634657534246577,-1.2371137699036217,20.347615865974763,42.38591220823367,-0.38769191036861245,13.550319421328894,0.11927210311314083,39016.666666666664,,,,143.885710550614,0,0,1
2022,14,Arizona,120,Oregano,13.742804878048771,2.9560990621359595,10.13,9.99,36592.0,446.2439024390244,43273.0,9.269390243902443,82,,,,,,No Match,1,3,3,1,0,3,,,,,,13.44694736842105,2.2001834432885192,21.510158139971146,48.260074464865845,0.6065027549547803,13.594876123234911,0.20920285132272592,46949.333333333336,,,,144.40406480715666,0,0,1
2022,15,Massachusetts,120,Oregano,13.671566265060239,2.798295858557277,10.26,9.86,29850.0,359.6385542168675,35137.0,9.537349397590361,83,,,,,,No Match,1,3,3,1,0,3,,,,,,13.576470588235292,0.7004447599757789,20.467997625910254,43.34765032844869,0.3506536988539355,13.624018426647766,0.06724279794444436,38732.333333333336,,,,140.87145812691895,0,0,1
2022,2,Texas,120,Oregano,14.017037037037035,2.633833918665167,10.09,9.75,34466.0,425.5061728395062,40278.0,9.434197530864195,81,,,,,,No Match,1,3,3,1,0,3,,,,,,13.485061728395063,3.944923051570526,18.79023299792832,48.57688734182187,1.5913905298043378,13.75104938271605,0.3761633481645447,33998.333333333336,,,,146.44660556288653,0,0,1
2022,3,Florida,120,Oregano,13.946818181818182,2.6907592060411325,10.42,9.89,26127.0,395.8636363636364,30713.0,9.510909090909092,66,,,,,,No Match,1,3,3,1,0,3,,,,,,13.869634146341463,0.5564965496734382,19.29299694713845,46.640221754922564,1.339203870427387,13.908226164079823,0.05457735488493125,30596.0,,,,141.84977975413454,0,0,1
2022,4,New York,120,Oregano,13.325795454545458,2.767759258678776,10.0,9.98,35301.0,401.14772727272725,42056.0,9.266931818181819,88,,,,,,No Match,1,3,3,1,0,3,,,,,,13.798023255813952,-3.422430825875837,20.769936534893212,43.79943346944785,-0.8911607018794381,13.561909355179704,0.3339154805417651,42010.0,,,,139.5436642803542,0,0,1
2022,5,Illinois,120,Oregano,13.546027397260275,2.5315178471324424,10.16,9.95,29469.0,403.6849315068493,34757.0,9.287534246575344,73,,,,,,No Match,1,3,3,1,0,3,,,,,,13.845604395604393,-2.163697515720052,18.68826758496332,45.85170872726735,-0.10021135147712627,13.695815896432334,0.21183292701663736,40829.0,,,,139.40390286257656,0,0,1
2022,6,Pennsylvania,120,Oregano,13.925731707317068,2.8989564024708403,10.06,9.96,37335.0,455.3048780487805,43620.0,9.53341463414634,82,,,,,,No Match,1,3,3,1,0,3,,,,,,13.040439560439564,6.78882136429811,20.81726449567908,46.07286310026349,1.2634731062914666,13.483085633878316,0.6259960803882799,42007.666666666664,,,,146.60611073508747,0,0,1
2022,7,Ohio,120,Oregano,13.528470588235296,3.1072589765481298,10.21,9.95,35885.0,422.1764705882353,42261.0,9.181529411764705,85,,,,,,No Match,1,3,3,1,0,3,,,,,,13.552948717948716,-0.18061109964212657,22.968294577587223,47.34441269556529,-0.16326554117487999,13.540709653092005,0.017308651511123676,39118.0,,,,141.88798655307534,0,0,1
2022,8,Georgia,120,Oregano,13.086575342465753,2.862752763793231,10.14,9.82,30956.0,424.05479452054794,36266.0,9.293424657534246,73,,,,,,No Match,1,3,3,1,0,3,,,,,,14.054588235294114,-6.887522256948592,21.875492165651913,40.815424073582754,-1.7503048837823543,13.570581788879934,0.6844884807949404,36110.666666666664,,,,135.31982723464606,0,0,1
2022,9,North Carolina,120,Oregano,13.520352941176466,2.8459534543674057,10.16,9.9,42718.0,502.56470588235294,51432.0,9.492588235294116,85,,,,,,No Match,1,3,3,1,0,3,,,,,,13.207468354430379,2.368997436523338,21.049402088461804,42.43062699071719,-0.19241956664833765,13.363910647803422,0.2212428130169085,38807.0,,,,144.15939856009777,0,0,1
2023,1,California,120,Oregano,13.20409090909091,2.4277962365802424,10.15,9.39,28322.0,321.84090909090907,33828.0,9.166818181818181,88,,,,,,No Match,1,4,4,1,0,4,,,,,,13.139166666666666,0.4941275506379941,18.386697375044005,44.042247235582906,-1.3282550215392153,13.171628787878788,0.045908372081582105,32566.666666666668,,,,135.36080672811994,0,0,1
2023,10,Michigan,120,Oregano,13.957922077922078,2.7391452458858008,10.1,9.79,28249.0,366.87012987012986,33225.0,9.686363636363637,77,,,,,,No Match,1,4,4,1,0,4,,,,,,13.208045977011496,5.6774189173458005,19.62430532706899,44.098679359120446,1.379082823961769,13.582984027466786,0.5302424760036001,35472.666666666664,,,,143.0526320535182,0,0,1
2023,11,New Jersey,120,Oregano,13.708160919540228,3.1075962926335596,10.44,9.86,35588.0,409.0574712643678,42338.0,9.328505747126435,87,,,,,,No Match,1,4,4,1,0,4,,,,,,13.850833333333336,-1.0300637539963236,22.669680571110398,46.94916089602997,0.48208112864610486,13.779497126436782,0.1008846312813594,38987.666666666664,,,,143.6586734988439,0,0,1
2023,12,Virginia,120,Oregano,13.936231884057973,3.139467031130713,10.05,9.89,33571.0,486.536231884058,39893.0,9.418260869565216,69,,,,,,No Match,1,4,4,1,0,4,,,,,,13.487763157894737,3.3250044571010715,22.52737366347953,47.97033207152313,1.30118383921218,13.711997520976354,0.31711527742011725,33294.666666666664,,,,145.23571122983964,0,0,1
2023,13,Washington,120,Oregano,13.71561797752809,2.7661032465514053,10.28,9.98,41240.0,463.3707865168539,47666.0,9.372134831460675,89,,,,,,No Match,1,4,4,1,0,4,,,,,,13.46598130841121,1.853831988916769,20.167543679646354,46.34465064978659,0.5088626894801278,13.59079964296965,0.17651978156536813,38669.0,,,,145.75845333638946,0,0,1
2023,14,Arizona,120,Oregano,13.420843373493977,2.8354679593216527,10.02,9.71,36640.0,441.4457831325301,44132.0,9.289638554216866,83,,,,,,No Match,1,4,4,1,0,4,,,,,,13.742804878048771,-2.3427641403034096,21.127345580395282,44.47110396347792,-0.5498020014897677,13.581824125771373,0.22766116315171858,42659.0,,,,141.03861109671536,0,0,1
2023,15,Massachusetts,120,Oregano,13.72084507042254,3.0209722874214204,10.34,9.83,26358.0,371.23943661971833,30831.0,9.229014084507043,71,,,,,,No Match,1,4,4,1,0,4,,,,,,13.671566265060239,0.36044740161366895,22.01739231013989,48.67075664621681,0.5276354691159627,13.696205667741388,0.034845377440454725,32534.666666666668,,,,139.67223495769994,0,0,1
2023,2,Texas,120,Oregano,13.425897435897433,2.9340099044165004,10.32,9.88,32532.0,417.0769230769231,38465.0,9.108589743589745,78,,,,,,No Match,1,4,4,1,0,4,,,,,,14.017037037037035,-4.217293566234017,21.85336152331765,47.39820119076099,-0.5316506501207121,13.721467236467234,0.4179988205937237,33119.333333333336,,,,139.49521181034441,0,0,1
2023,3,Florida,120,Oregano,13.355641025641026,2.675307284083282,10.19,9.82,26899.0,344.85897435897436,31702.0,9.275897435897436,78,,,,,,No Match,1,4,4,1,0,4,,,,,,13.946818181818182,-4.238795892154433,20.031290740347494,43.98219814241486,-0.7839721860836469,13.651229603729604,0.4180253760154461,28352.666666666668,,,,136.2259566940725,0,0,1
2023,4,New York,120,Oregano,13.260476190476192,2.615500553241117,10.04,9.79,40820.0,485.95238095238096,47095.0,9.301547619047618,84,,,,,,No Match,1,4,4,1,0,4,,,,,,13.325795454545458,-0.4901715945743864,19.72403189502045,42.56204164693539,-1.1257507838061307,13.293135822510825,0.0461876945654932,40176.666666666664,,,,140.78583833436699,0,0,1
2023,5,Illinois,120,Oregano,13.985063291139237,2.7591976134923444,10.53,9.85,37719.0,477.45569620253167,43676.0,9.277088607594935,79,,,,,,No Match,1,4,4,1,0,4,,,,,,13.546027397260275,3.241067517460941,19.729604050062026,50.748406991499394,1.476558806322065,13.765545344199756,0.3104452577461118,39045.666666666664,,,,147.3738380870032,0,0,1
2023,6,Pennsylvania,120,Oregano,13.607701149425287,2.667304493020442,10.1,9.8,33794.0,388.4367816091954,39670.0,9.41344827586207,87,,,,,,No Match,1,4,4,1,0,4,,,,,,13.925731707317068,-2.283761920565198,19.601433509826116,44.55596664102468,0.12128610075647984,13.766716428371177,0.22488156410981924,39150.666666666664,,,,141.9020348358436,0,0,1
2023,7,Ohio,120,Oregano,13.636875000000007,2.68633984378915,10.17,9.7,30350.0,379.375,35892.0,9.27325,80,,,,,,No Match,1,4,4,1,0,4,,,,,,13.528470588235296,0.8013057430082497,19.69908680536522,47.05604831100214,0.22606217400162842,13.582672794117652,0.07665349466936616,35036.333333333336,,,,140.7405240927537,0,0,1
2023,8,Georgia,120,Oregano,13.45168674698795,2.68626988604568,10.14,9.94,32516.0,391.7590361445783,38858.0,9.209156626506024,83,,,,,,No Match,1,4,4,1,0,4,,,,,,13.086575342465753,2.789969071109189,19.969762428843204,46.06860641582497,-0.43902994032303727,13.269131044726851,0.25817275002618945,35026.0,,,,139.756545737821,0,0,1
2023,9,North Carolina,120,Oregano,13.878235294117648,2.8647904338174333,10.04,9.87,35772.0,420.84705882352944,41780.0,9.419529411764707,85,,,,,,No Match,1,4,4,1,0,4,,,,,,13.520352941176466,2.646989723554074,20.64232500101571,47.33469887342942,1.0928926868326603,13.699294117647057,0.2530610386317072,39268.666666666664,,,,145.51258507621347,0,0,1
2019,1,California,121,Tarragon,13.946052631578945,2.685688529445099,10.2,9.78,31292.0,411.7368421052632,37681.0,9.641973684210527,76,,,,,,No Match,1,4,0,0,0,0,,,,,,,,19.257696786284324,44.63898251886623,0.2158945863611641,13.946052631578945,,31292.0,,,,144.35767864386565,0,0,1
2019,10,Michigan,121,Tarragon,14.002345679012342,3.0678845609006133,10.11,9.89,44680.0,551.604938271605,53633.0,9.634938271604936,81,,,,,,No Match,1,4,0,0,0,0,,,,,,,,21.909790196787995,45.328857168484035,0.40861111923188365,14.002345679012342,,44680.0,,,,149.92736677777296,0,0,1
2019,11,New Jersey,121,Tarragon,13.855696202531647,2.9283817547231865,10.04,9.71,38519.0,487.5822784810127,46174.0,9.512025316455691,79,,,,,,No Match,1,4,0,0,0,0,,,,,,,,21.134858269973662,45.66504757468902,-0.0934362905855367,13.855696202531647,,38519.0,,,,146.30136601300435,0,0,1
2019,12,Virginia,121,Tarragon,13.805263157894737,2.6106956792825473,10.19,9.81,48110.0,633.0263157894736,55844.0,9.42381578947368,76,,,,,,No Match,1,4,0,0,0,0,,,,,,,,18.9108722479483,46.49334692338846,-0.2660913865108177,13.805263157894737,,48110.0,,,,148.83821596433714,0,0,1
2019,13,Washington,121,Tarragon,13.900119047619047,2.9373004137467236,10.56,9.71,36073.0,429.4404761904762,42584.0,9.617023809523808,84,,,,,,No Match,1,4,0,0,0,0,,,,,,,,21.131476670696962,44.536598046618735,0.058643177054333126,13.900119047619047,,36073.0,,,,145.8585037245732,0,0,1
2019,14,Arizona,121,Tarragon,13.856893203883493,3.0345303700760926,10.03,9.82,59877.0,581.3300970873786,71419.0,9.69281553398058,103,,,,,,No Match,1,4,0,0,0,0,,,,,,,,21.899067312041083,42.96045514644017,-0.08933841418894836,13.856893203883493,,59877.0,,,,152.42671815101562,0,0,1
2019,15,Massachusetts,121,Tarragon,13.628148148148158,2.7217903625697883,10.09,9.78,39473.0,487.320987654321,46928.0,9.44888888888889,81,,,,,,No Match,1,4,0,0,0,0,,,,,,,,19.971828402376406,44.230166196299876,-0.8724360801092486,13.628148148148158,,39473.0,,,,144.2321091267897,0,0,1
2019,2,Texas,121,Tarragon,13.886999999999995,3.3203916956675807,10.28,9.52,44121.0,551.5125,53691.0,9.582375000000004,80,,,,,,No Match,1,4,0,0,0,0,,,,,,,,23.910071978595678,44.922318318788285,0.013730750263070598,13.886999999999995,,44121.0,,,,148.51749058581197,0,0,1
2019,3,Florida,121,Tarragon,14.248133333333339,3.123564618817406,10.2,9.84,36732.0,489.76,43118.0,9.912666666666668,75,,,,,,No Match,1,4,0,0,0,0,,,,,,,,21.922623446468346,43.73663326383755,1.25005329944451,14.248133333333339,,36732.0,,,,149.76826774176968,0,0,1
2019,4,New York,121,Tarragon,13.946075949367087,2.993971471748673,10.33,9.98,52282.0,661.7974683544304,59036.0,9.528734177215195,79,,,,,,No Match,1,4,0,0,0,0,,,,,,,,21.46819996261779,46.35811735324192,0.2159744136842471,13.946075949367087,,52282.0,,,,151.51611780442525,0,0,1
2019,5,Illinois,121,Tarragon,13.986538461538458,2.426429061812439,10.33,9.96,46809.0,600.1153846153846,54297.0,9.802564102564105,78,,,,,,No Match,1,4,0,0,0,0,,,,,,,,17.348317230062815,42.682448339000715,0.35449587259322046,13.986538461538458,,46809.0,,,,150.40916648600208,0,0,1
2019,6,Pennsylvania,121,Tarragon,14.069886363636355,2.762217372786681,10.23,9.8,44967.0,510.9886363636364,53257.0,9.81806818181818,88,,,,,,No Match,1,4,0,0,0,0,,,,,,,,19.632122828835605,43.306056783064555,0.6398333955503748,14.069886363636355,,44967.0,,,,150.7406316472375,0,0,1
2019,7,Ohio,121,Tarragon,14.391818181818179,2.964617986960958,10.32,9.95,32939.0,427.7792207792208,37774.0,9.744545454545456,77,,,,,,No Match,1,4,0,0,0,0,,,,,,,,20.59932907369752,47.691015952980635,1.7419514483023313,14.391818181818179,,32939.0,,,,149.7100683564322,0,0,1
2019,8,Georgia,121,Tarragon,13.59277777777778,2.742585111920839,10.13,9.94,47400.0,526.6666666666666,53934.0,9.550555555555553,90,,,,,,No Match,1,4,0,0,0,0,,,,,,,,20.176781793671104,42.324472107498174,-0.9935248371568666,13.59277777777778,,47400.0,,,,146.34526369804104,0,0,1
2019,9,North Carolina,121,Tarragon,13.29545454545455,2.93756326773282,10.05,9.96,46922.0,533.2045454545455,55726.0,9.232045454545455,88,,,,,,No Match,1,4,0,0,0,0,,,,,,,,22.09449295388787,44.01417985770911,-2.0113965830956975,13.29545454545455,,46922.0,,,,143.00940897761996,0,0,1
2020,1,California,121,Tarragon,13.290000000000001,2.7996170133942866,10.12,9.96,38317.0,456.1547619047619,45388.0,9.302142857142858,84,,,,,,No Match,1,1,1,0,0,1,,,,,,13.946052631578945,-4.704217378997999,21.065590770461146,42.870306381018196,-2.0300699563862485,13.618026315789473,0.46389926460475145,34804.5,,,,140.2583412637374,0,0,1
2020,10,Michigan,121,Tarragon,13.671944444444442,2.725090327428571,10.15,9.87,34657.0,481.34722222222223,41226.0,9.425138888888888,72,,,,,,No Match,1,1,1,0,0,1,,,,,,14.002345679012342,-2.359613468642808,19.93198801020512,45.05828089771738,-0.7225015720372739,13.837145061728393,0.23362895347536888,39668.5,,,,142.91671617132087,0,0,1
2020,11,New Jersey,121,Tarragon,13.878928571428574,2.765220755412087,10.26,9.44,39713.0,472.7738095238095,47379.0,9.529404761904763,84,,,,,,No Match,1,1,1,0,0,1,,,,,,13.855696202531647,0.16767377515597132,19.923877705550144,45.64318462903046,-0.013901396165640076,13.86731238698011,0.016427765590044774,39116.0,,,,146.97034575595464,0,0,1
2020,12,Virginia,121,Tarragon,13.91421686746988,2.9119196251982054,10.42,9.86,45567.0,549.0,53933.0,9.504578313253013,83,,,,,,No Match,1,1,1,0,0,1,,,,,,13.805263157894737,0.7892186358855204,20.92765732296438,46.39488895649528,0.10690638337485144,13.859740012682309,0.07704190687601341,46838.5,,,,149.25726161014316,0,0,1
2020,13,Washington,121,Tarragon,14.130370370370366,3.0351991056784255,10.23,9.75,36603.0,451.8888888888889,42969.0,9.697530864197532,81,,,,,,No Match,1,1,1,0,0,1,,,,,,13.900119047619047,1.6564701493744376,21.479968508418303,45.71101209420746,0.8468974754564983,14.015244708994707,0.16281227169463067,36338.0,,,,148.480699726445,0,0,1
2020,14,Arizona,121,Tarragon,13.522191780821917,2.762161616568194,10.11,9.83,48597.0,665.7123287671233,56877.0,9.622465753424658,73,,,,,,No Match,1,1,1,0,0,1,,,,,,13.856893203883493,-2.415414610886757,20.42687798945196,40.527304823187734,-1.2351725933678233,13.689542492352704,0.23666964591962783,54237.0,,,,145.92253736656338,0,0,1
2020,15,Massachusetts,121,Tarragon,13.932328767123286,2.6612891198251734,10.22,9.79,28993.0,397.16438356164383,34431.0,9.583835616438357,73,,,,,,No Match,1,1,1,0,0,1,,,,,,13.628148148148158,2.232002585152854,19.101538330800313,45.37320259569477,0.1689115983001307,13.780238457635722,0.21508817838283423,34233.0,,,,143.15250730012994,0,0,1
2020,2,Texas,121,Tarragon,13.700449438202249,2.87204983422213,10.43,9.87,41760.0,469.2134831460674,49212.0,9.50685393258427,89,,,,,,No Match,1,1,1,0,0,1,,,,,,13.886999999999995,-1.343346740100429,20.963179691125493,44.11128576662609,-0.6249161007052134,13.793724719101121,0.1319111672813467,42940.5,,,,145.76892080603665,0,0,1
2020,3,Florida,121,Tarragon,13.703333333333331,2.710416455886638,10.59,9.84,42529.0,488.8390804597701,50550.0,9.494597701149425,87,,,,,,No Match,1,1,1,0,0,1,,,,,,14.248133333333339,-3.8236587716754054,19.779249252395807,44.32768785637323,-0.6150432248144102,13.975733333333334,0.3852317743904364,39630.5,,,,146.04964688895402,0,0,1
2020,4,New York,121,Tarragon,14.035061728395059,2.57105237376487,10.39,9.96,46207.0,570.4567901234568,53973.0,9.501234567901234,81,,,,,,No Match,1,1,1,0,0,1,,,,,,13.946075949367087,0.6380703744267966,18.318782086745234,47.7182952182952,0.520612936396326,13.990568838881073,0.06292244777984667,49244.5,,,,150.74930991833983,0,0,1
2020,5,Illinois,121,Tarragon,14.08735294117647,3.074492287304399,10.08,9.93,51156.0,501.52941176470586,61793.0,9.54941176470588,102,,,,,,No Match,1,1,1,0,0,1,,,,,,13.986538461538458,0.7207964995430447,21.824485410015154,47.5206357028459,0.6996293813447312,14.036945701357464,0.07128660219383057,48982.5,,,,152.744302372487,0,0,1
2020,6,Pennsylvania,121,Tarragon,13.545750000000002,2.9010695430600912,10.23,9.86,47206.0,590.075,55520.0,9.464250000000002,80,,,,,,No Match,1,1,1,0,0,1,,,,,,14.069886363636355,-3.725235229980142,21.41682478312453,43.125445756399074,-1.1545221662261647,13.807818181818178,0.37062037699372363,46086.5,,,,145.78339089549485,0,0,1
2020,7,Ohio,121,Tarragon,13.9625,3.2596443110380555,10.15,9.98,49796.0,565.8636363636364,58373.0,9.48443181818182,88,,,,,,No Match,1,1,1,0,0,1,,,,,,14.391818181818179,-2.983071189438422,23.345706793468615,47.21493356337537,0.2722013588929463,14.17715909090909,0.3035737976503132,41367.5,,,,151.01435115752182,0,0,1
2020,8,Georgia,121,Tarragon,13.515789473684213,3.0190268909734894,10.17,9.97,33949.0,446.69736842105266,39722.0,9.468421052631578,76,,,,,,No Match,1,1,1,0,0,1,,,,,,13.59277777777778,-0.5663912509437997,22.337036965925343,42.74596998332411,-1.2570905830700412,13.554283625730996,0.054438951896612825,40674.5,,,,141.00542175531695,0,0,1
2020,9,North Carolina,121,Tarragon,14.167959183673469,2.861669168738158,10.28,9.95,55952.0,570.9387755102041,65422.0,9.582040816326531,98,,,,,,No Match,1,1,1,0,0,1,,,,,,13.29545454545455,6.5624280481422925,20.198174851010435,47.85951610155051,0.9755809648886443,13.73170686456401,0.6169539463013128,51437.0,,,,154.8879173391944,0,0,1
2021,1,California,121,Tarragon,13.167250000000001,2.686473842951157,10.07,9.88,40770.0,509.625,47861.0,9.404999999999998,80,,,,,,No Match,1,2,2,0,0,2,,,,,,13.290000000000001,-0.9236267870579375,20.402694890361747,40.00265816055295,-2.450298661145388,13.228625000000001,0.08679735739064864,36793.0,,,,139.7799224311513,0,0,1
2021,10,Michigan,121,Tarragon,14.460224719101129,2.8982788691692405,10.09,9.95,51077.0,573.8988764044943,60105.0,9.660786516853932,89,,,,,,No Match,1,2,2,0,0,2,,,,,,13.671944444444442,5.765677865791815,20.043110846962012,49.67958037240792,1.9761379294385588,14.066084581772785,0.5573983276853376,43471.333333333336,,,,156.76487458722573,0,0,1
2021,11,New Jersey,121,Tarragon,13.619655172413793,3.123882664724641,10.41,9.84,45410.0,521.9540229885057,52706.0,9.661264367816093,87,,,,,,No Match,1,2,2,0,0,2,,,,,,13.878928571428574,-1.8681081733393008,22.936576772163605,40.971767813165485,-0.9015113729190484,13.749291871921184,0.1833339786246369,41214.0,,,,146.05050360881907,0,0,1
2021,12,Virginia,121,Tarragon,13.88263888888889,3.055677695311022,10.49,9.95,44875.0,623.2638888888889,51334.0,9.624305555555557,72,,,,,,No Match,1,2,2,0,0,2,,,,,,13.91421686746988,-0.22694758089344713,22.010784259155976,44.24561656685185,-0.0011993032891131174,13.898427878179385,0.022329002790782197,46184.0,,,,148.70608560250704,0,0,1
2021,13,Washington,121,Tarragon,13.646874999999998,2.8452134327406973,10.02,9.69,38328.0,479.1,45642.0,9.45925,80,,,,,,No Match,1,2,2,0,0,2,,,,,,14.130370370370366,-3.4216751415390956,20.848827535539805,44.27015883923141,-0.8083256059918155,13.888622685185183,0.341882855061189,37001.333333333336,,,,144.02860110777945,0,0,1
2021,14,Arizona,121,Tarragon,13.873428571428567,2.517714563896947,10.4,9.77,39040.0,557.7142857142857,46961.0,9.586285714285712,70,,,,,,No Match,1,2,2,0,0,2,,,,,,13.522191780821917,2.5974841675060265,18.14774589377292,44.721626132570336,-0.03273038090028849,13.697810176125241,0.248361916440162,49171.333333333336,,,,146.67498749187322,0,0,1
2021,15,Massachusetts,121,Tarragon,13.42136363636364,2.5201569837156037,10.15,9.95,40905.0,464.82954545454544,47258.0,9.344204545454545,88,,,,,,No Match,1,2,2,0,0,2,,,,,,13.932328767123286,-3.6674782751709953,18.777205148421196,43.63302484524929,-1.5803528829724578,13.676846201743462,0.36130690891001627,36457.0,,,,142.52189034804496,0,0,1
2021,2,Texas,121,Tarragon,14.70449275362319,3.071939670934064,10.27,9.91,28348.0,410.84057971014494,33834.0,9.803333333333333,69,,,,,,No Match,1,2,2,0,0,2,,,,,,13.700449438202249,7.32854290620039,20.891163825947938,49.99482577650314,2.8123777645608947,14.20247109591272,0.7099658369391718,38076.333333333336,,,,150.75556268621648,0,0,1
2021,3,Florida,121,Tarragon,13.709210526315784,2.546284489556182,10.51,9.87,33858.0,445.5,39924.0,9.501447368421054,76,,,,,,No Match,1,2,2,0,0,2,,,,,,13.703333333333331,0.042888783622863344,18.573531164820988,44.28549666948241,-0.5949229380964,13.706271929824558,0.004155803012234533,37706.333333333336,,,,142.9865190919078,0,0,1
2021,4,New York,121,Tarragon,13.800116279069767,2.874968028133652,10.17,9.87,45127.0,524.7325581395348,52572.0,9.57581395348837,86,,,,,,No Match,1,2,2,0,0,2,,,,,,14.035061728395059,-1.6739894264231208,20.832926114499713,44.114289877598644,-0.2837114779337862,13.917589003732413,0.1661315204268339,47872.0,,,,147.8994090136045,0,0,1
2021,5,Illinois,121,Tarragon,13.872083333333338,3.0163567883537725,10.35,9.88,35484.0,492.8333333333333,41847.0,9.356527777777776,72,,,,,,No Match,1,2,2,0,0,2,,,,,,14.08735294117647,-1.528105448497082,21.744079211993668,48.26101800584863,-0.0373357386383816,13.979718137254903,0.1522185994892471,44483.0,,,,145.33594922061704,0,0,1
2021,6,Pennsylvania,121,Tarragon,13.82820512820513,3.009181509974658,10.12,9.95,44033.0,564.525641025641,52279.0,9.538205128205128,78,,,,,,No Match,1,2,2,0,0,2,,,,,,13.545750000000002,2.0851937191010377,21.761186517524873,44.97701551116968,-0.18755065764597703,13.686977564102566,0.19972593653476228,45402.0,,,,147.86108877995497,0,0,1
2021,7,Ohio,121,Tarragon,14.538953488372089,3.2182154459629877,10.13,9.87,44779.0,520.6860465116279,53184.0,9.793023255813958,86,,,,,,No Match,1,2,2,0,0,2,,,,,,13.9625,4.12858362307673,22.135124433384014,48.462360484445384,2.2456620739437856,14.250726744186045,0.4076141706665444,42504.666666666664,,,,155.70516794886606,0,0,1
2021,8,Georgia,121,Tarragon,13.898571428571431,2.9575629591755255,10.11,9.85,42534.0,506.35714285714283,50622.0,9.620952380952385,84,,,,,,No Match,1,2,2,0,0,2,,,,,,13.515789473684213,2.8321094793057386,21.279618372112935,44.46149277370814,0.05334497788659402,13.707180451127822,0.27066771601659484,41294.333333333336,,,,148.13212154899108,0,0,1
2021,9,North Carolina,121,Tarragon,14.540128205128207,2.7478877335759178,10.22,9.63,48214.0,618.1282051282051,56466.0,9.837051282051284,78,,,,,,No Match,1,2,2,0,0,2,,,,,,14.167959183673469,2.6268357822741972,18.89864858692756,47.809824186422325,2.249683660101687,14.354043694400838,0.2631632388182069,50362.666666666664,,,,156.7923886053358,0,0,1
2022,1,California,121,Tarragon,13.767023809523813,3.106525110873324,10.0,9.87,32142.0,382.64285714285717,37171.0,9.804523809523808,84,,,,,,No Match,1,3,3,1,0,3,,,,,,13.167250000000001,4.555042317293378,22.56497231249268,40.41501736321918,-0.3970019513722997,13.467136904761908,0.4241041278923764,37076.333333333336,,,,142.87348442142863,0,0,1
2022,10,Michigan,121,Tarragon,13.903820224719102,2.9755471252504666,10.11,9.94,34161.0,383.8314606741573,40259.0,9.388202247191014,89,,,,,,No Match,1,3,3,1,0,3,,,,,,14.460224719101129,-3.8478274383042534,21.40093209749899,48.09885704027283,0.07131397834834786,14.182022471910116,0.3934373910602039,39965.0,,,,145.14016062548743,0,0,1
2022,11,New Jersey,121,Tarragon,14.05091954022988,2.7961225778200665,10.02,9.44,44133.0,507.2758620689655,51576.0,9.522183908045974,87,,,,,,No Match,1,3,3,1,0,3,,,,,,13.619655172413793,3.1664852182865877,19.899925907442213,47.559842110981,0.5749013903894945,13.835287356321837,0.30494995896688487,43085.333333333336,,,,150.27438410881996,0,0,1
2022,12,Virginia,121,Tarragon,13.72685393258427,2.7220866809997815,10.04,9.95,34202.0,384.29213483146066,40617.0,9.445842696629214,89,,,,,,No Match,1,3,3,1,0,3,,,,,,13.88263888888889,-1.1221566558884142,19.830375513344674,45.321644383118425,-0.5345215876789271,13.80474641073658,0.11015659900984685,41548.0,,,,143.30929724686854,0,0,1
2022,13,Washington,121,Tarragon,13.70217948717949,2.684450001680384,10.14,9.95,28219.0,361.78205128205127,32249.0,9.749743589743595,78,,,,,,No Match,1,3,3,1,0,3,,,,,,13.646874999999998,0.40525385613550924,19.59140882800508,40.53887018725012,-0.6189933614720053,13.674527243589743,0.039106177914663816,34383.333333333336,,,,140.41700620676968,0,0,1
2022,14,Arizona,121,Tarragon,13.9419801980198,3.023992731407263,10.09,9.94,46532.0,460.71287128712873,55363.0,9.660693069306934,101,,,,,,No Match,1,3,3,1,0,3,,,,,,13.873428571428567,0.4941217395418104,21.689836654887554,44.316562983612215,0.2019528064851795,13.907704384724184,0.04847332002402917,44723.0,,,,149.8472462250571,0,0,1
2022,15,Massachusetts,121,Tarragon,14.018309859154927,2.977805513132828,10.09,9.85,26839.0,378.01408450704224,32109.0,9.747605633802813,71,,,,,,No Match,1,3,3,1,0,3,,,,,,13.42136363636364,4.447731534327329,21.242257754690126,43.812854005317334,0.4632637199965299,13.719836747759285,0.42210472213941447,32245.666666666668,,,,142.95379778461287,0,0,1
2022,2,Texas,121,Tarragon,14.006000000000002,2.9944190946301608,10.07,9.91,40974.0,482.0470588235294,47395.0,9.678823529411764,85,,,,,,No Match,1,3,3,1,0,3,,,,,,14.70449275362319,-4.750199584076642,21.3795451565769,44.70766986750945,0.4211215108849892,14.355246376811596,0.4939089626966211,37027.333333333336,,,,148.7537679549901,0,0,1
2022,3,Florida,121,Tarragon,13.387974683544305,2.7666055197506854,10.22,9.91,34848.0,441.11392405063293,41262.0,9.649873417721517,79,,,,,,No Match,1,3,3,1,0,3,,,,,,13.709210526315784,-2.3432118294109237,20.664854730799803,38.73730881234099,-1.6946583525979826,13.548592604930045,0.22714804278388837,37078.333333333336,,,,140.02187813050006,0,0,1
2022,4,New York,121,Tarragon,13.967802197802195,2.9834814868977793,10.12,9.92,42418.0,466.13186813186815,49192.0,9.640439560439564,91,,,,,,No Match,1,3,3,1,0,3,,,,,,13.800116279069767,1.2151051146340839,21.359706019943665,44.8876071493707,0.29035317734339816,13.883959238435981,0.11857185024519584,44584.0,,,,148.8318442518627,0,0,1
2022,5,Illinois,121,Tarragon,13.666710526315782,2.6535115793518567,10.08,9.77,36969.0,486.4342105263158,43606.0,9.503289473684212,76,,,,,,No Match,1,3,3,1,0,3,,,,,,13.872083333333338,-1.480475585985442,19.41587607524442,43.81031498788497,-0.740419638318513,13.769396929824559,0.14522050451342972,41203.0,,,,143.7445760194583,0,0,1
2022,6,Pennsylvania,121,Tarragon,13.849999999999998,2.3222342248084695,10.09,9.63,29030.0,367.46835443037975,34167.0,9.782405063291138,79,,,,,,No Match,1,3,3,1,0,3,,,,,,13.82820512820513,0.157611718894831,16.76703411414058,41.58072488710031,-0.1129369652244,13.839102564102564,0.01541130164124207,40089.666666666664,,,,142.32425512415435,0,0,1
2022,7,Ohio,121,Tarragon,13.682666666666663,2.7350647754381794,10.6,9.85,38380.0,426.44444444444446,44017.0,9.415444444444447,90,,,,,,No Match,1,3,3,1,0,3,,,,,,14.538953488372089,-5.889604244144974,19.989267019865867,45.32151665702916,-0.68579456139301,14.110810077519375,0.6054862182685831,44318.333333333336,,,,144.4248953528026,0,0,1
2022,8,Georgia,121,Tarragon,14.08860465116279,2.580227606371964,10.11,9.91,35627.0,414.2674418604651,41274.0,9.615813953488372,86,,,,,,No Match,1,3,3,1,0,3,,,,,,13.898571428571431,1.367286008982946,18.314287825224817,46.51494630937408,0.7039145501128409,13.99358803986711,0.1343737803450821,37370.0,,,,147.66107509127212,0,0,1
2022,9,North Carolina,121,Tarragon,13.705970149253732,2.9218876524673028,10.02,9.94,33145.0,494.7014925373134,39153.0,9.647014925373135,67,,,,,,No Match,1,3,3,1,0,3,,,,,,14.540128205128207,-5.736937419714589,21.31835704185008,42.07472731492225,-0.6060162126847307,14.12304917719097,0.5898388178902284,45770.333333333336,,,,142.6610207053261,0,0,1
2023,1,California,121,Tarragon,14.108705882352941,3.008921966512296,10.05,9.64,36252.0,426.49411764705883,42960.0,9.871058823529413,85,,,,,,No Match,1,4,4,1,0,4,,,,,,13.767023809523813,2.4818877163033433,21.326704175439875,42.930015255530115,0.7727301456085763,13.937864845938378,0.2416057107073523,36388.0,,,,148.1171083263445,0,0,1
2023,10,Michigan,121,Tarragon,14.119285714285715,3.234487562785554,10.0,9.95,30500.0,311.2244897959184,36080.0,9.603469387755101,98,,,,,,No Match,1,4,4,1,0,4,,,,,,13.903820224719102,1.5496855258783102,22.908294571253982,47.02275963193575,0.8089496899644107,14.011552969502407,0.1523571087842314,38579.333333333336,,,,145.78889288740118,0,0,1
2023,11,New Jersey,121,Tarragon,13.72450704225352,2.496892233347226,10.05,9.81,28221.0,397.4788732394366,33483.0,9.315915492957744,71,,,,,,No Match,1,4,4,1,0,4,,,,,,14.05091954022988,-2.3230685866629037,18.192946571123215,47.32322392392244,-0.5425560535355654,13.8877132912417,0.23080849078312443,39254.666666666664,,,,140.6467868630884,0,0,1
2023,12,Virginia,121,Tarragon,13.901445783132532,3.1886257964185227,10.19,9.6,39676.0,478.0240963855422,45877.0,9.521927710843373,83,,,,,,No Match,1,4,4,1,0,4,,,,,,13.72685393258427,1.2718999663413268,22.9373681425818,45.99402773560079,0.06318519209620617,13.8141498578584,0.1234550814625846,39584.333333333336,,,,147.19583337012457,0,0,1
2023,13,Washington,121,Tarragon,13.739789473684205,2.8416495729826896,10.38,9.76,36200.0,381.05263157894734,41902.0,9.424315789473683,95,,,,,,No Match,1,4,4,1,0,4,,,,,,13.70217948717949,0.27448178255075484,20.681900391743966,45.79084339502515,-0.4902373866053271,13.720984480431849,0.02659427649781791,34249.0,,,,144.22439951725278,0,0,1
2023,14,Arizona,121,Tarragon,13.924567901234566,2.9466867195982656,10.01,9.69,35266.0,435.38271604938274,41219.0,9.466049382716047,81,,,,,,No Match,1,4,4,1,0,4,,,,,,13.9419801980198,-0.12489113123046831,21.161782114165348,47.10009781545486,0.142342648237188,13.933274049627183,0.01231235313287226,40279.333333333336,,,,145.800014360917,0,0,1
2023,15,Massachusetts,121,Tarragon,13.823647058823527,2.614213824760444,10.03,9.18,34873.0,410.2705882352941,41447.0,9.66658823529412,85,,,,,,No Match,1,4,4,1,0,4,,,,,,14.018309859154927,-1.3886324548909303,18.911173105304446,43.0044057152593,-0.2031549883379011,13.920978458989227,0.1376473861590961,34205.666666666664,,,,144.58839279646398,0,0,1
2023,2,Texas,121,Tarragon,14.759047619047621,3.3783010989280275,10.0,9.8,39079.0,372.18095238095236,46114.0,9.861904761904762,105,,,,,,No Match,1,4,4,1,0,4,,,,,,14.006000000000002,5.376607304352555,22.889695772565197,49.657170449058434,2.999143715156557,14.38252380952381,0.5324850779849553,36133.666666666664,,,,156.05281385439113,0,0,1
2023,3,Florida,121,Tarragon,13.959756097560973,2.862995916656104,10.02,9.73,36672.0,447.219512195122,42935.0,9.598780487804877,82,,,,,,No Match,1,4,4,1,0,4,,,,,,13.387974683544305,4.270858195746867,20.508925060347742,45.43260068606275,0.2628077412315381,13.673865390552638,0.4043105152076186,35126.0,,,,146.71418975085615,0,0,1
2023,4,New York,121,Tarragon,13.812988505747127,2.5278629244843605,10.43,9.87,33981.0,390.58620689655174,40199.0,9.515402298850573,87,,,,,,No Match,1,4,4,1,0,4,,,,,,13.967802197802195,-1.1083611427388902,18.30062280463493,45.16452454580598,-0.23964403073221593,13.89039535177466,0.10946981147266469,40508.666666666664,,,,144.11900696770334,0,0,1
2023,5,Illinois,121,Tarragon,13.874556962025315,2.7059842502755576,10.16,9.76,36208.0,458.32911392405066,42479.0,9.751645569620251,79,,,,,,No Match,1,4,4,1,0,4,,,,,,13.666710526315782,1.5208226976734163,19.503211941699046,42.279134972351315,-0.02886739011467907,13.77063374417055,0.14696962413566417,36220.333333333336,,,,145.64209832903254,0,0,1
2023,6,Pennsylvania,121,Tarragon,13.876142857142856,2.4699054097109174,10.7,9.94,28206.0,402.9428571428571,33778.0,9.458571428571426,70,,,,,,No Match,1,4,4,1,0,4,,,,,,13.849999999999998,0.18875709128417428,17.799653946626197,46.70442531339679,-0.023438154667605727,13.863071428571427,0.018485791565306157,33756.333333333336,,,,142.19335189048192,0,0,1
2023,7,Ohio,121,Tarragon,14.010123456790122,2.8818342656315097,10.21,9.98,35942.0,443.7283950617284,43078.0,9.639382716049385,81,,,,,,No Match,1,4,4,1,0,4,,,,,,13.682666666666663,2.3932234709861127,20.569656466765856,45.34253768618959,0.43523796633136413,13.846395061728392,0.23154691684187845,39700.333333333336,,,,146.96184673001622,0,0,1
2023,8,Georgia,121,Tarragon,13.962073170731706,3.101436838582361,10.14,9.53,34159.0,416.5731707317073,40067.0,9.622073170731706,82,,,,,,No Match,1,4,4,1,0,4,,,,,,14.08860465116279,-0.8981122230627726,22.213297414053194,45.10462478295586,0.2707401294789462,14.025338910947248,0.08947126784639195,37440.0,,,,145.74743808142804,0,0,1
2023,9,North Carolina,121,Tarragon,13.727160493827162,2.861230170122591,10.19,9.76,33029.0,407.7654320987654,40088.0,9.704074074074077,81,,,,,,No Match,1,4,4,1,0,4,,,,,,13.705970149253732,0.15460667389957677,20.843569006199285,41.457705176647174,-0.5334720900493549,13.716565321540447,0.01498383634355195,38129.333333333336,,,,142.83345939866788,0,0,1
